userweb-app  | 
userweb-app  |   .   ____          _            __ _ _
userweb-app  |  /\\ / ___'_ __ _ _(_)_ __  __ _ \ \ \ \
userweb-app  | ( ( )\___ | '_ | '_| | '_ \/ _` | \ \ \ \
userweb-app  |  \\/  ___)| |_)| | | | | || (_| |  ) ) ) )
userweb-app  |   '  |____| .__|_| |_|_| |_\__, | / / / /
userweb-app  |  =========|_|==============|___/=/_/_/_/
userweb-app  | 
userweb-app  |  :: Spring Boot ::                (v4.1.1)
userweb-app  | 
userweb-app  | 2026-09-24T07:36:34.296Z  INFO 1 --- [UserWeb20260907] [           main] c.e.demo.UserWeb20260907Application      : Starting UserWeb20260907Application v0.0.1-SNAPSHOT using Java 21.0.12 with PID 1 (/app/app.jar started by root in /app)
userweb-app  | 2026-09-24T07:36:34.301Z  INFO 1 --- [UserWeb20260907] [           main] c.e.demo.UserWeb20260907Application      : No active profile set, falling back to 1 default profile: "default"
userweb-app  | 2026-09-24T07:36:35.193Z  INFO 1 --- [UserWeb20260907] [           main] .s.d.r.c.RepositoryConfigurationDelegate : Bootstrapping Spring Data JPA repositories in DEFAULT mode.
userweb-app  | 2026-09-24T07:36:35.234Z  INFO 1 --- [UserWeb20260907] [           main] .s.d.r.c.RepositoryConfigurationDelegate : Finished Spring Data repository scanning in 33 ms. Found 2 JPA repository interfaces.
userweb-app  | 2026-09-24T07:36:35.779Z  INFO 1 --- [UserWeb20260907] [           main] o.s.boot.tomcat.TomcatWebServer          : Tomcat initialized with port 8080 (http)
userweb-app  | 2026-09-24T07:36:35.792Z  INFO 1 --- [UserWeb20260907] [           main] o.apache.catalina.core.StandardService   : Starting service [Tomcat]
userweb-app  | 2026-09-24T07:36:35.793Z  INFO 1 --- [UserWeb20260907] [           main] o.apache.catalina.core.StandardEngine    : Starting Servlet engine: [Apache Tomcat/11.0.24]
userweb-app  | 2026-09-24T07:36:35.820Z  INFO 1 --- [UserWeb20260907] [           main] b.w.c.s.WebApplicationContextInitializer : Root WebApplicationContext: initialization completed in 1421 ms
userweb-app  | 2026-09-24T07:36:36.116Z  INFO 1 --- [UserWeb20260907] [           main] org.hibernate.orm.jpa                    : HHH008540: Processing PersistenceUnitInfo [name: default]
userweb-app  | 2026-09-24T07:36:36.165Z  INFO 1 --- [UserWeb20260907] [           main] org.hibernate.orm.core                   : HHH000001: Hibernate ORM core version 7.4.5.Final
userweb-app  | 2026-09-24T07:36:36.709Z  INFO 1 --- [UserWeb20260907] [           main] o.s.o.j.p.SpringPersistenceUnitInfo      : No LoadTimeWeaver setup: ignoring JPA class transformer
userweb-app  | 2026-09-24T07:36:36.737Z  INFO 1 --- [UserWeb20260907] [           main] com.zaxxer.hikari.HikariDataSource       : HikariPool-1 - Starting...
userweb-app  | 2026-09-24T07:36:37.030Z  INFO 1 --- [UserWeb20260907] [           main] com.zaxxer.hikari.pool.HikariPool        : HikariPool-1 - Added connection com.mysql.cj.jdbc.ConnectionImpl@67396475
userweb-app  | 2026-09-24T07:36:37.032Z  INFO 1 --- [UserWeb20260907] [           main] com.zaxxer.hikari.HikariDataSource       : HikariPool-1 - Start completed.
userweb-app  | 2026-09-24T07:36:37.077Z  WARN 1 --- [UserWeb20260907] [           main] org.hibernate.orm.deprecation            : HHH90000025: MySQLDialect does not need to be specified explicitly using 'hibernate.dialect' (remove the property setting and it will be selected by default)
userweb-app  | 2026-09-24T07:36:37.090Z  INFO 1 --- [UserWeb20260907] [           main] org.hibernate.orm.connections.pooling    : HHH10001005: Database info:
userweb-app  | 	Database JDBC URL [jdbc:mysql://mysql-db:3306/company]
userweb-app  | 	Database driver: MySQL Connector/J
userweb-app  | 	Database dialect: MySQLDialect
userweb-app  | 	Database version: 9.7.2
userweb-app  | 	Default catalog/schema: company/undefined
userweb-app  | 	Autocommit mode: undefined/unknown
userweb-app  | 	Isolation level: REPEATABLE_READ [default REPEATABLE_READ]
userweb-app  | 	JDBC fetch size: none
userweb-app  | 	Pool: DataSourceConnectionProvider
userweb-app  | 	Minimum pool size: undefined/unknown
userweb-app  | 	Maximum pool size: undefined/unknown
userweb-app  | 2026-09-24T07:36:37.832Z  INFO 1 --- [UserWeb20260907] [           main] org.hibernate.orm.core                   : HHH000489: No JTA platform available (set 'hibernate.transaction.jta.platform' to enable JTA platform integration)
userweb-app  | 2026-09-24T07:36:37.915Z  WARN 1 --- [UserWeb20260907] [           main] o.h.t.s.i.ExceptionHandlerLoggedImpl     : GenerationTarget encountered exception accepting command : Error executing DDL "alter table usercontent drop foreign key FKctv61sdaeqrkd5nuloye8xmjm" via JDBC [Table 'company.usercontent' doesn't exist]
userweb-app  | 
userweb-app  | org.hibernate.tool.schema.spi.CommandAcceptanceException: Error executing DDL "alter table usercontent drop foreign key FKctv61sdaeqrkd5nuloye8xmjm" via JDBC [Table 'company.usercontent' doesn't exist]
userweb-app  | 	at org.hibernate.tool.schema.internal.exec.GenerationTargetToDatabase.accept(GenerationTargetToDatabase.java:91) ~[hibernate-core-7.4.5.Final.jar!/:7.4.5.Final]
userweb-app  | 	at org.hibernate.tool.schema.internal.Helper.applySqlString(Helper.java:218) ~[hibernate-core-7.4.5.Final.jar!/:7.4.5.Final]
userweb-app  | 	at org.hibernate.tool.schema.internal.Helper.applySqlStrings(Helper.java:204) ~[hibernate-core-7.4.5.Final.jar!/:7.4.5.Final]
userweb-app  | 	at org.hibernate.tool.schema.internal.SchemaDropperImpl.applyConstraintDropping(SchemaDropperImpl.java:473) ~[hibernate-core-7.4.5.Final.jar!/:7.4.5.Final]
userweb-app  | 	at org.hibernate.tool.schema.internal.SchemaDropperImpl.dropConstraintsTablesSequences(SchemaDropperImpl.java:237) ~[hibernate-core-7.4.5.Final.jar!/:7.4.5.Final]
userweb-app  | 	at org.hibernate.tool.schema.internal.SchemaDropperImpl.dropFromMetadata(SchemaDropperImpl.java:210) ~[hibernate-core-7.4.5.Final.jar!/:7.4.5.Final]
userweb-app  | 	at org.hibernate.tool.schema.internal.SchemaDropperImpl.performDrop(SchemaDropperImpl.java:182) ~[hibernate-core-7.4.5.Final.jar!/:7.4.5.Final]
userweb-app  | 	at org.hibernate.tool.schema.internal.SchemaDropperImpl.doDrop(SchemaDropperImpl.java:152) ~[hibernate-core-7.4.5.Final.jar!/:7.4.5.Final]
userweb-app  | 	at org.hibernate.tool.schema.internal.SchemaDropperImpl.doDrop(SchemaDropperImpl.java:112) ~[hibernate-core-7.4.5.Final.jar!/:7.4.5.Final]
userweb-app  | 	at org.hibernate.tool.schema.spi.SchemaManagementToolCoordinator.performDatabaseAction(SchemaManagementToolCoordinator.java:227) ~[hibernate-core-7.4.5.Final.jar!/:7.4.5.Final]
userweb-app  | 	at org.hibernate.tool.schema.spi.SchemaManagementToolCoordinator.lambda$process$1(SchemaManagementToolCoordinator.java:101) ~[hibernate-core-7.4.5.Final.jar!/:7.4.5.Final]
userweb-app  | 	at java.base/java.util.HashMap.forEach(Unknown Source) ~[na:na]
userweb-app  | 	at org.hibernate.tool.schema.spi.SchemaManagementToolCoordinator.process(SchemaManagementToolCoordinator.java:100) ~[hibernate-core-7.4.5.Final.jar!/:7.4.5.Final]
userweb-app  | 	at org.hibernate.boot.internal.SessionFactoryObserverForSchemaExport.sessionFactoryCreated(SessionFactoryObserverForSchemaExport.java:35) ~[hibernate-core-7.4.5.Final.jar!/:7.4.5.Final]
userweb-app  | 	at org.hibernate.internal.SessionFactoryObserverChain.sessionFactoryCreated(SessionFactoryObserverChain.java:33) ~[hibernate-core-7.4.5.Final.jar!/:7.4.5.Final]
userweb-app  | 	at org.hibernate.internal.SessionFactoryImpl.<init>(SessionFactoryImpl.java:327) ~[hibernate-core-7.4.5.Final.jar!/:7.4.5.Final]
userweb-app  | 	at org.hibernate.internal.SessionFactoryRegistry.instantiateSessionFactory(SessionFactoryRegistry.java:64) ~[hibernate-core-7.4.5.Final.jar!/:7.4.5.Final]
userweb-app  | 	at org.hibernate.boot.internal.SessionFactoryBuilderImpl.build(SessionFactoryBuilderImpl.java:458) ~[hibernate-core-7.4.5.Final.jar!/:7.4.5.Final]
userweb-app  | 	at org.hibernate.jpa.boot.internal.EntityManagerFactoryBuilderImpl.build(EntityManagerFactoryBuilderImpl.java:1452) ~[hibernate-core-7.4.5.Final.jar!/:7.4.5.Final]
userweb-app  | 	at org.springframework.orm.jpa.vendor.SpringHibernateJpaPersistenceProvider.createContainerEntityManagerFactory(SpringHibernateJpaPersistenceProvider.java:93) ~[spring-orm-7.0.9.jar!/:7.0.9]
userweb-app  | 	at org.springframework.orm.jpa.LocalContainerEntityManagerFactoryBean.createNativeEntityManagerFactory(LocalContainerEntityManagerFactoryBean.java:443) ~[spring-orm-7.0.9.jar!/:7.0.9]
userweb-app  | 	at org.springframework.orm.jpa.AbstractEntityManagerFactoryBean.buildNativeEntityManagerFactory(AbstractEntityManagerFactoryBean.java:436) ~[spring-orm-7.0.9.jar!/:7.0.9]
userweb-app  | 	at org.springframework.orm.jpa.AbstractEntityManagerFactoryBean.afterPropertiesSet(AbstractEntityManagerFactoryBean.java:411) ~[spring-orm-7.0.9.jar!/:7.0.9]
userweb-app  | 	at org.springframework.orm.jpa.LocalContainerEntityManagerFactoryBean.afterPropertiesSet(LocalContainerEntityManagerFactoryBean.java:419) ~[spring-orm-7.0.9.jar!/:7.0.9]
userweb-app  | 	at org.springframework.beans.factory.support.AbstractAutowireCapableBeanFactory.invokeInitMethods(AbstractAutowireCapableBeanFactory.java:1862) ~[spring-beans-7.0.9.jar!/:7.0.9]
userweb-app  | 	at org.springframework.beans.factory.support.AbstractAutowireCapableBeanFactory.initializeBean(AbstractAutowireCapableBeanFactory.java:1811) ~[spring-beans-7.0.9.jar!/:7.0.9]
userweb-app  | 	at org.springframework.beans.factory.support.AbstractAutowireCapableBeanFactory.doCreateBean(AbstractAutowireCapableBeanFactory.java:603) ~[spring-beans-7.0.9.jar!/:7.0.9]
userweb-app  | 	at org.springframework.beans.factory.support.AbstractAutowireCapableBeanFactory.createBean(AbstractAutowireCapableBeanFactory.java:525) ~[spring-beans-7.0.9.jar!/:7.0.9]
userweb-app  | 	at org.springframework.beans.factory.support.AbstractBeanFactory.lambda$doGetBean$0(AbstractBeanFactory.java:333) ~[spring-beans-7.0.9.jar!/:7.0.9]
userweb-app  | 	at org.springframework.beans.factory.support.DefaultSingletonBeanRegistry.getSingleton(DefaultSingletonBeanRegistry.java:371) ~[spring-beans-7.0.9.jar!/:7.0.9]
userweb-app  | 	at org.springframework.beans.factory.support.AbstractBeanFactory.doGetBean(AbstractBeanFactory.java:331) ~[spring-beans-7.0.9.jar!/:7.0.9]
userweb-app  | 	at org.springframework.beans.factory.support.AbstractBeanFactory.getBean(AbstractBeanFactory.java:201) ~[spring-beans-7.0.9.jar!/:7.0.9]
userweb-app  | 	at org.springframework.context.support.AbstractApplicationContext.finishBeanFactoryInitialization(AbstractApplicationContext.java:977) ~[spring-context-7.0.9.jar!/:7.0.9]
userweb-app  | 	at org.springframework.context.support.AbstractApplicationContext.refresh(AbstractApplicationContext.java:621) ~[spring-context-7.0.9.jar!/:7.0.9]
userweb-app  | 	at org.springframework.boot.web.server.servlet.context.ServletWebServerApplicationContext.refresh(ServletWebServerApplicationContext.java:143) ~[spring-boot-web-server-4.1.1.jar!/:4.1.1]
userweb-app  | 	at org.springframework.boot.SpringApplication.refresh(SpringApplication.java:756) ~[spring-boot-4.1.1.jar!/:4.1.1]
userweb-app  | 	at org.springframework.boot.SpringApplication.refreshContext(SpringApplication.java:445) ~[spring-boot-4.1.1.jar!/:4.1.1]
userweb-app  | 	at org.springframework.boot.SpringApplication.run(SpringApplication.java:321) ~[spring-boot-4.1.1.jar!/:4.1.1]
userweb-app  | 	at org.springframework.boot.SpringApplication.run(SpringApplication.java:1365) ~[spring-boot-4.1.1.jar!/:4.1.1]
userweb-app  | 	at org.springframework.boot.SpringApplication.run(SpringApplication.java:1354) ~[spring-boot-4.1.1.jar!/:4.1.1]
userweb-app  | 	at com.example.demo.UserWeb20260907Application.main(UserWeb20260907Application.java:11) ~[!/:0.0.1-SNAPSHOT]
userweb-app  | 	at java.base/jdk.internal.reflect.DirectMethodHandleAccessor.invoke(Unknown Source) ~[na:na]
userweb-app  | 	at java.base/java.lang.reflect.Method.invoke(Unknown Source) ~[na:na]
userweb-app  | 	at org.springframework.boot.loader.launch.Launcher.launch(Launcher.java:106) ~[app.jar:0.0.1-SNAPSHOT]
userweb-app  | 	at org.springframework.boot.loader.launch.Launcher.launch(Launcher.java:64) ~[app.jar:0.0.1-SNAPSHOT]
userweb-app  | 	at org.springframework.boot.loader.launch.JarLauncher.main(JarLauncher.java:40) ~[app.jar:0.0.1-SNAPSHOT]
userweb-app  | Caused by: java.sql.SQLSyntaxErrorException: Table 'company.usercontent' doesn't exist
userweb-app  | 	at com.mysql.cj.jdbc.exceptions.SQLError.createSQLException(SQLError.java:112) ~[mysql-connector-j-9.7.0.jar!/:9.7.0]
userweb-app  | 	at com.mysql.cj.jdbc.exceptions.SQLExceptionsMapping.translateException(SQLExceptionsMapping.java:114) ~[mysql-connector-j-9.7.0.jar!/:9.7.0]
userweb-app  | 	at com.mysql.cj.jdbc.StatementImpl.executeInternal(StatementImpl.java:839) ~[mysql-connector-j-9.7.0.jar!/:9.7.0]
userweb-app  | 	at com.mysql.cj.jdbc.StatementImpl.execute(StatementImpl.java:687) ~[mysql-connector-j-9.7.0.jar!/:9.7.0]
userweb-app  | 	at com.zaxxer.hikari.pool.ProxyStatement.execute(ProxyStatement.java:95) ~[HikariCP-7.0.2.jar!/:na]
userweb-app  | 	at com.zaxxer.hikari.pool.HikariProxyStatement.execute(HikariProxyStatement.java) ~[HikariCP-7.0.2.jar!/:na]
userweb-app  | 	at org.hibernate.tool.schema.internal.exec.GenerationTargetToDatabase.accept(GenerationTargetToDatabase.java:86) ~[hibernate-core-7.4.5.Final.jar!/:7.4.5.Final]
userweb-app  | 	... 45 common frames omitted
userweb-app  | 
userweb-app  | 2026-09-24T07:36:38.057Z  INFO 1 --- [UserWeb20260907] [           main] j.LocalContainerEntityManagerFactoryBean : Initialized JPA EntityManagerFactory for persistence unit 'default'
userweb-app  | 2026-09-24T07:36:38.145Z  INFO 1 --- [UserWeb20260907] [           main] o.s.d.j.r.query.QueryEnhancerFactories   : Hibernate is in classpath; If applicable, HQL parser will be used.
userweb-app  | 2026-09-24T07:36:38.654Z  INFO 1 --- [UserWeb20260907] [           main] r$InitializeUserDetailsManagerConfigurer : Global AuthenticationManager configured with UserDetailsService bean with name customUserDetailsService
userweb-app  | 2026-09-24T07:36:38.715Z  WARN 1 --- [UserWeb20260907] [           main] JpaBaseConfiguration$JpaWebConfiguration : spring.jpa.open-in-view is enabled by default. Therefore, database queries may be performed during view rendering. Explicitly configure spring.jpa.open-in-view to disable this warning
userweb-app  | 2026-09-24T07:36:39.233Z  INFO 1 --- [UserWeb20260907] [           main] o.s.boot.tomcat.TomcatWebServer          : Tomcat started on port 8080 (http) with context path '/'
userweb-app  | 2026-09-24T07:36:39.243Z  INFO 1 --- [UserWeb20260907] [           main] c.e.demo.UserWeb20260907Application      : Started UserWeb20260907Application in 5.656 seconds (process running for 6.779)
userweb-app  | 2026-09-24T07:36:41.238Z  INFO 1 --- [UserWeb20260907] [nio-8080-exec-1] o.a.c.c.C.[Tomcat].[localhost].[/]       : Initializing Spring DispatcherServlet 'dispatcherServlet'
userweb-app  | 2026-09-24T07:36:41.238Z  INFO 1 --- [UserWeb20260907] [nio-8080-exec-1] o.s.web.servlet.DispatcherServlet        : Initializing Servlet 'dispatcherServlet'
userweb-app  | 2026-09-24T07:36:41.239Z  INFO 1 --- [UserWeb20260907] [nio-8080-exec-1] o.s.web.servlet.DispatcherServlet        : Completed initialization in 1 ms
userweb-app  | -----------test9------1234--------
userweb-app  | -----------test3------1234--------
userweb-app  | -----------test6------1234--------
userweb-app  | -----------test8------1234--------
userweb-app  | -----------test2------1234--------
userweb-app  | -----------test4------1234--------
userweb-app  | -----------test7------1234--------
userweb-app  | -----------test5------1234--------
userweb-app  | -----------test1------1234--------
userweb-app  | -----------test10------1234--------
userweb-app  | -----------test11------1234--------
userweb-app  | ### AUTH ### Thread=http-nio-8080-exec-8 | requestUsername=test6
userweb-app  | ===========getbyname===================
userweb-app  | ### AUTH ### Thread=http-nio-8080-exec-7 | requestUsername=test3
userweb-app  | ===========getbyname===================
userweb-app  | ### AUTH ### Thread=http-nio-8080-exec-4 | requestUsername=test1
userweb-app  | ===========getbyname===================
userweb-app  | -----------test12------1234--------
userweb-app  | ### AUTH ### Thread=http-nio-8080-exec-12 | requestUsername=test12
userweb-app  | ===========getbyname===================
userweb-app  | ### AUTH ### Thread=http-nio-8080-exec-2 | requestUsername=test10
userweb-app  | ===========getbyname===================
userweb-app  | ----------------Optional[com.example.demo.model.User@42f0868c]
userweb-app  | ----------------Optional[com.example.demo.model.User@4207f952]
userweb-app  | ----------------Optional[com.example.demo.model.User@3b53fe6]
userweb-app  | ----------------Optional[com.example.demo.model.User@464656cf]
userweb-app  | ----------finish-------------
userweb-app  | ----------------Optional[com.example.demo.model.User@13a55c06]
userweb-app  | ### AUTH USER ### requestUsername=test10 | dbUsername=test10 | userId=10
userweb-app  | ----------finish-------------
userweb-app  | ### AUTH USER ### requestUsername=test12 | dbUsername=test12 | userId=12
userweb-app  | ----------finish-------------
userweb-app  | ### AUTH USER ### requestUsername=test1 | dbUsername=test1 | userId=1
userweb-app  | ----------finish-------------
userweb-app  | ### AUTH USER ### requestUsername=test6 | dbUsername=test6 | userId=6
userweb-app  | ----------finish-------------
userweb-app  | ### AUTH USER ### requestUsername=test3 | dbUsername=test3 | userId=3
userweb-app  | ### AUTH ### Thread=http-nio-8080-exec-5 | requestUsername=test2
userweb-app  | ===========getbyname===================
userweb-app  | ----------------Optional[com.example.demo.model.User@e4eecb3]
userweb-app  | ----------finish-------------
userweb-app  | ### AUTH USER ### requestUsername=test2 | dbUsername=test2 | userId=2
userweb-app  | -----------test13------1234--------
userweb-app  | ### AUTH ### Thread=http-nio-8080-exec-13 | requestUsername=test13
userweb-app  | ===========getbyname===================
userweb-app  | ----------------Optional[com.example.demo.model.User@34624c64]
userweb-app  | ----------finish-------------
userweb-app  | ### AUTH USER ### requestUsername=test13 | dbUsername=test13 | userId=13
userweb-app  | ### AUTH ### Thread=http-nio-8080-exec-1 | requestUsername=test9
userweb-app  | ===========getbyname===================
userweb-app  | ----------------Optional[com.example.demo.model.User@20c77c1b]
userweb-app  | ----------finish-------------
userweb-app  | ### AUTH USER ### requestUsername=test9 | dbUsername=test9 | userId=9
userweb-app  | -----------test14------1234--------
userweb-app  | ### AUTH ### Thread=http-nio-8080-exec-14 | requestUsername=test14
userweb-app  | ===========getbyname===================
userweb-app  | ----------------Optional[com.example.demo.model.User@75803331]
userweb-app  | ----------finish-------------
userweb-app  | ### AUTH USER ### requestUsername=test14 | dbUsername=test14 | userId=14
userweb-app  | ### AUTH ### Thread=http-nio-8080-exec-11 | requestUsername=test11
userweb-app  | ===========getbyname===================
userweb-app  | -----------test15------1234--------
userweb-app  | ### AUTH ### Thread=http-nio-8080-exec-15 | requestUsername=test15
userweb-app  | ===========getbyname===================
userweb-app  | ----------------Optional[com.example.demo.model.User@14f8f237]
userweb-app  | ----------finish-------------
userweb-app  | ### AUTH USER ### requestUsername=test11 | dbUsername=test11 | userId=11
userweb-app  | ### AUTH ### Thread=http-nio-8080-exec-6 | requestUsername=test4
userweb-app  | ===========getbyname===================
userweb-app  | ----------------Optional[com.example.demo.model.User@3eeac532]
userweb-app  | ----------finish-------------
userweb-app  | ### AUTH USER ### requestUsername=test15 | dbUsername=test15 | userId=15
userweb-app  | ----------------Optional[com.example.demo.model.User@f8d0fbb]
userweb-app  | ----------finish-------------
userweb-app  | ### AUTH USER ### requestUsername=test4 | dbUsername=test4 | userId=4
userweb-app  | -----------test16------1234--------
userweb-app  | ### AUTH ### Thread=http-nio-8080-exec-16 | requestUsername=test16
userweb-app  | ===========getbyname===================
userweb-app  | ----------------Optional[com.example.demo.model.User@7b3d8b6c]
userweb-app  | ----------finish-------------
userweb-app  | ### AUTH USER ### requestUsername=test16 | dbUsername=test16 | userId=16
userweb-app  | -----------test17------1234--------
userweb-app  | ### AUTH ### Thread=http-nio-8080-exec-17 | requestUsername=test17
userweb-app  | ===========getbyname===================
userweb-app  | ----------------Optional[com.example.demo.model.User@73ebdb2e]
userweb-app  | ----------finish-------------
userweb-app  | ### AUTH USER ### requestUsername=test17 | dbUsername=test17 | userId=17
userweb-app  | ### AUTH ### Thread=http-nio-8080-exec-10 | requestUsername=test8
userweb-app  | ===========getbyname===================
userweb-app  | ### AUTH ### Thread=http-nio-8080-exec-3 | requestUsername=test5
userweb-app  | ===========getbyname===================
userweb-app  | ----------------Optional[com.example.demo.model.User@549c3fe0]
userweb-app  | ----------------Optional[com.example.demo.model.User@427652e0]
userweb-app  | -----------test19------1234--------
userweb-app  | ### AUTH ### Thread=http-nio-8080-exec-19 | requestUsername=test19
userweb-app  | ===========getbyname===================
userweb-app  | ----------finish-------------
userweb-app  | ### AUTH USER ### requestUsername=test5 | dbUsername=test5 | userId=5
userweb-app  | ----------finish-------------
userweb-app  | ### AUTH USER ### requestUsername=test8 | dbUsername=test8 | userId=8
userweb-app  | -----------test18------1234--------
userweb-app  | ### AUTH ### Thread=http-nio-8080-exec-18 | requestUsername=test18
userweb-app  | ===========getbyname===================
userweb-app  | ----------------Optional[com.example.demo.model.User@38b4cfbf]
userweb-app  | ----------finish-------------
userweb-app  | ### AUTH USER ### requestUsername=test18 | dbUsername=test18 | userId=18
userweb-app  | ### AUTH ### Thread=http-nio-8080-exec-9 | requestUsername=test7
userweb-app  | ===========getbyname===================
userweb-app  | ----------------Optional[com.example.demo.model.User@16d5d467]
userweb-app  | ----------------Optional[com.example.demo.model.User@70723f8e]
userweb-app  | ----------finish-------------
userweb-app  | ### AUTH USER ### requestUsername=test7 | dbUsername=test7 | userId=7
userweb-app  | -----------test20------1234--------
userweb-app  | ### AUTH ### Thread=http-nio-8080-exec-20 | requestUsername=test20
userweb-app  | ===========getbyname===================
userweb-app  | ----------finish-------------
userweb-app  | ### AUTH USER ### requestUsername=test19 | dbUsername=test19 | userId=19
userweb-app  | ----------------Optional[com.example.demo.model.User@6d005e4e]
userweb-app  | ----------finish-------------
userweb-app  | ### AUTH USER ### requestUsername=test20 | dbUsername=test20 | userId=20
userweb-app  | -----------test21------1234--------
userweb-app  | ### AUTH ### Thread=http-nio-8080-exec-21 | requestUsername=test21
userweb-app  | ===========getbyname===================
userweb-app  | ===========getbyname===================
userweb-app  | ----------------Optional[com.example.demo.model.User@264912b1]
userweb-app  | ===========getbyname===================
userweb-app  | ----------------Optional[com.example.demo.model.User@561e337d]
userweb-app  | ------------------------------
userweb-app  | ------------------------------
userweb-app  | ----------------Optional[com.example.demo.model.User@6273eeef]
userweb-app  | ----------finish-------------
userweb-app  | ### AUTH USER ### requestUsername=test21 | dbUsername=test21 | userId=21
userweb-app  | ===========getbyname===================
userweb-app  | ----------------Optional[com.example.demo.model.User@68c0131e]
userweb-app  | ------------------------------
userweb-app  | -----------test23------1234--------
userweb-app  | ### AUTH ### Thread=http-nio-8080-exec-23 | requestUsername=test23
userweb-app  | ===========getbyname===================
userweb-app  | ----------------Optional[com.example.demo.model.User@3680f165]
userweb-app  | ----------finish-------------
userweb-app  | ### AUTH USER ### requestUsername=test23 | dbUsername=test23 | userId=23
userweb-app  | ===========getbyname===================
userweb-app  | ----------------Optional[com.example.demo.model.User@6cd6d3be]
userweb-app  | ===========getbyname===================
userweb-app  | ------------------------------
userweb-app  | ----------------Optional[com.example.demo.model.User@71ae732e]
userweb-app  | ------------------------------
userweb-app  | ===========getbyname===================
userweb-app  | -----------test22------1234--------
userweb-app  | ### AUTH ### Thread=http-nio-8080-exec-22 | requestUsername=test22
userweb-app  | ===========getbyname===================
userweb-app  | ===========getbyname===================
userweb-app  | ----------------Optional[com.example.demo.model.User@1a95577d]
userweb-app  | ----------------Optional[com.example.demo.model.User@64cc0b58]
userweb-app  | ------------------------------
userweb-app  | ===========getbyname===================
userweb-app  | ----------------Optional[com.example.demo.model.User@3450332d]
userweb-app  | ------------------------------
userweb-app  | ----------------Optional[com.example.demo.model.User@659b6bec]
userweb-app  | ------------------------------
userweb-app  | ----------finish-------------
userweb-app  | ### AUTH USER ### requestUsername=test22 | dbUsername=test22 | userId=22
userweb-app  | -----------test24------1234--------
userweb-app  | ### AUTH ### Thread=http-nio-8080-exec-24 | requestUsername=test24
userweb-app  | ===========getbyname===================
userweb-app  | ===========getbyname===================
userweb-app  | ===========getbyname===================
userweb-app  | ----------------Optional[com.example.demo.model.User@615be92a]
userweb-app  | ----------------Optional[com.example.demo.model.User@3760aabb]
userweb-app  | ------------------------------
userweb-app  | ------------------------------
userweb-app  | ===========getbyname===================
userweb-app  | ===========getbyname===================
userweb-app  | ----------------Optional[com.example.demo.model.User@72c6f838]
userweb-app  | ------------------------------
userweb-app  | -----------test25------1234--------
userweb-app  | ### AUTH ### Thread=http-nio-8080-exec-25 | requestUsername=test25
userweb-app  | ===========getbyname===================
userweb-app  | ----------------Optional[com.example.demo.model.User@52d32e09]
userweb-app  | ----------finish-------------
userweb-app  | ### AUTH USER ### requestUsername=test25 | dbUsername=test25 | userId=25
userweb-app  | ----------------Optional[com.example.demo.model.User@22b4841c]
userweb-app  | ----------------Optional[com.example.demo.model.User@71b99c84]
userweb-app  | ------------------------------
userweb-app  | ----------finish-------------
userweb-app  | ### AUTH USER ### requestUsername=test24 | dbUsername=test24 | userId=24
userweb-app  | ===========getbyname===================
userweb-app  | ===========getbyname===================
userweb-app  | ----------------Optional[com.example.demo.model.User@77ba8244]
userweb-app  | ------------------------------
userweb-app  | ----------------Optional[com.example.demo.model.User@51a55a93]
userweb-app  | ------------------------------
userweb-app  | -----------test26------1234--------
userweb-app  | ### AUTH ### Thread=http-nio-8080-exec-26 | requestUsername=test26
userweb-app  | ===========getbyname===================
userweb-app  | ----------------Optional[com.example.demo.model.User@5bc1fb68]
userweb-app  | ----------finish-------------
userweb-app  | ### AUTH USER ### requestUsername=test26 | dbUsername=test26 | userId=26
userweb-app  | ===========getbyname===================
userweb-app  | -----------test27------1234--------
userweb-app  | ### AUTH ### Thread=http-nio-8080-exec-11 | requestUsername=test27
userweb-app  | ===========getbyname===================
userweb-app  | ----------------Optional[com.example.demo.model.User@65e1f4f]
userweb-app  | ------------------------------
userweb-app  | ----------------Optional[com.example.demo.model.User@5c156aed]
userweb-app  | ----------finish-------------
userweb-app  | ### AUTH USER ### requestUsername=test27 | dbUsername=test27 | userId=27
userweb-app  | -----------test28------1234--------
userweb-app  | ### AUTH ### Thread=http-nio-8080-exec-7 | requestUsername=test28
userweb-app  | ===========getbyname===================
userweb-app  | ===========getbyname===================
userweb-app  | ----------------Optional[com.example.demo.model.User@54b271db]
userweb-app  | ===========getbyname===================
userweb-app  | ----------------Optional[com.example.demo.model.User@69dffeb7]
userweb-app  | ===========getbyname===================
userweb-app  | ------------------------------
userweb-app  | ----------------Optional[com.example.demo.model.User@56ed2e8b]
userweb-app  | ------------------------------
userweb-app  | ------------------------------
userweb-app  | -----------test29------1234--------
userweb-app  | ### AUTH ### Thread=http-nio-8080-exec-25 | requestUsername=test29
userweb-app  | ===========getbyname===================
userweb-app  | ----------------Optional[com.example.demo.model.User@3d010759]
userweb-app  | ----------------Optional[com.example.demo.model.User@657db9f4]
userweb-app  | ----------finish-------------
userweb-app  | ### AUTH USER ### requestUsername=test29 | dbUsername=test29 | userId=29
userweb-app  | ===========getbyname===================
userweb-app  | ----------------Optional[com.example.demo.model.User@7ace120e]
userweb-app  | ----------finish-------------
userweb-app  | ### AUTH USER ### requestUsername=test28 | dbUsername=test28 | userId=28
userweb-app  | ===========getbyname===================
userweb-app  | ------------------------------
userweb-app  | ----------------Optional[com.example.demo.model.User@1c8152c7]
userweb-app  | ------------------------------
userweb-app  | -----------test30------1234--------
userweb-app  | ### AUTH ### Thread=http-nio-8080-exec-2 | requestUsername=test30
userweb-app  | ===========getbyname===================
userweb-app  | ===========getbyname===================
userweb-app  | ----------------Optional[com.example.demo.model.User@2d44492e]
userweb-app  | ===========getbyname===================
userweb-app  | ----------finish-------------
userweb-app  | ### AUTH USER ### requestUsername=test30 | dbUsername=test30 | userId=30
userweb-app  | ===========getbyname===================
userweb-app  | ----------------Optional[com.example.demo.model.User@5c3b6499]
userweb-app  | ----------------Optional[com.example.demo.model.User@2eb1ce56]
userweb-app  | ------------------------------
userweb-app  | ------------------------------
userweb-app  | ----------------Optional[com.example.demo.model.User@2a5531d2]
userweb-app  | -----------test31------1234--------
userweb-app  | ### AUTH ### Thread=http-nio-8080-exec-17 | requestUsername=test31
userweb-app  | ===========getbyname===================
userweb-app  | ------------------------------
userweb-app  | ----------------Optional[com.example.demo.model.User@721a892d]
userweb-app  | ----------finish-------------
userweb-app  | ### AUTH USER ### requestUsername=test31 | dbUsername=test31 | userId=31
userweb-app  | -----------test32------1234--------
userweb-app  | ### AUTH ### Thread=http-nio-8080-exec-20 | requestUsername=test32
userweb-app  | ===========getbyname===================
userweb-app  | ===========getbyname===================
userweb-app  | ===========getbyname===================
userweb-app  | ----------------Optional[com.example.demo.model.User@5a275b37]
userweb-app  | ----------------Optional[com.example.demo.model.User@9d08db8]
userweb-app  | ------------------------------
userweb-app  | ----------finish-------------
userweb-app  | ### AUTH USER ### requestUsername=test32 | dbUsername=test32 | userId=32
userweb-app  | ----------------Optional[com.example.demo.model.User@6fdef9e1]
userweb-app  | ------------------------------
userweb-app  | ===========getbyname===================
userweb-app  | -----------test33------1234--------
userweb-app  | ### AUTH ### Thread=http-nio-8080-exec-15 | requestUsername=test33
userweb-app  | ===========getbyname===================
userweb-app  | ----------------Optional[com.example.demo.model.User@778fc40d]
userweb-app  | ------------------------------
userweb-app  | ----------------Optional[com.example.demo.model.User@49ff5fa7]
userweb-app  | ----------finish-------------
userweb-app  | ### AUTH USER ### requestUsername=test33 | dbUsername=test33 | userId=33
userweb-app  | ===========getbyname===================
userweb-app  | -----------test34------1234--------
userweb-app  | ### AUTH ### Thread=http-nio-8080-exec-5 | requestUsername=test34
userweb-app  | ===========getbyname===================
userweb-app  | ----------------Optional[com.example.demo.model.User@44b34804]
userweb-app  | ----------------Optional[com.example.demo.model.User@7fe2567b]
userweb-app  | ------------------------------
userweb-app  | ----------finish-------------
userweb-app  | ### AUTH USER ### requestUsername=test34 | dbUsername=test34 | userId=34
userweb-app  | -----------test35------1234--------
userweb-app  | ### AUTH ### Thread=http-nio-8080-exec-19 | requestUsername=test35
userweb-app  | ===========getbyname===================
userweb-app  | ===========getbyname===================
userweb-app  | ----------------Optional[com.example.demo.model.User@7f6a25d8]
userweb-app  | ----------------Optional[com.example.demo.model.User@334bb61c]
userweb-app  | ----------finish-------------
userweb-app  | ### AUTH USER ### requestUsername=test35 | dbUsername=test35 | userId=35
userweb-app  | ------------------------------
userweb-app  | ===========getbyname===================
userweb-app  | ----------------Optional[com.example.demo.model.User@56b7900a]
userweb-app  | ===========getbyname===================
userweb-app  | ------------------------------
userweb-app  | ----------------Optional[com.example.demo.model.User@5528a9eb]
userweb-app  | ------------------------------
userweb-app  | -----------test36------1234--------
userweb-app  | ### AUTH ### Thread=http-nio-8080-exec-17 | requestUsername=test36
userweb-app  | ===========getbyname===================
userweb-app  | -----------test37------1234--------
userweb-app  | ### AUTH ### Thread=http-nio-8080-exec-11 | requestUsername=test37
userweb-app  | ===========getbyname===================
userweb-app  | ===========getbyname===================
userweb-app  | ===========getbyname===================
userweb-app  | ----------------Optional[com.example.demo.model.User@5b0473ce]
userweb-app  | ----------------Optional[com.example.demo.model.User@7dc15c02]
userweb-app  | ----------------Optional[com.example.demo.model.User@456cea6f]
userweb-app  | ----------finish-------------
userweb-app  | ### AUTH USER ### requestUsername=test37 | dbUsername=test37 | userId=37
userweb-app  | ----------finish-------------
userweb-app  | ### AUTH USER ### requestUsername=test36 | dbUsername=test36 | userId=36
userweb-app  | ------------------------------
userweb-app  | ----------------Optional[com.example.demo.model.User@666d3fe1]
userweb-app  | ------------------------------
userweb-app  | -----------test38------1234--------
userweb-app  | ### AUTH ### Thread=http-nio-8080-exec-13 | requestUsername=test38
userweb-app  | ===========getbyname===================
userweb-app  | ----------------Optional[com.example.demo.model.User@24796f1a]
userweb-app  | ----------finish-------------
userweb-app  | ### AUTH USER ### requestUsername=test38 | dbUsername=test38 | userId=38
userweb-app  | -----------test39------1234--------
userweb-app  | ### AUTH ### Thread=http-nio-8080-exec-1 | requestUsername=test39
userweb-app  | ===========getbyname===================
userweb-app  | ===========getbyname===================
userweb-app  | ----------------Optional[com.example.demo.model.User@46dcb1a2]
userweb-app  | ----------------Optional[com.example.demo.model.User@1e4bf1fa]
userweb-app  | ----------finish-------------
userweb-app  | ### AUTH USER ### requestUsername=test39 | dbUsername=test39 | userId=39
userweb-app  | ------------------------------
userweb-app  | -----------test40------1234--------
userweb-app  | ### AUTH ### Thread=http-nio-8080-exec-12 | requestUsername=test40
userweb-app  | ===========getbyname===================
userweb-app  | ----------------Optional[com.example.demo.model.User@511cc63c]
userweb-app  | ----------finish-------------
userweb-app  | ### AUTH USER ### requestUsername=test40 | dbUsername=test40 | userId=40
userweb-app  | ===========getbyname===================
userweb-app  | ----------------Optional[com.example.demo.model.User@145fe9c7]
userweb-app  | ===========getbyname===================
userweb-app  | -----------test41------1234--------
userweb-app  | ### AUTH ### Thread=http-nio-8080-exec-4 | requestUsername=test41
userweb-app  | ===========getbyname===================
userweb-app  | ------------------------------
userweb-app  | -----------test42------1234--------
userweb-app  | ### AUTH ### Thread=http-nio-8080-exec-24 | requestUsername=test42
userweb-app  | ===========getbyname===================
userweb-app  | ----------------Optional[com.example.demo.model.User@445de46e]
userweb-app  | ----------finish-------------
userweb-app  | ### AUTH USER ### requestUsername=test42 | dbUsername=test42 | userId=42
userweb-app  | ----------------Optional[com.example.demo.model.User@da2d3e4]
userweb-app  | ------------------------------
userweb-app  | ----------------Optional[com.example.demo.model.User@2f6d0e82]
userweb-app  | ----------finish-------------
userweb-app  | ### AUTH USER ### requestUsername=test41 | dbUsername=test41 | userId=41
userweb-app  | ===========getbyname===================
userweb-app  | ----------------Optional[com.example.demo.model.User@8fa15cd]
userweb-app  | ------------------------------
userweb-app  | ===========getbyname===================
userweb-app  | ----------------Optional[com.example.demo.model.User@45eb92f3]
userweb-app  | ------------------------------
userweb-app  | -----------test43------1234--------
userweb-app  | ### AUTH ### Thread=http-nio-8080-exec-18 | requestUsername=test43
userweb-app  | ===========getbyname===================
userweb-app  | ----------------Optional[com.example.demo.model.User@2600d602]
userweb-app  | ----------finish-------------
userweb-app  | ### AUTH USER ### requestUsername=test43 | dbUsername=test43 | userId=43
userweb-app  | ===========getbyname===================
userweb-app  | -----------test44------1234--------
userweb-app  | ### AUTH ### Thread=http-nio-8080-exec-23 | requestUsername=test44
userweb-app  | ===========getbyname===================
userweb-app  | ===========getbyname===================
userweb-app  | ----------------Optional[com.example.demo.model.User@7c252e07]
userweb-app  | ------------------------------
userweb-app  | ----------------Optional[com.example.demo.model.User@34191c05]
userweb-app  | ----------------Optional[com.example.demo.model.User@4a2f01d6]
userweb-app  | ------------------------------
userweb-app  | ----------finish-------------
userweb-app  | ### AUTH USER ### requestUsername=test44 | dbUsername=test44 | userId=44
userweb-app  | ===========getbyname===================
userweb-app  | ----------------Optional[com.example.demo.model.User@65b3ce06]
userweb-app  | ------------------------------
userweb-app  | -----------test45------1234--------
userweb-app  | ### AUTH ### Thread=http-nio-8080-exec-10 | requestUsername=test45
userweb-app  | ===========getbyname===================
userweb-app  | ----------------Optional[com.example.demo.model.User@114c734f]
userweb-app  | ----------finish-------------
userweb-app  | ### AUTH USER ### requestUsername=test45 | dbUsername=test45 | userId=45
userweb-app  | -----------test46------1234--------
userweb-app  | ### AUTH ### Thread=http-nio-8080-exec-16 | requestUsername=test46
userweb-app  | ===========getbyname===================
userweb-app  | ----------------Optional[com.example.demo.model.User@4c2e18f0]
userweb-app  | ----------finish-------------
userweb-app  | ### AUTH USER ### requestUsername=test46 | dbUsername=test46 | userId=46
userweb-app  | ===========getbyname===================
userweb-app  | ----------------Optional[com.example.demo.model.User@d0ac7cb]
userweb-app  | ------------------------------
userweb-app  | -----------test47------1234--------
userweb-app  | ### AUTH ### Thread=http-nio-8080-exec-6 | requestUsername=test47
userweb-app  | ===========getbyname===================
userweb-app  | ----------------Optional[com.example.demo.model.User@dc90b35]
userweb-app  | ----------finish-------------
userweb-app  | ### AUTH USER ### requestUsername=test47 | dbUsername=test47 | userId=47
userweb-app  | ===========getbyname===================
userweb-app  | ===========getbyname===================
userweb-app  | ----------------Optional[com.example.demo.model.User@7e80e6f]
userweb-app  | ----------------Optional[com.example.demo.model.User@1de847d4]
userweb-app  | ------------------------------
userweb-app  | ------------------------------
userweb-app  | -----------test48------1234--------
userweb-app  | ### AUTH ### Thread=http-nio-8080-exec-9 | requestUsername=test48
userweb-app  | ===========getbyname===================
userweb-app  | ----------------Optional[com.example.demo.model.User@454f9c11]
userweb-app  | ----------finish-------------
userweb-app  | ### AUTH USER ### requestUsername=test48 | dbUsername=test48 | userId=48
userweb-app  | -----------test49------1234--------
userweb-app  | ### AUTH ### Thread=http-nio-8080-exec-3 | requestUsername=test49
userweb-app  | ===========getbyname===================
userweb-app  | ----------------Optional[com.example.demo.model.User@4379be66]
userweb-app  | ----------finish-------------
userweb-app  | ### AUTH USER ### requestUsername=test49 | dbUsername=test49 | userId=49
userweb-app  | ===========getbyname===================
userweb-app  | ----------------Optional[com.example.demo.model.User@13dcff22]
userweb-app  | ------------------------------
userweb-app  | ===========getbyname===================
userweb-app  | ----------------Optional[com.example.demo.model.User@388c4e50]
userweb-app  | ------------------------------
userweb-app  | -----------test50------1234--------
userweb-app  | ### AUTH ### Thread=http-nio-8080-exec-22 | requestUsername=test50
userweb-app  | ===========getbyname===================
userweb-app  | ----------------Optional[com.example.demo.model.User@5b19a8ad]
userweb-app  | ===========getbyname===================
userweb-app  | ----------finish-------------
userweb-app  | ### AUTH USER ### requestUsername=test50 | dbUsername=test50 | userId=50
userweb-app  | ----------------Optional[com.example.demo.model.User@5e61c086]
userweb-app  | -----------test51------1234--------
userweb-app  | ### AUTH ### Thread=http-nio-8080-exec-21 | requestUsername=test51
userweb-app  | ===========getbyname===================
userweb-app  | ------------------------------
userweb-app  | ----------------Optional[com.example.demo.model.User@5be8f3e7]
userweb-app  | ----------finish-------------
userweb-app  | ### AUTH USER ### requestUsername=test51 | dbUsername=test51 | userId=51
userweb-app  | -----------test52------1234--------
userweb-app  | ### AUTH ### Thread=http-nio-8080-exec-25 | requestUsername=test52
userweb-app  | ===========getbyname===================
userweb-app  | ===========getbyname===================
userweb-app  | ----------------Optional[com.example.demo.model.User@75a2f1d1]
userweb-app  | ----------------Optional[com.example.demo.model.User@46144836]
userweb-app  | ----------finish-------------
userweb-app  | ### AUTH USER ### requestUsername=test52 | dbUsername=test52 | userId=52
userweb-app  | ------------------------------
userweb-app  | ===========getbyname===================
userweb-app  | ----------------Optional[com.example.demo.model.User@8c25c75]
userweb-app  | ------------------------------
userweb-app  | ===========getbyname===================
userweb-app  | ----------------Optional[com.example.demo.model.User@2f3377fa]
userweb-app  | ------------------------------
userweb-app  | -----------test53------1234--------
userweb-app  | ### AUTH ### Thread=http-nio-8080-exec-26 | requestUsername=test53
userweb-app  | ===========getbyname===================
userweb-app  | ----------------Optional[com.example.demo.model.User@176fdeb3]
userweb-app  | ----------finish-------------
userweb-app  | ### AUTH USER ### requestUsername=test53 | dbUsername=test53 | userId=53
userweb-app  | ===========getbyname===================
userweb-app  | ----------------Optional[com.example.demo.model.User@3fc97d37]
userweb-app  | ------------------------------
userweb-app  | -----------test54------1234--------
userweb-app  | ### AUTH ### Thread=http-nio-8080-exec-7 | requestUsername=test54
userweb-app  | ===========getbyname===================
userweb-app  | ----------------Optional[com.example.demo.model.User@2cad76f2]
userweb-app  | ----------finish-------------
userweb-app  | ### AUTH USER ### requestUsername=test54 | dbUsername=test54 | userId=54
userweb-app  | ===========getbyname===================
userweb-app  | ----------------Optional[com.example.demo.model.User@472f245b]
userweb-app  | ------------------------------
userweb-app  | -----------test55------1234--------
userweb-app  | ### AUTH ### Thread=http-nio-8080-exec-8 | requestUsername=test55
userweb-app  | ===========getbyname===================
userweb-app  | ----------------Optional[com.example.demo.model.User@1542299e]
userweb-app  | ----------finish-------------
userweb-app  | ### AUTH USER ### requestUsername=test55 | dbUsername=test55 | userId=55
userweb-app  | ===========getbyname===================
userweb-app  | ----------------Optional[com.example.demo.model.User@44fa2aa5]
userweb-app  | ------------------------------
userweb-app  | ===========getbyname===================
userweb-app  | ----------------Optional[com.example.demo.model.User@7e9d1066]
userweb-app  | ------------------------------
userweb-app  | ===========getbyname===================
userweb-app  | ----------------Optional[com.example.demo.model.User@3391d879]
userweb-app  | ------------------------------
userweb-app  | ===========getbyname===================
userweb-app  | ----------------Optional[com.example.demo.model.User@2f1b7d9e]
userweb-app  | ------------------------------
userweb-app  | ===========getbyname===================
userweb-app  | ===========getbyname===================
userweb-app  | ===========getbyname===================
userweb-app  | ===========getbyname===================
userweb-app  | ===========getbyname===================
userweb-app  | ===========getbyname===================
userweb-app  | ===========getbyname===================
userweb-app  | ===========getbyname===================
userweb-app  | ===========getbyname===================
userweb-app  | ===========getbyname===================
userweb-app  | ===========getbyname===================
userweb-app  | ===========getbyname===================
userweb-app  | ----------------Optional[com.example.demo.model.User@110170cd]
userweb-app  | ----------------Optional[com.example.demo.model.User@5d4a7d6d]
userweb-app  | ===========getbyname===================
userweb-app  | ----------------Optional[com.example.demo.model.User@d53de97]
userweb-app  | ===========getbyname===================
userweb-app  | ===========getbyname===================
userweb-app  | ----------------Optional[com.example.demo.model.User@78b3cd51]
userweb-app  | ----------------Optional[com.example.demo.model.User@31323bf8]
userweb-app  | ===========getbyname===================
userweb-app  | ===========getbyname===================
userweb-app  | ===========getbyname===================
userweb-app  | ===========getbyname===================
userweb-app  | ===========getbyname===================
userweb-app  | ----------------Optional[com.example.demo.model.User@1aa965f3]
userweb-app  | ===========getbyname===================
userweb-app  | ===========getbyname===================
userweb-app  | ----------------Optional[com.example.demo.model.User@12526139]
userweb-app  | ----------------Optional[com.example.demo.model.User@1fa7febb]
userweb-app  | ===========getbyname===================
userweb-app  | ----------------Optional[com.example.demo.model.User@5315a1a5]
userweb-app  | ----------------Optional[com.example.demo.model.User@397395d7]
userweb-app  | ----------------Optional[com.example.demo.model.User@7d13c080]
userweb-app  | ----------------Optional[com.example.demo.model.User@56c3da37]
userweb-app  | ----------------Optional[com.example.demo.model.User@491ddafb]
userweb-app  | ===========getbyname===================
userweb-app  | ----------------Optional[com.example.demo.model.User@424144da]
userweb-app  | ----------------Optional[com.example.demo.model.User@228a0b54]
userweb-app  | ===========getbyname===================
userweb-app  | ----------------Optional[com.example.demo.model.User@3afc1604]
userweb-app  | ----------------Optional[com.example.demo.model.User@5744e872]
userweb-app  | ----------------Optional[com.example.demo.model.User@24df8570]
userweb-app  | ===========getbyname===================
userweb-app  | ----------------Optional[com.example.demo.model.User@292ca41a]
userweb-app  | ----------------Optional[com.example.demo.model.User@3759d7b8]
userweb-app  | ----------------Optional[com.example.demo.model.User@528b5130]
userweb-app  | ===========getbyname===================
userweb-app  | ===========getbyname===================
userweb-app  | ===========getbyname===================
userweb-app  | ----------------Optional[com.example.demo.model.User@bece51e]
userweb-app  | ===========getbyname===================
userweb-app  | ----------------Optional[com.example.demo.model.User@128f080d]
userweb-app  | ===========getbyname===================
userweb-app  | ----------------Optional[com.example.demo.model.User@303247ef]
userweb-app  | ===========getbyname===================
userweb-app  | ----------------Optional[com.example.demo.model.User@2d7905d8]
userweb-app  | ----------------Optional[com.example.demo.model.User@63ead68d]
userweb-app  | ----------------Optional[com.example.demo.model.User@78ce78b2]
userweb-app  | ===========getbyname===================
userweb-app  | ===========getbyname===================
userweb-app  | ----------------Optional[com.example.demo.model.User@40e4c858]
userweb-app  | ===========getbyname===================
userweb-app  | ----------------Optional[com.example.demo.model.User@5ae073fe]
userweb-app  | ----------------Optional[com.example.demo.model.User@59f9404]
userweb-app  | ===========getbyname===================
userweb-app  | ----------------Optional[com.example.demo.model.User@2866221]
userweb-app  | ===========getbyname===================
userweb-app  | ----------------Optional[com.example.demo.model.User@42afdff]
userweb-app  | ===========getbyname===================
userweb-app  | ----------------Optional[com.example.demo.model.User@55264ded]
userweb-app  | ===========getbyname===================
userweb-app  | ----------------Optional[com.example.demo.model.User@1143d5df]
userweb-app  | ===========getbyname===================
userweb-app  | ===========getbyname===================
userweb-app  | ===========getbyname===================
userweb-app  | ----------------Optional[com.example.demo.model.User@19fef4f5]
userweb-app  | ===========getbyname===================
userweb-app  | ----------------Optional[com.example.demo.model.User@c01c014]
userweb-app  | ----------------Optional[com.example.demo.model.User@854715c]
userweb-app  | ===========getbyname===================
userweb-app  | ----------------Optional[com.example.demo.model.User@173f7be]
userweb-app  | ----------------Optional[com.example.demo.model.User@17f8fef6]
userweb-app  | ----------------Optional[com.example.demo.model.User@3932a4ad]
userweb-app  | ----------------Optional[com.example.demo.model.User@163e5ccb]
userweb-app  | ===========getbyname===================
userweb-app  | ===========getbyname===================
userweb-app  | ----------------Optional[com.example.demo.model.User@21fcef37]
userweb-app  | ===========getbyname===================
userweb-app  | ----------------Optional[com.example.demo.model.User@3b67a529]
userweb-app  | ===========getbyname===================
userweb-app  | ----------------Optional[com.example.demo.model.User@5ff4a3e1]
userweb-app  | ----------------Optional[com.example.demo.model.User@451b6822]
userweb-app  | ===========getbyname===================
userweb-app  | ----------------Optional[com.example.demo.model.User@3062db53]
userweb-app  | ===========getbyname===================
userweb-app  | ===========getbyname===================
userweb-app  | ===========getbyname===================
userweb-app  | ===========getbyname===================
userweb-app  | ===========getbyname===================
userweb-app  | ----------------Optional[com.example.demo.model.User@4a40b578]
userweb-app  | ----------------Optional[com.example.demo.model.User@2399db9c]
userweb-app  | ----------------Optional[com.example.demo.model.User@4b9f1fb0]
userweb-app  | ----------------Optional[com.example.demo.model.User@43a95d15]
userweb-app  | ----------------Optional[com.example.demo.model.User@149df704]
userweb-app  | ===========getbyname===================
userweb-app  | ----------------Optional[com.example.demo.model.User@1d2b1f79]
userweb-app  | ----------------Optional[com.example.demo.model.User@5cdef28f]
userweb-app  | ----------------Optional[com.example.demo.model.User@41b032c1]
userweb-app  | ===========getbyname===================
userweb-app  | ===========getbyname===================
userweb-app  | ===========getbyname===================
userweb-app  | ----------------Optional[com.example.demo.model.User@34e60b5c]
userweb-app  | ----------------Optional[com.example.demo.model.User@1184070a]
userweb-app  | ===========getbyname===================
userweb-app  | ===========getbyname===================
userweb-app  | ===========getbyname===================
userweb-app  | ----------------Optional[com.example.demo.model.User@a16cfcb]
userweb-app  | ===========getbyname===================
userweb-app  | ----------------Optional[com.example.demo.model.User@29610021]
userweb-app  | ===========getbyname===================
userweb-app  | ===========getbyname===================
userweb-app  | ===========getbyname===================
userweb-app  | ----------------Optional[com.example.demo.model.User@6376761]
userweb-app  | ----------------Optional[com.example.demo.model.User@2e73285b]
userweb-app  | ===========getbyname===================
userweb-app  | ===========getbyname===================
userweb-app  | ----------------Optional[com.example.demo.model.User@b91c56c]
userweb-app  | ===========getbyname===================
userweb-app  | ----------------Optional[com.example.demo.model.User@1d20f332]
userweb-app  | ===========getbyname===================
userweb-app  | ===========getbyname===================
userweb-app  | ----------------Optional[com.example.demo.model.User@30354ff6]
userweb-app  | ===========getbyname===================
userweb-app  | ===========getbyname===================
userweb-app  | ===========getbyname===================
userweb-app  | ===========getbyname===================
userweb-app  | ----------------Optional[com.example.demo.model.User@5ab19912]
userweb-app  | ===========getbyname===================
userweb-app  | ----------------Optional[com.example.demo.model.User@16b0462d]
userweb-app  | ----------------Optional[com.example.demo.model.User@68bd3abc]
userweb-app  | ===========getbyname===================
userweb-app  | ===========getbyname===================
userweb-app  | ===========getbyname===================
userweb-app  | ===========getbyname===================
userweb-app  | ===========getbyname===================
userweb-app  | ----------------Optional[com.example.demo.model.User@758bbb26]
userweb-app  | ----------------Optional[com.example.demo.model.User@16765c7e]
userweb-app  | ===========getbyname===================
userweb-app  | ----------------Optional[com.example.demo.model.User@46822a10]
userweb-app  | ----------------Optional[com.example.demo.model.User@79b531c3]
userweb-app  | ----------------Optional[com.example.demo.model.User@65b8206b]
userweb-app  | ----------------Optional[com.example.demo.model.User@6145527b]
userweb-app  | ===========getbyname===================
userweb-app  | ===========getbyname===================
userweb-app  | ----------------Optional[com.example.demo.model.User@72c55373]
userweb-app  | ===========getbyname===================
userweb-app  | ----------------Optional[com.example.demo.model.User@3bf7d389]
userweb-app  | ===========getbyname===================
userweb-app  | ===========getbyname===================
userweb-app  | ----------------Optional[com.example.demo.model.User@5936ec6f]
userweb-app  | ----------------Optional[com.example.demo.model.User@280ff30b]
userweb-app  | ----------------Optional[com.example.demo.model.User@79e750f1]
userweb-app  | ===========getbyname===================
userweb-app  | ===========getbyname===================
userweb-app  | ===========getbyname===================
userweb-app  | ===========getbyname===================
userweb-app  | ===========getbyname===================
userweb-app  | ===========getbyname===================
userweb-app  | ----------------Optional[com.example.demo.model.User@73b5b3b5]
userweb-app  | ===========getbyname===================
userweb-app  | ===========getbyname===================
userweb-app  | ===========getbyname===================
userweb-app  | ===========getbyname===================
userweb-app  | ===========getbyname===================
userweb-app  | ===========getbyname===================
userweb-app  | ----------------Optional[com.example.demo.model.User@52bd7e9c]
userweb-app  | ----------------Optional[com.example.demo.model.User@191d8426]
userweb-app  | ----------------Optional[com.example.demo.model.User@1a2c22b2]
userweb-app  | ===========getbyname===================
userweb-app  | ----------------Optional[com.example.demo.model.User@6b7ce820]
userweb-app  | ----------------Optional[com.example.demo.model.User@48aef2af]
userweb-app  | ===========getbyname===================
userweb-app  | ===========getbyname===================
userweb-app  | ----------------Optional[com.example.demo.model.User@7622dc82]
userweb-app  | ===========getbyname===================
userweb-app  | ===========getbyname===================
userweb-app  | ----------------Optional[com.example.demo.model.User@3c5769b0]
userweb-app  | ===========getbyname===================
userweb-app  | ===========getbyname===================
userweb-app  | ===========getbyname===================
userweb-app  | ----------------Optional[com.example.demo.model.User@6c99ab5f]
userweb-app  | ----------------Optional[com.example.demo.model.User@efcb3da]
userweb-app  | ----------------Optional[com.example.demo.model.User@55a623a2]
userweb-app  | ----------------Optional[com.example.demo.model.User@6b67d8a]
userweb-app  | ----------------Optional[com.example.demo.model.User@6fe86b37]
userweb-app  | ----------------Optional[com.example.demo.model.User@49c5a81c]
userweb-app  | ----------------Optional[com.example.demo.model.User@1b46a459]
userweb-app  | ===========getbyname===================
userweb-app  | ===========getbyname===================
userweb-app  | ===========getbyname===================
userweb-app  | ----------------Optional[com.example.demo.model.User@2b671e6b]
userweb-app  | ===========getbyname===================
userweb-app  | ===========getbyname===================
userweb-app  | ===========getbyname===================
userweb-app  | ----------------Optional[com.example.demo.model.User@357296b7]
userweb-app  | ===========getbyname===================
userweb-app  | ===========getbyname===================
userweb-app  | ----------------Optional[com.example.demo.model.User@66a1d8d6]
userweb-app  | ----------------Optional[com.example.demo.model.User@25d66140]
userweb-app  | ----------------Optional[com.example.demo.model.User@1127ba82]
userweb-app  | ----------------Optional[com.example.demo.model.User@451e083d]
userweb-app  | ===========getbyname===================
userweb-app  | ===========getbyname===================
userweb-app  | ----------------Optional[com.example.demo.model.User@1b7d66a0]
userweb-app  | ----------------Optional[com.example.demo.model.User@1cedb213]
userweb-app  | ===========getbyname===================
userweb-app  | ----------------Optional[com.example.demo.model.User@605781a6]
userweb-app  | ===========getbyname===================
userweb-app  | ----------------Optional[com.example.demo.model.User@720754d1]
userweb-app  | ===========getbyname===================
userweb-app  | ----------------Optional[com.example.demo.model.User@6ee3a7c5]
userweb-app  | ----------------Optional[com.example.demo.model.User@1bc89e56]
userweb-app  | ===========getbyname===================
userweb-app  | ----------------Optional[com.example.demo.model.User@61c70ea]
userweb-app  | ----------------Optional[com.example.demo.model.User@164ee336]
userweb-app  | ===========getbyname===================
userweb-app  | ----------------Optional[com.example.demo.model.User@303781dd]
userweb-app  | ----------------Optional[com.example.demo.model.User@74ff9417]
userweb-app  | ===========getbyname===================
userweb-app  | ----------------Optional[com.example.demo.model.User@73dfffd3]
userweb-app  | ===========getbyname===================
userweb-app  | ----------------Optional[com.example.demo.model.User@48acd6bd]
userweb-app  | ----------------Optional[com.example.demo.model.User@1484226]
userweb-app  | ===========getbyname===================
userweb-app  | ----------------Optional[com.example.demo.model.User@3ae932ec]
userweb-app  | ===========getbyname===================
userweb-app  | ===========getbyname===================
userweb-app  | ----------------Optional[com.example.demo.model.User@5b6aacb3]
userweb-app  | ===========getbyname===================
userweb-app  | ===========getbyname===================
userweb-app  | ----------------Optional[com.example.demo.model.User@3ff54f9d]
userweb-app  | ----------------Optional[com.example.demo.model.User@5bce343b]
userweb-app  | ===========getbyname===================
userweb-app  | ----------------Optional[com.example.demo.model.User@25c835f6]
userweb-app  | ===========getbyname===================
userweb-app  | ----------------Optional[com.example.demo.model.User@7233f559]
userweb-app  | ----------------Optional[com.example.demo.model.User@7440df5d]
userweb-app  | ===========getbyname===================
userweb-app  | ----------------Optional[com.example.demo.model.User@671452a8]
userweb-app  | ----------------Optional[com.example.demo.model.User@397f9f13]
userweb-app  | ===========getbyname===================
userweb-app  | ----------------Optional[com.example.demo.model.User@7fbc99d1]
userweb-app  | ===========getbyname===================
userweb-app  | ===========getbyname===================
userweb-app  | ----------------Optional[com.example.demo.model.User@17f46764]
userweb-app  | ----------------Optional[com.example.demo.model.User@f546314]
userweb-app  | ===========getbyname===================
userweb-app  | ===========getbyname===================
userweb-app  | ----------------Optional[com.example.demo.model.User@239b0c77]
userweb-app  | ----------------Optional[com.example.demo.model.User@1661a562]
userweb-app  | ----------------Optional[com.example.demo.model.User@533341fb]
userweb-app  | ===========getbyname===================
userweb-app  | ----------------Optional[com.example.demo.model.User@732ee4fa]
userweb-app  | ----------------Optional[com.example.demo.model.User@1494e2a3]
userweb-app  | ===========getbyname===================
userweb-app  | ----------------Optional[com.example.demo.model.User@4a06604]
userweb-app  | ----------------Optional[com.example.demo.model.User@15ba753d]
userweb-app  | ===========getbyname===================
userweb-app  | ----------------Optional[com.example.demo.model.User@86a4c7e]
userweb-app  | ===========getbyname===================
userweb-app  | ===========getbyname===================
userweb-app  | ===========getbyname===================
userweb-app  | ----------------Optional[com.example.demo.model.User@c601967]
userweb-app  | ===========getbyname===================
userweb-app  | ----------------Optional[com.example.demo.model.User@38db683e]
userweb-app  | ----------------Optional[com.example.demo.model.User@2cabd119]
userweb-app  | ----------------Optional[com.example.demo.model.User@79f8b011]
userweb-app  | ----------------Optional[com.example.demo.model.User@3a54512d]
userweb-app  | ===========getbyname===================
userweb-app  | ----------------Optional[com.example.demo.model.User@739fb433]
userweb-app  | ===========getbyname===================
userweb-app  | ----------------Optional[com.example.demo.model.User@1211bd46]
userweb-app  | ===========getbyname===================
userweb-app  | ----------------Optional[com.example.demo.model.User@6552677b]
userweb-app  | ----------------Optional[com.example.demo.model.User@381585fb]
userweb-app  | ===========getbyname===================
userweb-app  | ----------------Optional[com.example.demo.model.User@1b353c3e]
userweb-app  | ===========getbyname===================
userweb-app  | ----------------Optional[com.example.demo.model.User@50d77662]
userweb-app  | ----------------Optional[com.example.demo.model.User@57213af9]
userweb-app  | ===========getbyname===================
userweb-app  | ===========getbyname===================
userweb-app  | ----------------Optional[com.example.demo.model.User@4cfac82c]
userweb-app  | ===========getbyname===================
userweb-app  | ===========getbyname===================
userweb-app  | ===========getbyname===================
userweb-app  | ----------------Optional[com.example.demo.model.User@2b5a5431]
userweb-app  | ----------------Optional[com.example.demo.model.User@55b33930]
userweb-app  | ===========getbyname===================
userweb-app  | ===========getbyname===================
userweb-app  | ----------------Optional[com.example.demo.model.User@459ca0be]
userweb-app  | ----------------Optional[com.example.demo.model.User@40d70bf9]
userweb-app  | ===========getbyname===================
userweb-app  | ----------------Optional[com.example.demo.model.User@5d2f4c84]
userweb-app  | ===========getbyname===================
userweb-app  | ===========getbyname===================
userweb-app  | ----------------Optional[com.example.demo.model.User@2851d68e]
userweb-app  | ----------------Optional[com.example.demo.model.User@3173033e]
userweb-app  | ===========getbyname===================
userweb-app  | ----------------Optional[com.example.demo.model.User@69e8ea5e]
userweb-app  | ----------------Optional[com.example.demo.model.User@1fc8fe20]
userweb-app  | ===========getbyname===================
userweb-app  | ===========getbyname===================
userweb-app  | ----------------Optional[com.example.demo.model.User@59ff7e57]
userweb-app  | ----------------Optional[com.example.demo.model.User@76bbb1dc]
userweb-app  | ===========getbyname===================
userweb-app  | ===========getbyname===================
userweb-app  | ===========getbyname===================
userweb-app  | ----------------Optional[com.example.demo.model.User@e3b15d3]
userweb-app  | ===========getbyname===================
userweb-app  | ===========getbyname===================
userweb-app  | ===========getbyname===================
userweb-app  | ===========getbyname===================
userweb-app  | ----------------Optional[com.example.demo.model.User@3b163c6]
userweb-app  | ----------------Optional[com.example.demo.model.User@4ec1d2fa]
userweb-app  | ===========getbyname===================
userweb-app  | ===========getbyname===================
userweb-app  | ----------------Optional[com.example.demo.model.User@eb2459d]
userweb-app  | ===========getbyname===================
userweb-app  | ===========getbyname===================
userweb-app  | ----------------Optional[com.example.demo.model.User@152e22c4]
userweb-app  | ----------------Optional[com.example.demo.model.User@59b185b3]
userweb-app  | ----------------Optional[com.example.demo.model.User@59c5fa43]
userweb-app  | ----------------Optional[com.example.demo.model.User@33dc8a8c]
userweb-app  | ===========getbyname===================
userweb-app  | ===========getbyname===================
userweb-app  | ===========getbyname===================
userweb-app  | ===========getbyname===================
userweb-app  | ===========getbyname===================
userweb-app  | ----------------Optional[com.example.demo.model.User@3cf48369]
userweb-app  | ----------------Optional[com.example.demo.model.User@1ec1cc61]
userweb-app  | ===========getbyname===================
userweb-app  | ----------------Optional[com.example.demo.model.User@4ac9719]
userweb-app  | ----------------Optional[com.example.demo.model.User@53041169]
userweb-app  | ===========getbyname===================
userweb-app  | ----------------Optional[com.example.demo.model.User@3e943559]
userweb-app  | ===========getbyname===================
userweb-app  | ===========getbyname===================
userweb-app  | ----------------Optional[com.example.demo.model.User@29b02e64]
userweb-app  | ----------------Optional[com.example.demo.model.User@69bc07db]
userweb-app  | ----------------Optional[com.example.demo.model.User@6536a211]
userweb-app  | ----------------Optional[com.example.demo.model.User@bc82d07]
userweb-app  | ===========getbyname===================
userweb-app  | ===========getbyname===================
userweb-app  | ===========getbyname===================
userweb-app  | ----------------Optional[com.example.demo.model.User@c14210d]
userweb-app  | ----------------Optional[com.example.demo.model.User@6b120cb6]
userweb-app  | ----------------Optional[com.example.demo.model.User@7224a1ff]
userweb-app  | ===========getbyname===================
userweb-app  | ----------------Optional[com.example.demo.model.User@766f2a1f]
userweb-app  | ===========getbyname===================
userweb-app  | ----------------Optional[com.example.demo.model.User@73a1e8fc]
userweb-app  | ----------------Optional[com.example.demo.model.User@5c3a7b27]
userweb-app  | ===========getbyname===================
userweb-app  | ===========getbyname===================
userweb-app  | ----------------Optional[com.example.demo.model.User@ec8d593]
userweb-app  | ----------------Optional[com.example.demo.model.User@132b80bc]
userweb-app  | ===========getbyname===================
userweb-app  | ===========getbyname===================
userweb-app  | ----------------Optional[com.example.demo.model.User@6f343c7a]
userweb-app  | ===========getbyname===================
userweb-app  | ----------------Optional[com.example.demo.model.User@41260f1c]
userweb-app  | ===========getbyname===================
userweb-app  | ===========getbyname===================
userweb-app  | ===========getbyname===================
userweb-app  | ----------------Optional[com.example.demo.model.User@58773c1b]
userweb-app  | ----------------Optional[com.example.demo.model.User@242fde0a]
userweb-app  | ----------------Optional[com.example.demo.model.User@5548714f]
userweb-app  | ===========getbyname===================
userweb-app  | ===========getbyname===================
userweb-app  | ----------------Optional[com.example.demo.model.User@31b1d29b]
userweb-app  | ===========getbyname===================
userweb-app  | ----------------Optional[com.example.demo.model.User@16cbf2f8]
userweb-app  | ===========getbyname===================
userweb-app  | ===========getbyname===================
userweb-app  | ----------------Optional[com.example.demo.model.User@2aada7e5]
userweb-app  | ===========getbyname===================
userweb-app  | ----------------Optional[com.example.demo.model.User@2e572db0]
userweb-app  | ===========getbyname===================
userweb-app  | ===========getbyname===================
userweb-app  | ===========getbyname===================
userweb-app  | ===========getbyname===================
userweb-app  | ----------------Optional[com.example.demo.model.User@77b304bb]
userweb-app  | ----------------Optional[com.example.demo.model.User@4cb1ad30]
userweb-app  | ----------------Optional[com.example.demo.model.User@69944abc]
userweb-app  | ===========getbyname===================
userweb-app  | ===========getbyname===================
userweb-app  | ===========getbyname===================
userweb-app  | ----------------Optional[com.example.demo.model.User@4b57848c]
userweb-app  | ----------------Optional[com.example.demo.model.User@31c15b46]
userweb-app  | ===========getbyname===================
userweb-app  | ===========getbyname===================
userweb-app  | ===========getbyname===================
userweb-app  | ----------------Optional[com.example.demo.model.User@4c15d6e4]
userweb-app  | ===========getbyname===================
userweb-app  | ===========getbyname===================
userweb-app  | ===========getbyname===================
userweb-app  | ----------------Optional[com.example.demo.model.User@7ce3a3f2]
userweb-app  | ===========getbyname===================
userweb-app  | ----------------Optional[com.example.demo.model.User@6099caaa]
userweb-app  | ===========getbyname===================
userweb-app  | ----------------Optional[com.example.demo.model.User@6183c125]
userweb-app  | ----------------Optional[com.example.demo.model.User@3c8a7cc9]
userweb-app  | ----------------Optional[com.example.demo.model.User@69c8d3a9]
userweb-app  | ===========getbyname===================
userweb-app  | ----------------Optional[com.example.demo.model.User@7348d043]
userweb-app  | ===========getbyname===================
userweb-app  | ----------------Optional[com.example.demo.model.User@295019c7]
userweb-app  | ===========getbyname===================
userweb-app  | ===========getbyname===================
userweb-app  | ----------------Optional[com.example.demo.model.User@20a95c45]
userweb-app  | ===========getbyname===================
userweb-app  | ----------------Optional[com.example.demo.model.User@189e3be1]
userweb-app  | ----------------Optional[com.example.demo.model.User@2c6f6a71]
userweb-app  | ----------------Optional[com.example.demo.model.User@664f76b1]
userweb-app  | ----------------Optional[com.example.demo.model.User@167bab4f]
userweb-app  | ===========getbyname===================
userweb-app  | ===========getbyname===================
userweb-app  | ===========getbyname===================
userweb-app  | ----------------Optional[com.example.demo.model.User@2eb28f2f]
userweb-app  | ----------------Optional[com.example.demo.model.User@10efea0f]
userweb-app  | ----------------Optional[com.example.demo.model.User@387cdedd]
userweb-app  | ===========getbyname===================
userweb-app  | ----------------Optional[com.example.demo.model.User@45a45e9c]
userweb-app  | ===========getbyname===================
userweb-app  | ===========getbyname===================
userweb-app  | ===========getbyname===================
userweb-app  | ===========getbyname===================
userweb-app  | ----------------Optional[com.example.demo.model.User@8594da7]
userweb-app  | ----------------Optional[com.example.demo.model.User@759c89b3]
userweb-app  | ===========getbyname===================
userweb-app  | ----------------Optional[com.example.demo.model.User@6847ff87]
userweb-app  | ----------------Optional[com.example.demo.model.User@6fe7dad9]
userweb-app  | ----------------Optional[com.example.demo.model.User@279bdc88]
userweb-app  | ----------------Optional[com.example.demo.model.User@56b678e2]
userweb-app  | ===========getbyname===================
userweb-app  | ----------------Optional[com.example.demo.model.User@21150383]
userweb-app  | ===========getbyname===================
userweb-app  | ----------------Optional[com.example.demo.model.User@a70d25b]
userweb-app  | ===========getbyname===================
userweb-app  | ===========getbyname===================
userweb-app  | ===========getbyname===================
userweb-app  | ----------------Optional[com.example.demo.model.User@2bc601fb]
userweb-app  | ===========getbyname===================
userweb-app  | ----------------Optional[com.example.demo.model.User@47737020]
userweb-app  | ===========getbyname===================
userweb-app  | ===========getbyname===================
userweb-app  | ===========getbyname===================
userweb-app  | ----------------Optional[com.example.demo.model.User@a5950a8]
userweb-app  | ===========getbyname===================
userweb-app  | ===========getbyname===================
userweb-app  | ===========getbyname===================
userweb-app  | ----------------Optional[com.example.demo.model.User@7d077975]
userweb-app  | ----------------Optional[com.example.demo.model.User@360d7784]
userweb-app  | ----------------Optional[com.example.demo.model.User@3c3fd817]
userweb-app  | ===========getbyname===================
userweb-app  | ===========getbyname===================
userweb-app  | ----------------Optional[com.example.demo.model.User@4f74182e]
userweb-app  | ----------------Optional[com.example.demo.model.User@609fa3dc]
userweb-app  | ----------------Optional[com.example.demo.model.User@251b7bf1]
userweb-app  | ===========getbyname===================
userweb-app  | ----------------Optional[com.example.demo.model.User@79dbf038]
userweb-app  | ===========getbyname===================
userweb-app  | ----------------Optional[com.example.demo.model.User@7106f438]
userweb-app  | ----------------Optional[com.example.demo.model.User@637faabd]
userweb-app  | ----------------Optional[com.example.demo.model.User@680a0d2a]
userweb-app  | ===========getbyname===================
userweb-app  | ===========getbyname===================
userweb-app  | ===========getbyname===================
userweb-app  | ===========getbyname===================
userweb-app  | ----------------Optional[com.example.demo.model.User@2057100e]
userweb-app  | ----------------Optional[com.example.demo.model.User@7c26671]
userweb-app  | ===========getbyname===================
userweb-app  | ----------------Optional[com.example.demo.model.User@39b19e39]
userweb-app  | ===========getbyname===================
userweb-app  | ===========getbyname===================
userweb-app  | ===========getbyname===================
userweb-app  | ===========getbyname===================
userweb-app  | ===========getbyname===================
userweb-app  | ===========getbyname===================
userweb-app  | ===========getbyname===================
userweb-app  | ===========getbyname===================
userweb-app  | ===========getbyname===================
userweb-app  | ===========getbyname===================
userweb-app  | ----------------Optional[com.example.demo.model.User@7206c423]
userweb-app  | ===========getbyname===================
userweb-app  | ===========getbyname===================
userweb-app  | ===========getbyname===================
userweb-app  | ===========getbyname===================
userweb-app  | ===========getbyname===================
userweb-app  | ----------------Optional[com.example.demo.model.User@6794b48d]
userweb-app  | ===========getbyname===================
userweb-app  | ===========getbyname===================
userweb-app  | ----------------Optional[com.example.demo.model.User@47930c0f]
userweb-app  | ----------------Optional[com.example.demo.model.User@52142657]
userweb-app  | ----------------Optional[com.example.demo.model.User@125da17c]
userweb-app  | ===========getbyname===================
userweb-app  | ----------------Optional[com.example.demo.model.User@638f594e]
userweb-app  | ----------------Optional[com.example.demo.model.User@387599a4]
userweb-app  | ===========getbyname===================
userweb-app  | ----------------Optional[com.example.demo.model.User@6f81e0ba]
userweb-app  | ===========getbyname===================
userweb-app  | ===========getbyname===================
userweb-app  | ----------------Optional[com.example.demo.model.User@67a872b5]
userweb-app  | ----------------Optional[com.example.demo.model.User@f541a92]
userweb-app  | ===========getbyname===================
userweb-app  | ----------------Optional[com.example.demo.model.User@6e05a7b]
userweb-app  | ----------------Optional[com.example.demo.model.User@e4f4988]
userweb-app  | ----------------Optional[com.example.demo.model.User@6ea57baf]
userweb-app  | ----------------Optional[com.example.demo.model.User@2a2be689]
userweb-app  | ===========getbyname===================
userweb-app  | ----------------Optional[com.example.demo.model.User@628a62b5]
userweb-app  | ----------------Optional[com.example.demo.model.User@1011ce27]
userweb-app  | ----------------Optional[com.example.demo.model.User@2c67ed50]
userweb-app  | ----------------Optional[com.example.demo.model.User@69b86da1]
userweb-app  | ===========getbyname===================
userweb-app  | ===========getbyname===================
userweb-app  | ===========getbyname===================
userweb-app  | ===========getbyname===================
userweb-app  | ----------------Optional[com.example.demo.model.User@21e614af]
userweb-app  | ----------------Optional[com.example.demo.model.User@965746e]
userweb-app  | ===========getbyname===================
userweb-app  | ===========getbyname===================
userweb-app  | ----------------Optional[com.example.demo.model.User@465b4026]
userweb-app  | ----------------Optional[com.example.demo.model.User@2c8242f1]
userweb-app  | ----------------Optional[com.example.demo.model.User@2d624865]
userweb-app  | ===========getbyname===================
userweb-app  | ===========getbyname===================
userweb-app  | ===========getbyname===================
userweb-app  | ----------------Optional[com.example.demo.model.User@147d1213]
userweb-app  | ===========getbyname===================
userweb-app  | ----------------Optional[com.example.demo.model.User@bc17185]
userweb-app  | ----------------Optional[com.example.demo.model.User@2c47c0e6]
userweb-app  | ===========getbyname===================
userweb-app  | ----------------Optional[com.example.demo.model.User@bd3613b]
userweb-app  | ===========getbyname===================
userweb-app  | ----------------Optional[com.example.demo.model.User@28cfa2bd]
userweb-app  | ===========getbyname===================
userweb-app  | ----------------Optional[com.example.demo.model.User@2f5ac756]
userweb-app  | ===========getbyname===================
userweb-app  | ===========getbyname===================
userweb-app  | ----------------Optional[com.example.demo.model.User@68f8bfc3]
userweb-app  | ----------------Optional[com.example.demo.model.User@3d4f6b65]
userweb-app  | ----------------Optional[com.example.demo.model.User@35930c09]
userweb-app  | ===========getbyname===================
userweb-app  | ===========getbyname===================
userweb-app  | ===========getbyname===================
userweb-app  | ----------------Optional[com.example.demo.model.User@5825e176]
userweb-app  | ===========getbyname===================
userweb-app  | ----------------Optional[com.example.demo.model.User@7dbed17f]
userweb-app  | ===========getbyname===================
userweb-app  | ----------------Optional[com.example.demo.model.User@4dadd253]
userweb-app  | ===========getbyname===================
userweb-app  | ===========getbyname===================
userweb-app  | ===========getbyname===================
userweb-app  | ===========getbyname===================
userweb-app  | ----------------Optional[com.example.demo.model.User@7d42c0db]
userweb-app  | ===========getbyname===================
userweb-app  | ----------------Optional[com.example.demo.model.User@664fb076]
userweb-app  | ----------------Optional[com.example.demo.model.User@721d3751]
userweb-app  | ===========getbyname===================
userweb-app  | ===========getbyname===================
userweb-app  | ----------------Optional[com.example.demo.model.User@19fbc05f]
userweb-app  | ===========getbyname===================
userweb-app  | ----------------Optional[com.example.demo.model.User@6d973b66]
userweb-app  | ===========getbyname===================
userweb-app  | ----------------Optional[com.example.demo.model.User@6aea19f7]
userweb-app  | ----------------Optional[com.example.demo.model.User@116b8c0b]
userweb-app  | ----------------Optional[com.example.demo.model.User@dd6870]
userweb-app  | ----------------Optional[com.example.demo.model.User@6fe7baff]
userweb-app  | ===========getbyname===================
userweb-app  | ===========getbyname===================
userweb-app  | ===========getbyname===================
userweb-app  | ----------------Optional[com.example.demo.model.User@7c687bb0]
userweb-app  | ----------------Optional[com.example.demo.model.User@5882dd7a]
userweb-app  | ----------------Optional[com.example.demo.model.User@5ff4f259]
userweb-app  | ----------------Optional[com.example.demo.model.User@35607bdf]
userweb-app  | ===========getbyname===================
userweb-app  | ===========getbyname===================
userweb-app  | ----------------Optional[com.example.demo.model.User@19fd99f0]
userweb-app  | ----------------Optional[com.example.demo.model.User@508effa]
userweb-app  | ===========getbyname===================
userweb-app  | ===========getbyname===================
userweb-app  | ----------------Optional[com.example.demo.model.User@137c5a68]
userweb-app  | ----------------Optional[com.example.demo.model.User@44d8c3f7]
userweb-app  | ===========getbyname===================
userweb-app  | ----------------Optional[com.example.demo.model.User@3941f8bb]
userweb-app  | ----------------Optional[com.example.demo.model.User@723e4acf]
userweb-app  | ===========getbyname===================
userweb-app  | ----------------Optional[com.example.demo.model.User@48cdb2cb]
userweb-app  | ----------------Optional[com.example.demo.model.User@3f8994ee]
userweb-app  | ===========getbyname===================
userweb-app  | ----------------Optional[com.example.demo.model.User@40c74378]
userweb-app  | ----------------Optional[com.example.demo.model.User@6015f9c9]
userweb-app  | ----------------Optional[com.example.demo.model.User@6166e2f8]
userweb-app  | ----------------Optional[com.example.demo.model.User@4974b4d3]
userweb-app  | ===========getbyname===================
userweb-app  | ===========getbyname===================
userweb-app  | ----------------Optional[com.example.demo.model.User@1d126251]
userweb-app  | ----------------Optional[com.example.demo.model.User@235f303d]
userweb-app  | ===========getbyname===================
userweb-app  | ----------------Optional[com.example.demo.model.User@499199b4]
userweb-app  | ===========getbyname===================
userweb-app  | ----------------Optional[com.example.demo.model.User@506c06a5]
userweb-app  | ----------------Optional[com.example.demo.model.User@4913476e]
userweb-app  | ===========getbyname===================
userweb-app  | ===========getbyname===================
userweb-app  | ===========getbyname===================
userweb-app  | ----------------Optional[com.example.demo.model.User@4eb6d1f7]
userweb-app  | ----------------Optional[com.example.demo.model.User@7c828f45]
userweb-app  | ----------------Optional[com.example.demo.model.User@2dd52d3d]
userweb-app  | ===========getbyname===================
userweb-app  | ----------------Optional[com.example.demo.model.User@42fc98f9]
userweb-app  | ===========getbyname===================
userweb-app  | ----------------Optional[com.example.demo.model.User@6f8f7947]
userweb-app  | ===========getbyname===================
userweb-app  | ----------------Optional[com.example.demo.model.User@42f5004]
userweb-app  | ===========getbyname===================
userweb-app  | ----------------Optional[com.example.demo.model.User@77f65ae1]
userweb-app  | ----------------Optional[com.example.demo.model.User@3794f01]
userweb-app  | ----------------Optional[com.example.demo.model.User@47646639]
userweb-app  | ----------------Optional[com.example.demo.model.User@4d4398d0]
userweb-app  | ===========getbyname===================
userweb-app  | ----------------Optional[com.example.demo.model.User@6e4b6fa5]
userweb-app  | ----------------Optional[com.example.demo.model.User@19cf95dd]
userweb-app  | ----------------Optional[com.example.demo.model.User@c5909d8]
userweb-app  | ----------------Optional[com.example.demo.model.User@764be005]
userweb-app  | ----------------Optional[com.example.demo.model.User@2ccafeee]
userweb-app  | ----------------Optional[com.example.demo.model.User@42756ce3]
userweb-app  | ----------------Optional[com.example.demo.model.User@29cd31c0]
userweb-app  | ----------------Optional[com.example.demo.model.User@1a5a9e3c]
userweb-app  | ----------------Optional[com.example.demo.model.User@71ec6827]
userweb-app  | ----------------Optional[com.example.demo.model.User@27384d83]
userweb-app  | ===========getbyname===================
userweb-app  | ===========getbyname===================
userweb-app  | ----------------Optional[com.example.demo.model.User@4c725143]
userweb-app  | ----------------Optional[com.example.demo.model.User@25d86584]
userweb-app  | ----------------Optional[com.example.demo.model.User@5874384a]
userweb-app  | ----------------Optional[com.example.demo.model.User@4b95d6]
userweb-app  | ===========getbyname===================
userweb-app  | ----------------Optional[com.example.demo.model.User@61f6781c]
userweb-app  | ===========getbyname===================
userweb-app  | ===========getbyname===================
userweb-app  | ----------------Optional[com.example.demo.model.User@7e068c37]
userweb-app  | ===========getbyname===================
userweb-app  | ----------------Optional[com.example.demo.model.User@57417d93]
userweb-app  | ----------------Optional[com.example.demo.model.User@1598b9d4]
userweb-app  | ===========getbyname===================
userweb-app  | ===========getbyname===================
userweb-app  | ----------------Optional[com.example.demo.model.User@6bdf4fed]
userweb-app  | ----------------Optional[com.example.demo.model.User@728d6f56]
userweb-app  | ----------------Optional[com.example.demo.model.User@b695a37]
userweb-app  | ===========getbyname===================
userweb-app  | ----------------Optional[com.example.demo.model.User@114d1e0c]
userweb-app  | ----------------Optional[com.example.demo.model.User@1c219209]
userweb-app  | ===========getbyname===================
userweb-app  | ===========getbyname===================
userweb-app  | ----------------Optional[com.example.demo.model.User@6adc2f40]
userweb-app  | ===========getbyname===================
userweb-app  | ===========getbyname===================
userweb-app  | ----------------Optional[com.example.demo.model.User@5a32df20]
userweb-app  | ----------------Optional[com.example.demo.model.User@671bf54e]
userweb-app  | ----------------Optional[com.example.demo.model.User@5703b664]
userweb-app  | ===========getbyname===================
userweb-app  | ----------------Optional[com.example.demo.model.User@64fde681]
userweb-app  | ===========getbyname===================
userweb-app  | ----------------Optional[com.example.demo.model.User@17c43505]
userweb-app  | ===========getbyname===================
userweb-app  | ===========getbyname===================
userweb-app  | ===========getbyname===================
userweb-app  | ===========getbyname===================
userweb-app  | ===========getbyname===================
userweb-app  | ----------------Optional[com.example.demo.model.User@40fd5f57]
userweb-app  | ----------------Optional[com.example.demo.model.User@46848b33]
userweb-app  | ----------------Optional[com.example.demo.model.User@2a3c7896]
userweb-app  | ----------------Optional[com.example.demo.model.User@17d1239f]
userweb-app  | ===========getbyname===================
userweb-app  | ----------------Optional[com.example.demo.model.User@6e0cf8fa]
userweb-app  | ===========getbyname===================
userweb-app  | ===========getbyname===================
userweb-app  | ----------------Optional[com.example.demo.model.User@6153136d]
userweb-app  | ===========getbyname===================
userweb-app  | ----------------Optional[com.example.demo.model.User@29908a4e]
userweb-app  | ===========getbyname===================
userweb-app  | ===========getbyname===================
userweb-app  | ----------------Optional[com.example.demo.model.User@6b62bb01]
userweb-app  | ===========getbyname===================
userweb-app  | ===========getbyname===================
userweb-app  | ===========getbyname===================
userweb-app  | ===========getbyname===================
userweb-app  | ----------------Optional[com.example.demo.model.User@627df098]
userweb-app  | ----------------Optional[com.example.demo.model.User@584aef59]
userweb-app  | ----------------Optional[com.example.demo.model.User@120bc4f3]
userweb-app  | ----------------Optional[com.example.demo.model.User@3be72f6d]
userweb-app  | ===========getbyname===================
userweb-app  | ----------------Optional[com.example.demo.model.User@59f212dc]
userweb-app  | ----------------Optional[com.example.demo.model.User@4f2b8dce]
userweb-app  | ===========getbyname===================
userweb-app  | ===========getbyname===================
userweb-app  | ===========getbyname===================
userweb-app  | ===========getbyname===================
userweb-app  | ----------------Optional[com.example.demo.model.User@6f3b7a43]
userweb-app  | ----------------Optional[com.example.demo.model.User@40cc8a2]
userweb-app  | ===========getbyname===================
userweb-app  | ----------------Optional[com.example.demo.model.User@6beec9b2]
userweb-app  | ===========getbyname===================
userweb-app  | ----------------Optional[com.example.demo.model.User@3dc3cd27]
userweb-app  | ===========getbyname===================
userweb-app  | ----------------Optional[com.example.demo.model.User@47ec0086]
userweb-app  | ===========getbyname===================
userweb-app  | ----------------Optional[com.example.demo.model.User@5f2862c0]
userweb-app  | ===========getbyname===================
userweb-app  | ----------------Optional[com.example.demo.model.User@39d05631]
userweb-app  | ===========getbyname===================
userweb-app  | ----------------Optional[com.example.demo.model.User@46a1e8bc]
userweb-app  | ===========getbyname===================
userweb-app  | ----------------Optional[com.example.demo.model.User@6c5e2586]
userweb-app  | ===========getbyname===================
userweb-app  | ----------------Optional[com.example.demo.model.User@563f4d35]
userweb-app  | ===========getbyname===================
userweb-app  | ----------------Optional[com.example.demo.model.User@7d7bb3e]
userweb-app  | ===========getbyname===================
userweb-app  | ----------------Optional[com.example.demo.model.User@3c2c63c5]
userweb-app  | ===========getbyname===================
userweb-app  | ----------------Optional[com.example.demo.model.User@fffc397]
userweb-app  | ===========getbyname===================
userweb-app  | ===========getbyname===================
userweb-app  | ===========getbyname===================
userweb-app  | ===========getbyname===================
userweb-app  | ----------------Optional[com.example.demo.model.User@2d44ed22]
userweb-app  | ===========getbyname===================
userweb-app  | ===========getbyname===================
userweb-app  | ----------------Optional[com.example.demo.model.User@62a32780]
userweb-app  | ===========getbyname===================
userweb-app  | ----------------Optional[com.example.demo.model.User@1554d163]
userweb-app  | ----------------Optional[com.example.demo.model.User@6662f1fb]
userweb-app  | ===========getbyname===================
userweb-app  | ----------------Optional[com.example.demo.model.User@494b8f01]
userweb-app  | ----------------Optional[com.example.demo.model.User@2b4a5255]
userweb-app  | ===========getbyname===================
userweb-app  | ===========getbyname===================
userweb-app  | ----------------Optional[com.example.demo.model.User@64af3363]
userweb-app  | ===========getbyname===================
userweb-app  | ===========getbyname===================
userweb-app  | ----------------Optional[com.example.demo.model.User@bbc30e]
userweb-app  | ===========getbyname===================
userweb-app  | ----------------Optional[com.example.demo.model.User@7aadf5de]
userweb-app  | ----------------Optional[com.example.demo.model.User@45eabee8]
userweb-app  | ----------------Optional[com.example.demo.model.User@68c1a713]
userweb-app  | ===========getbyname===================
userweb-app  | ===========getbyname===================
userweb-app  | ===========getbyname===================
userweb-app  | ----------------Optional[com.example.demo.model.User@5d15671c]
userweb-app  | ===========getbyname===================
userweb-app  | ----------------Optional[com.example.demo.model.User@5c4e522d]
userweb-app  | ----------------Optional[com.example.demo.model.User@1ed17762]
userweb-app  | ===========getbyname===================
userweb-app  | ----------------Optional[com.example.demo.model.User@1e81ca1e]
userweb-app  | ===========getbyname===================
userweb-app  | ===========getbyname===================
userweb-app  | ===========getbyname===================
userweb-app  | ----------------Optional[com.example.demo.model.User@28875d26]
userweb-app  | ===========getbyname===================
userweb-app  | ----------------Optional[com.example.demo.model.User@5c8e3549]
userweb-app  | ----------------Optional[com.example.demo.model.User@55459414]
userweb-app  | ===========getbyname===================
userweb-app  | ----------------Optional[com.example.demo.model.User@540157ed]
userweb-app  | ----------------Optional[com.example.demo.model.User@abeefe6]
userweb-app  | ===========getbyname===================
userweb-app  | ===========getbyname===================
userweb-app  | ===========getbyname===================
userweb-app  | ----------------Optional[com.example.demo.model.User@82beae8]
userweb-app  | ===========getbyname===================
userweb-app  | ----------------Optional[com.example.demo.model.User@3dee133a]
userweb-app  | ----------------Optional[com.example.demo.model.User@a28463d]
userweb-app  | ----------------Optional[com.example.demo.model.User@5d9a4641]
userweb-app  | ===========getbyname===================
userweb-app  | ===========getbyname===================
userweb-app  | ----------------Optional[com.example.demo.model.User@5f223405]
userweb-app  | ----------------Optional[com.example.demo.model.User@7cdb3a97]
userweb-app  | ===========getbyname===================
userweb-app  | ===========getbyname===================
userweb-app  | ----------------Optional[com.example.demo.model.User@20a38781]
userweb-app  | ----------------Optional[com.example.demo.model.User@44d5014b]
userweb-app  | ----------------Optional[com.example.demo.model.User@e52af06]
userweb-app  | ===========getbyname===================
userweb-app  | ----------------Optional[com.example.demo.model.User@62e7357]
userweb-app  | ----------------Optional[com.example.demo.model.User@5fe33f00]
userweb-app  | ----------------Optional[com.example.demo.model.User@29f70cff]
userweb-app  | ===========getbyname===================
userweb-app  | ===========getbyname===================
userweb-app  | ----------------Optional[com.example.demo.model.User@44b339d7]
userweb-app  | ----------------Optional[com.example.demo.model.User@77974ab0]
userweb-app  | ===========getbyname===================
userweb-app  | ----------------Optional[com.example.demo.model.User@18135f19]
userweb-app  | ===========getbyname===================
userweb-app  | ===========getbyname===================
userweb-app  | ----------------Optional[com.example.demo.model.User@59ae4a8b]
userweb-app  | ----------------Optional[com.example.demo.model.User@52a809d5]
userweb-app  | ===========getbyname===================
userweb-app  | ----------------Optional[com.example.demo.model.User@5728a6f3]
userweb-app  | ===========getbyname===================
userweb-app  | ----------------Optional[com.example.demo.model.User@3bd3adc5]
userweb-app  | ===========getbyname===================
userweb-app  | ===========getbyname===================
userweb-app  | ===========getbyname===================
userweb-app  | ===========getbyname===================
userweb-app  | ===========getbyname===================
userweb-app  | ----------------Optional[com.example.demo.model.User@7257b0c9]
userweb-app  | ===========getbyname===================
userweb-app  | ----------------Optional[com.example.demo.model.User@2cc2fe33]
userweb-app  | ----------------Optional[com.example.demo.model.User@74fc10cb]
userweb-app  | ----------------Optional[com.example.demo.model.User@216c0909]
userweb-app  | ===========getbyname===================
userweb-app  | ===========getbyname===================
userweb-app  | ----------------Optional[com.example.demo.model.User@38898400]
userweb-app  | ----------------Optional[com.example.demo.model.User@5c7fa333]
userweb-app  | ===========getbyname===================
userweb-app  | ===========getbyname===================
userweb-app  | ----------------Optional[com.example.demo.model.User@405ba734]
userweb-app  | ===========getbyname===================
userweb-app  | ===========getbyname===================
userweb-app  | ===========getbyname===================
userweb-app  | ----------------Optional[com.example.demo.model.User@115d18e5]
userweb-app  | ===========getbyname===================
userweb-app  | ----------------Optional[com.example.demo.model.User@5ba7e952]
userweb-app  | ----------------Optional[com.example.demo.model.User@513ae81]
userweb-app  | ===========getbyname===================
userweb-app  | ===========getbyname===================
userweb-app  | ===========getbyname===================
userweb-app  | ----------------Optional[com.example.demo.model.User@3970798c]
userweb-app  | ===========getbyname===================
userweb-app  | ===========getbyname===================
userweb-app  | ===========getbyname===================
userweb-app  | ----------------Optional[com.example.demo.model.User@4da25261]
userweb-app  | ===========getbyname===================
userweb-app  | ----------------Optional[com.example.demo.model.User@68a88c2c]
userweb-app  | ----------------Optional[com.example.demo.model.User@4a345a2a]
userweb-app  | ----------------Optional[com.example.demo.model.User@2ab736a2]
userweb-app  | ----------------Optional[com.example.demo.model.User@7265e1]
userweb-app  | ----------------Optional[com.example.demo.model.User@6683871a]
userweb-app  | ===========getbyname===================
userweb-app  | ===========getbyname===================
userweb-app  | ----------------Optional[com.example.demo.model.User@129f9125]
userweb-app  | ----------------Optional[com.example.demo.model.User@40f21bd8]
userweb-app  | ----------------Optional[com.example.demo.model.User@476bbe16]
userweb-app  | ===========getbyname===================
userweb-app  | ===========getbyname===================
userweb-app  | ----------------Optional[com.example.demo.model.User@253edbb0]
userweb-app  | ===========getbyname===================
userweb-app  | ----------------Optional[com.example.demo.model.User@5be9d77d]
userweb-app  | ===========getbyname===================
userweb-app  | ===========getbyname===================
userweb-app  | ----------------Optional[com.example.demo.model.User@7236d5f2]
userweb-app  | ===========getbyname===================
userweb-app  | ===========getbyname===================
userweb-app  | ----------------Optional[com.example.demo.model.User@49312f74]
userweb-app  | ===========getbyname===================
userweb-app  | ===========getbyname===================
userweb-app  | ===========getbyname===================
userweb-app  | ----------------Optional[com.example.demo.model.User@4079aff8]
userweb-app  | ===========getbyname===================
userweb-app  | === USERS === http-nio-8080-exec-10 JWT成功 username=test11
userweb-app  | === USERS AUTH === http-nio-8080-exec-10 username=test11
userweb-app  | ----------------Optional[com.example.demo.model.User@462210b6]
userweb-app  | ===========getbyname===================
userweb-app  | ===========getbyname===================
userweb-app  | ===========getbyname===================
userweb-app  | ----------------Optional[com.example.demo.model.User@8f4f345]
userweb-app  | ===========getbyname===================
userweb-app  | ----------------Optional[com.example.demo.model.User@458134c4]
userweb-app  | ----------------Optional[com.example.demo.model.User@24af788]
userweb-app  | ===========getbyname===================
userweb-app  | ===========getbyname===================
userweb-app  | ----------------Optional[com.example.demo.model.User@2def163f]
userweb-app  | ----------------Optional[com.example.demo.model.User@41cf81de]
userweb-app  | ----------------Optional[com.example.demo.model.User@62e059c6]
userweb-app  | ----------------Optional[com.example.demo.model.User@3be8ea07]
userweb-app  | ===========getbyname===================
userweb-app  | ===========getbyname===================
userweb-app  | ----------------Optional[com.example.demo.model.User@3d213341]
userweb-app  | ----------------Optional[com.example.demo.model.User@55f9ed7e]
userweb-app  | ===========getbyname===================
userweb-app  | ===========getbyname===================
userweb-app  | ===========getbyname===================
userweb-app  | ===========getbyname===================
userweb-app  | === USERS === http-nio-8080-exec-32 JWT成功 username=test20
userweb-app  | === USERS AUTH === http-nio-8080-exec-32 username=test20
userweb-app  | ===========getbyname===================
userweb-app  | ===========getbyname===================
userweb-app  | ----------------Optional[com.example.demo.model.User@46fc310e]
userweb-app  | ----------------Optional[com.example.demo.model.User@2f9dcdd7]
userweb-app  | ----------------Optional[com.example.demo.model.User@35b564c9]
userweb-app  | ----------------Optional[com.example.demo.model.User@4c197a96]
userweb-app  | ----------------Optional[com.example.demo.model.User@4fea5be]
userweb-app  | ----------------Optional[com.example.demo.model.User@4c6256e2]
userweb-app  | ----------------Optional[com.example.demo.model.User@2097c1ee]
userweb-app  | ----------------Optional[com.example.demo.model.User@10eb1c08]
userweb-app  | ----------------Optional[com.example.demo.model.User@785c4abc]
userweb-app  | ===========getbyname===================
userweb-app  | ----------------Optional[com.example.demo.model.User@75bcf742]
userweb-app  | ===========getbyname===================
userweb-app  | ===========getbyname===================
userweb-app  | ===========getbyname===================
userweb-app  | ----------------Optional[com.example.demo.model.User@2e3b986]
userweb-app  | ----------------Optional[com.example.demo.model.User@6bde5845]
userweb-app  | ===========getbyname===================
userweb-app  | ----------------Optional[com.example.demo.model.User@36b311dc]
userweb-app  | === USERS === http-nio-8080-exec-27 JWT成功 username=test16
userweb-app  | === USERS AUTH === http-nio-8080-exec-27 username=test16
userweb-app  | ===========getbyname===================
userweb-app  | ----------------Optional[com.example.demo.model.User@52e7b98e]
userweb-app  | ----------------Optional[com.example.demo.model.User@1c4fbd0f]
userweb-app  | ===========getbyname===================
userweb-app  | ----------------Optional[com.example.demo.model.User@59040c9d]
userweb-app  | ===========getbyname===================
userweb-app  | ===========getbyname===================
userweb-app  | ===========getbyname===================
userweb-app  | ----------------Optional[com.example.demo.model.User@78bdb6cc]
userweb-app  | ===========getbyname===================
userweb-app  | ===========getbyname===================
userweb-app  | ----------------Optional[com.example.demo.model.User@28c7ff44]
userweb-app  | ----------------Optional[com.example.demo.model.User@7f97c936]
userweb-app  | ===========getbyname===================
userweb-app  | === USERS === http-nio-8080-exec-17 JWT成功 username=test31
userweb-app  | === USERS AUTH === http-nio-8080-exec-17 username=test31
userweb-app  | ===========getbyname===================
userweb-app  | === USERS === http-nio-8080-exec-56 JWT成功 username=test52
userweb-app  | === USERS AUTH === http-nio-8080-exec-56 username=test52
userweb-app  | === USERS === http-nio-8080-exec-28 JWT成功 username=test43
userweb-app  | === USERS AUTH === http-nio-8080-exec-28 username=test43
userweb-app  | ===========getbyname===================
userweb-app  | ===========getbyname===================
userweb-app  | ----------------Optional[com.example.demo.model.User@5065441d]
userweb-app  | ----------------Optional[com.example.demo.model.User@6daf95d1]
userweb-app  | ===========getbyname===================
userweb-app  | === USERS === http-nio-8080-exec-35 JWT成功 username=test37
userweb-app  | ===========getbyname===================
userweb-app  | ----------------Optional[com.example.demo.model.User@36abddfb]
userweb-app  | === USERS AUTH === http-nio-8080-exec-35 username=test37
userweb-app  | ===========getbyname===================
userweb-app  | ===========getbyname===================
userweb-app  | ----------------Optional[com.example.demo.model.User@2a76b1ad]
userweb-app  | ===========getbyname===================
userweb-app  | ===========getbyname===================
userweb-app  | ===========getbyname===================
userweb-app  | ----------------Optional[com.example.demo.model.User@36b895c2]
userweb-app  | ===========getbyname===================
userweb-app  | ===========getbyname===================
userweb-app  | ===========getbyname===================
userweb-app  | ----------------Optional[com.example.demo.model.User@3c10b3d7]
userweb-app  | === USERS === http-nio-8080-exec-26 JWT成功 username=test36
userweb-app  | ----------------Optional[com.example.demo.model.User@261b1172]
userweb-app  | ----------------Optional[com.example.demo.model.User@e8b38c8]
userweb-app  | === USERS === http-nio-8080-exec-21 JWT成功 username=test55
userweb-app  | === USERS AUTH === http-nio-8080-exec-21 username=test55
userweb-app  | ===========getbyname===================
userweb-app  | ===========getbyname===================
userweb-app  | ----------------Optional[com.example.demo.model.User@3c47256]
userweb-app  | === USERS AUTH === http-nio-8080-exec-26 username=test36
userweb-app  | ----------------Optional[com.example.demo.model.User@5cff7d8c]
userweb-app  | ===========getbyname===================
userweb-app  | ===========getbyname===================
userweb-app  | ----------------Optional[com.example.demo.model.User@6c88c484]
userweb-app  | ----------------Optional[com.example.demo.model.User@7a72744c]
userweb-app  | ===========getbyname===================
userweb-app  | ----------------Optional[com.example.demo.model.User@44cc3573]
userweb-app  | ----------------Optional[com.example.demo.model.User@52117f37]
userweb-app  | ===========getbyname===================
userweb-app  | ----------------Optional[com.example.demo.model.User@2367426a]
userweb-app  | ===========getbyname===================
userweb-app  | ----------------Optional[com.example.demo.model.User@4473091]
userweb-app  | ----------------Optional[com.example.demo.model.User@45a20a2a]
userweb-app  | ===========getbyname===================
userweb-app  | ----------------Optional[com.example.demo.model.User@6a11d830]
userweb-app  | ----------------Optional[com.example.demo.model.User@49a682e2]
userweb-app  | ===========getbyname===================
userweb-app  | ===========getbyname===================
userweb-app  | ----------------Optional[com.example.demo.model.User@426dfd30]
userweb-app  | ----------------Optional[com.example.demo.model.User@45571f22]
userweb-app  | ===========getbyname===================
userweb-app  | ===========getbyname===================
userweb-app  | ----------------Optional[com.example.demo.model.User@350f75d9]
userweb-app  | ===========getbyname===================
userweb-app  | ===========getbyname===================
userweb-app  | ----------------Optional[com.example.demo.model.User@7ac07a75]
userweb-app  | ----------------Optional[com.example.demo.model.User@1d25f441]
userweb-app  | ===========getbyname===================
userweb-app  | ----------------Optional[com.example.demo.model.User@684e7581]
userweb-app  | ===========getbyname===================
userweb-app  | === USERS === http-nio-8080-exec-19 JWT成功 username=test48
userweb-app  | === USERS AUTH === http-nio-8080-exec-19 username=test48
userweb-app  | ===========getbyname===================
userweb-app  | ----------------Optional[com.example.demo.model.User@4bf09e03]
userweb-app  | ===========getbyname===================
userweb-app  | ----------------Optional[com.example.demo.model.User@2619b507]
userweb-app  | ----------------Optional[com.example.demo.model.User@66ca8db4]
userweb-app  | ===========getbyname===================
userweb-app  | ----------------Optional[com.example.demo.model.User@4f3708da]
userweb-app  | ===========getbyname===================
userweb-app  | ----------------Optional[com.example.demo.model.User@7aa6b474]
userweb-app  | ===========getbyname===================
userweb-app  | ----------------Optional[com.example.demo.model.User@586893a1]
userweb-app  | ----------------Optional[com.example.demo.model.User@2541572b]
userweb-app  | ===========getbyname===================
userweb-app  | ----------------Optional[com.example.demo.model.User@5a16b386]
userweb-app  | ===========getbyname===================
userweb-app  | ===========getbyname===================
userweb-app  | === USERS === http-nio-8080-exec-43 JWT成功 username=test23
userweb-app  | === USERS AUTH === http-nio-8080-exec-43 username=test23
userweb-app  | ===========getbyname===================
userweb-app  | ----------------Optional[com.example.demo.model.User@4c4c7271]
userweb-app  | ===========getbyname===================
userweb-app  | ===========getbyname===================
userweb-app  | ----------------Optional[com.example.demo.model.User@3efdbac1]
userweb-app  | ----------------Optional[com.example.demo.model.User@b05c864]
userweb-app  | ----------------Optional[com.example.demo.model.User@c810eaa]
userweb-app  | ===========getbyname===================
userweb-app  | === USERS === http-nio-8080-exec-40 JWT成功 username=test54
userweb-app  | === USERS AUTH === http-nio-8080-exec-40 username=test54
userweb-app  | === USERS === http-nio-8080-exec-44 JWT成功 username=test19
userweb-app  | ===========getbyname===================
userweb-app  | ----------------Optional[com.example.demo.model.User@2a3d8f33]
userweb-app  | ===========getbyname===================
userweb-app  | ----------------Optional[com.example.demo.model.User@78ea8910]
userweb-app  | === USERS AUTH === http-nio-8080-exec-44 username=test19
userweb-app  | ===========getbyname===================
userweb-app  | ----------------Optional[com.example.demo.model.User@52de8d81]
userweb-app  | ===========getbyname===================
userweb-app  | === USERS === http-nio-8080-exec-29 JWT成功 username=test42
userweb-app  | === USERS AUTH === http-nio-8080-exec-29 username=test42
userweb-app  | ===========getbyname===================
userweb-app  | ===========getbyname===================
userweb-app  | ----------------Optional[com.example.demo.model.User@451675f]
userweb-app  | === USERS === http-nio-8080-exec-37 JWT成功 username=test40
userweb-app  | === USERS AUTH === http-nio-8080-exec-37 username=test40
userweb-app  | ----------------Optional[com.example.demo.model.User@613c8a27]
userweb-app  | ===========getbyname===================
userweb-app  | ----------------Optional[com.example.demo.model.User@58c523b0]
userweb-app  | ===========getbyname===================
userweb-app  | === USERS === http-nio-8080-exec-22 JWT成功 username=test15
userweb-app  | === USERS AUTH === http-nio-8080-exec-22 username=test15
userweb-app  | ----------------Optional[com.example.demo.model.User@7e7e4c5a]
userweb-app  | ===========getbyname===================
userweb-app  | ----------------Optional[com.example.demo.model.User@77dd4279]
userweb-app  | ----------------Optional[com.example.demo.model.User@30b7fab5]
userweb-app  | ----------------Optional[com.example.demo.model.User@348f70de]
userweb-app  | === USERS === http-nio-8080-exec-39 JWT成功 username=test5
userweb-app  | === USERS AUTH === http-nio-8080-exec-39 username=test5
userweb-app  | ===========getbyname===================
userweb-app  | ===========getbyname===================
userweb-app  | ----------------Optional[com.example.demo.model.User@4f5f4189]
userweb-app  | === USERS === http-nio-8080-exec-20 JWT成功 username=test30
userweb-app  | === USERS AUTH === http-nio-8080-exec-20 username=test30
userweb-app  | ----------------Optional[com.example.demo.model.User@2e7ca69d]
userweb-app  | === USERS === http-nio-8080-exec-47 JWT成功 username=test53
userweb-app  | === USERS AUTH === http-nio-8080-exec-47 username=test53
userweb-app  | ===========getbyname===================
userweb-app  | ----------------Optional[com.example.demo.model.User@5b710c3f]
userweb-app  | ===========getbyname===================
userweb-app  | ----------------Optional[com.example.demo.model.User@d50d8e1]
userweb-app  | ===========getbyname===================
userweb-app  | ===========getbyname===================
userweb-app  | ===========getbyname===================
userweb-app  | ===========getbyname===================
userweb-app  | ----------------Optional[com.example.demo.model.User@11d204e2]
userweb-app  | ----------------Optional[com.example.demo.model.User@187bcac1]
userweb-app  | ----------------Optional[com.example.demo.model.User@ea0452f]
userweb-app  | ===========getbyname===================
userweb-app  | ----------------Optional[com.example.demo.model.User@384c0b9a]
userweb-app  | ----------------Optional[com.example.demo.model.User@68ffeefa]
userweb-app  | ----------------Optional[com.example.demo.model.User@50d97a0e]
userweb-app  | ===========getbyname===================
userweb-app  | ===========getbyname===================
userweb-app  | ===========getbyname===================
userweb-app  | ----------------Optional[com.example.demo.model.User@83fbf5b]
userweb-app  | ----------------Optional[com.example.demo.model.User@30596a7f]
userweb-app  | ----------------Optional[com.example.demo.model.User@1b72910a]
userweb-app  | === USERS === http-nio-8080-exec-46 JWT成功 username=test25
userweb-app  | === USERS AUTH === http-nio-8080-exec-46 username=test25
userweb-app  | ===========getbyname===================
userweb-app  | ----------------Optional[com.example.demo.model.User@763380c1]
userweb-app  | === USERS === http-nio-8080-exec-1 JWT成功 username=test7
userweb-app  | === USERS AUTH === http-nio-8080-exec-1 username=test7
userweb-app  | ===========getbyname===================
userweb-app  | ----------------Optional[com.example.demo.model.User@71797a92]
userweb-app  | ===========getbyname===================
userweb-app  | ===========getbyname===================
userweb-app  | ----------------Optional[com.example.demo.model.User@6b13b033]
userweb-app  | ----------------Optional[com.example.demo.model.User@3c66327b]
userweb-app  | ----------------Optional[com.example.demo.model.User@31edf6b2]
userweb-app  | ----------------Optional[com.example.demo.model.User@7ba7982b]
userweb-app  | ===========getbyname===================
userweb-app  | ===========getbyname===================
userweb-app  | ----------------Optional[com.example.demo.model.User@12486535]
userweb-app  | ----------------Optional[com.example.demo.model.User@4558ecab]
userweb-app  | ----------------Optional[com.example.demo.model.User@5e1b4a22]
userweb-app  | ----------------Optional[com.example.demo.model.User@23ffd96a]
userweb-app  | ----------------Optional[com.example.demo.model.User@79b723c1]
userweb-app  | === USERS === http-nio-8080-exec-9 JWT成功 username=test39
userweb-app  | === USERS AUTH === http-nio-8080-exec-9 username=test39
userweb-app  | ===========getbyname===================
userweb-app  | ----------------Optional[com.example.demo.model.User@27446f12]
userweb-app  | ----------------Optional[com.example.demo.model.User@5b4e6835]
userweb-app  | ----------------Optional[com.example.demo.model.User@229e7e6c]
userweb-app  | ----------------Optional[com.example.demo.model.User@26a3cf2e]
userweb-app  | ===========getbyname===================
userweb-app  | ===========getbyname===================
userweb-app  | ----------------Optional[com.example.demo.model.User@6e22fa2f]
userweb-app  | ----------------Optional[com.example.demo.model.User@6b91c546]
userweb-app  | ----------------Optional[com.example.demo.model.User@1d46a120]
userweb-app  | === USERS === http-nio-8080-exec-8 JWT成功 username=test28
userweb-app  | === USERS AUTH === http-nio-8080-exec-8 username=test28
userweb-app  | ===========getbyname===================
userweb-app  | ===========getbyname===================
userweb-app  | ----------------Optional[com.example.demo.model.User@7d068843]
userweb-app  | ----------------Optional[com.example.demo.model.User@55caaac4]
userweb-app  | ===========getbyname===================
userweb-app  | ===========getbyname===================
userweb-app  | ----------------Optional[com.example.demo.model.User@6b0c831d]
userweb-app  | ----------------Optional[com.example.demo.model.User@40eb0fd6]
userweb-app  | === USERS === http-nio-8080-exec-48 JWT成功 username=test35
userweb-app  | === USERS AUTH === http-nio-8080-exec-48 username=test35
userweb-app  | ===========getbyname===================
userweb-app  | ----------------Optional[com.example.demo.model.User@224c26ea]
userweb-app  | ===========getbyname===================
userweb-app  | ----------------Optional[com.example.demo.model.User@1ec5150]
userweb-app  | ===========getbyname===================
userweb-app  | ----------------Optional[com.example.demo.model.User@7d531bb9]
userweb-app  | ----------------Optional[com.example.demo.model.User@4063bfc8]
userweb-app  | ===========getbyname===================
userweb-app  | === USERS === http-nio-8080-exec-33 JWT成功 username=test45
userweb-app  | === USERS AUTH === http-nio-8080-exec-33 username=test45
userweb-app  | ===========getbyname===================
userweb-app  | ===========getbyname===================
userweb-app  | ===========getbyname===================
userweb-app  | ----------------Optional[com.example.demo.model.User@4ff17972]
userweb-app  | ----------------Optional[com.example.demo.model.User@270a3ef9]
userweb-app  | ----------------Optional[com.example.demo.model.User@7006541c]
userweb-app  | ----------------Optional[com.example.demo.model.User@62257d7f]
userweb-app  | ===========getbyname===================
userweb-app  | ----------------Optional[com.example.demo.model.User@276800a6]
userweb-app  | === USERS === http-nio-8080-exec-52 JWT成功 username=test47
userweb-app  | === USERS AUTH === http-nio-8080-exec-52 username=test47
userweb-app  | ===========getbyname===================
userweb-app  | ----------------Optional[com.example.demo.model.User@1fcbd1bf]
userweb-app  | ----------------Optional[com.example.demo.model.User@b7b3f99]
userweb-app  | ===========getbyname===================
userweb-app  | === USERS === http-nio-8080-exec-53 JWT成功 username=test2
userweb-app  | === USERS AUTH === http-nio-8080-exec-53 username=test2
userweb-app  | ===========getbyname===================
userweb-app  | ----------------Optional[com.example.demo.model.User@cca62c4]
userweb-app  | === USERS === http-nio-8080-exec-55 JWT成功 username=test50
userweb-app  | ----------------Optional[com.example.demo.model.User@55666012]
userweb-app  | === USERS === http-nio-8080-exec-49 JWT成功 username=test12
userweb-app  | === USERS AUTH === http-nio-8080-exec-49 username=test12
userweb-app  | === USERS AUTH === http-nio-8080-exec-55 username=test50
userweb-app  | ===========getbyname===================
userweb-app  | ===========getbyname===================
userweb-app  | === USERS === http-nio-8080-exec-34 JWT成功 username=test49
userweb-app  | === USERS AUTH === http-nio-8080-exec-34 username=test49
userweb-app  | ----------------Optional[com.example.demo.model.User@1c6c07cc]
userweb-app  | ===========getbyname===================
userweb-app  | ----------------Optional[com.example.demo.model.User@63da9960]
userweb-app  | ===========getbyname===================
userweb-app  | ===========getbyname===================
userweb-app  | ===========getbyname===================
userweb-app  | ----------------Optional[com.example.demo.model.User@6392ee94]
userweb-app  | === USERS === http-nio-8080-exec-13 JWT成功 username=test6
userweb-app  | === USERS AUTH === http-nio-8080-exec-13 username=test6
userweb-app  | ===========getbyname===================
userweb-app  | ===========getbyname===================
userweb-app  | ===========getbyname===================
userweb-app  | ----------------Optional[com.example.demo.model.User@1ad0aadc]
userweb-app  | ===========getbyname===================
userweb-app  | ----------------Optional[com.example.demo.model.User@2c309d3]
userweb-app  | === USERS === http-nio-8080-exec-14 JWT成功 username=test14
userweb-app  | === USERS AUTH === http-nio-8080-exec-14 username=test14
userweb-app  | ===========getbyname===================
userweb-app  | ----------------Optional[com.example.demo.model.User@69e7f98]
userweb-app  | ===========getbyname===================
userweb-app  | ----------------Optional[com.example.demo.model.User@2bea043]
userweb-app  | ----------------Optional[com.example.demo.model.User@4820cdc6]
userweb-app  | ===========getbyname===================
userweb-app  | ----------------Optional[com.example.demo.model.User@48f83798]
userweb-app  | ----------------Optional[com.example.demo.model.User@388b621d]
userweb-app  | ===========getbyname===================
userweb-app  | === USERS === http-nio-8080-exec-25 JWT成功 username=test9
userweb-app  | === USERS AUTH === http-nio-8080-exec-25 username=test9
userweb-app  | ===========getbyname===================
userweb-app  | ===========getbyname===================
userweb-app  | ----------------Optional[com.example.demo.model.User@4cb0dcba]
userweb-app  | ----------------Optional[com.example.demo.model.User@532be716]
userweb-app  | ===========getbyname===================
userweb-app  | ----------------Optional[com.example.demo.model.User@3581ca8]
userweb-app  | === USERS === http-nio-8080-exec-57 JWT成功 username=test51
userweb-app  | === USERS AUTH === http-nio-8080-exec-57 username=test51
userweb-app  | ===========getbyname===================
userweb-app  | ----------------Optional[com.example.demo.model.User@34782e38]
userweb-app  | ===========getbyname===================
userweb-app  | ----------------Optional[com.example.demo.model.User@1c7dcd5b]
userweb-app  | === USERS === http-nio-8080-exec-54 JWT成功 username=test41
userweb-app  | === USERS AUTH === http-nio-8080-exec-54 username=test41
userweb-app  | ===========getbyname===================
userweb-app  | ----------------Optional[com.example.demo.model.User@2ec1f10f]
userweb-app  | ----------------Optional[com.example.demo.model.User@38a2ab1b]
userweb-app  | === USERS === http-nio-8080-exec-15 JWT成功 username=test8
userweb-app  | === USERS AUTH === http-nio-8080-exec-15 username=test8
userweb-app  | === USERS === http-nio-8080-exec-24 JWT成功 username=test24
userweb-app  | === USERS AUTH === http-nio-8080-exec-24 username=test24
userweb-app  | ===========getbyname===================
userweb-app  | ----------------Optional[com.example.demo.model.User@6d96310f]
userweb-app  | === USERS === http-nio-8080-exec-42 JWT成功 username=test13
userweb-app  | === USERS AUTH === http-nio-8080-exec-42 username=test13
userweb-app  | === USERS === http-nio-8080-exec-3 JWT成功 username=test32
userweb-app  | === USERS AUTH === http-nio-8080-exec-3 username=test32
userweb-app  | ----------------Optional[com.example.demo.model.User@7f87f483]
userweb-app  | ===========getbyname===================
userweb-app  | ----------------Optional[com.example.demo.model.User@7d71c6a3]
userweb-app  | ===========getbyname===================
userweb-app  | ----------------Optional[com.example.demo.model.User@3a9b7db8]
userweb-app  | ----------------Optional[com.example.demo.model.User@645d2ec1]
userweb-app  | ===========getbyname===================
userweb-app  | ===========getbyname===================
userweb-app  | ----------------Optional[com.example.demo.model.User@31481da6]
userweb-app  | ----------------Optional[com.example.demo.model.User@78b7d2fb]
userweb-app  | === USERS === http-nio-8080-exec-18 JWT成功 username=test21
userweb-app  | === USERS AUTH === http-nio-8080-exec-18 username=test21
userweb-app  | ===========getbyname===================
userweb-app  | ----------------Optional[com.example.demo.model.User@62e10cec]
userweb-app  | ----------------Optional[com.example.demo.model.User@4cce9406]
userweb-app  | === USERS === http-nio-8080-exec-30 JWT成功 username=test22
userweb-app  | === USERS AUTH === http-nio-8080-exec-30 username=test22
userweb-app  | ----------------Optional[com.example.demo.model.User@4393eca9]
userweb-app  | ===========getbyname===================
userweb-app  | ===========getbyname===================
userweb-app  | ===========getbyname===================
userweb-app  | ----------------Optional[com.example.demo.model.User@61a377da]
userweb-app  | === USERS === http-nio-8080-exec-36 JWT成功 username=test3
userweb-app  | ----------------Optional[com.example.demo.model.User@11f46ace]
userweb-app  | === USERS AUTH === http-nio-8080-exec-36 username=test3
userweb-app  | ===========getbyname===================
userweb-app  | ===========getbyname===================
userweb-app  | === USERS === http-nio-8080-exec-6 JWT成功 username=test4
userweb-app  | === USERS AUTH === http-nio-8080-exec-6 username=test4
userweb-app  | === USERS === http-nio-8080-exec-50 JWT成功 username=test1
userweb-app  | === USERS AUTH === http-nio-8080-exec-50 username=test1
userweb-app  | ===========getbyname===================
userweb-app  | ----------------Optional[com.example.demo.model.User@66398d7c]
userweb-app  | === USERS === http-nio-8080-exec-5 JWT成功 username=test17
userweb-app  | === USERS AUTH === http-nio-8080-exec-5 username=test17
userweb-app  | === USERS === http-nio-8080-exec-7 JWT成功 username=test29
userweb-app  | === USERS AUTH === http-nio-8080-exec-7 username=test29
userweb-app  | ===========getbyname===================
userweb-app  | ===========getbyname===================
userweb-app  | ----------------Optional[com.example.demo.model.User@fd656be]
userweb-app  | ----------------Optional[com.example.demo.model.User@7975d7fe]
userweb-app  | ===========getbyname===================
userweb-app  | ----------------Optional[com.example.demo.model.User@7730fcec]
userweb-app  | === USERS === http-nio-8080-exec-38 JWT成功 username=test10
userweb-app  | === USERS AUTH === http-nio-8080-exec-38 username=test10
userweb-app  | ===========getbyname===================
userweb-app  | ----------------Optional[com.example.demo.model.User@5cc2da17]
userweb-app  | ----------------Optional[com.example.demo.model.User@349575a]
userweb-app  | === USERS === http-nio-8080-exec-4 JWT成功 username=test44
userweb-app  | === USERS AUTH === http-nio-8080-exec-4 username=test44
userweb-app  | ===========getbyname===================
userweb-app  | === USERS === http-nio-8080-exec-31 JWT成功 username=test38
userweb-app  | === USERS AUTH === http-nio-8080-exec-31 username=test38
userweb-app  | ===========getbyname===================
userweb-app  | ===========getbyname===================
userweb-app  | ----------------Optional[com.example.demo.model.User@1a8c0c85]
userweb-app  | ===========getbyname===================
userweb-app  | ===========getbyname===================
userweb-app  | ----------------Optional[com.example.demo.model.User@4160eb2b]
userweb-app  | ----------------Optional[com.example.demo.model.User@1d4b2228]
userweb-app  | ----------------Optional[com.example.demo.model.User@a236cc0]
userweb-app  | === USERS === http-nio-8080-exec-51 JWT成功 username=test27
userweb-app  | === USERS AUTH === http-nio-8080-exec-51 username=test27
userweb-app  | ===========getbyname===================
userweb-app  | ----------------Optional[com.example.demo.model.User@7b20bf2b]
userweb-app  | ----------------Optional[com.example.demo.model.User@6cc2917c]
userweb-app  | ----------------Optional[com.example.demo.model.User@3d929d67]
userweb-app  | ----------------Optional[com.example.demo.model.User@17f03964]
userweb-app  | ----------------Optional[com.example.demo.model.User@792eb831]
userweb-app  | === USERS === http-nio-8080-exec-2 JWT成功 username=test33
userweb-app  | === USERS AUTH === http-nio-8080-exec-2 username=test33
userweb-app  | ===========getbyname===================
userweb-app  | ----------------Optional[com.example.demo.model.User@1aaf6eda]
userweb-app  | === USERS === http-nio-8080-exec-58 JWT成功 username=test46
userweb-app  | === USERS AUTH === http-nio-8080-exec-58 username=test46
userweb-app  | ===========getbyname===================
userweb-app  | ===========getbyname===================
userweb-app  | ----------------Optional[com.example.demo.model.User@2bb38cf1]
userweb-app  | ===========getbyname===================
userweb-app  | === USERS === http-nio-8080-exec-23 JWT成功 username=test26
userweb-app  | ----------------Optional[com.example.demo.model.User@f5d8092]
userweb-app  | ----------------Optional[com.example.demo.model.User@5dff27a5]
userweb-app  | === USERS AUTH === http-nio-8080-exec-23 username=test26
userweb-app  | ===========getbyname===================
userweb-app  | ----------------Optional[com.example.demo.model.User@3ff61bac]
userweb-app  | === USERS === http-nio-8080-exec-11 JWT成功 username=test18
userweb-app  | === USERS AUTH === http-nio-8080-exec-11 username=test18
userweb-app  | ===========getbyname===================
userweb-app  | ----------------Optional[com.example.demo.model.User@51633fb0]
userweb-app  | === USERS === http-nio-8080-exec-16 JWT成功 username=test34
userweb-app  | === USERS AUTH === http-nio-8080-exec-16 username=test34
userweb-app  | ===========getbyname===================
userweb-app  | ----------------Optional[com.example.demo.model.User@21a80738]
userweb-app  | User 初始資料建立完成
userweb-app  | ===========getbyname===================
userweb-app  | ===========getbyname===================
userweb-app  | ===========getbyname===================
userweb-app  | ===========getbyname===================
userweb-app  | ----------------Optional[com.example.demo.model.User@120c735b]
userweb-app  | ===========getbyname===================
userweb-app  | ----------------Optional[com.example.demo.model.User@238320b2]
userweb-app  | ===========getbyname===================
userweb-app  | ----------------Optional[com.example.demo.model.User@f68759f]
userweb-app  | ----------------Optional[com.example.demo.model.User@482e916]
userweb-app  | ===========getbyname===================
userweb-app  | ----------------Optional[com.example.demo.model.User@1dbf898c]
userweb-app  | ===========getbyname===================
userweb-app  | ----------------Optional[com.example.demo.model.User@348d6122]
userweb-app  | ===========getbyname===================
userweb-app  | ===========getbyname===================
userweb-app  | ===========getbyname===================
userweb-app  | ----------------Optional[com.example.demo.model.User@2d617c48]
userweb-app  | ----------------Optional[com.example.demo.model.User@61623270]
userweb-app  | ----------------Optional[com.example.demo.model.User@6b71b190]
userweb-app  | ----------------Optional[com.example.demo.model.User@68019553]
userweb-app  | ----------------Optional[com.example.demo.model.User@4eaeb24]
userweb-app  | ===========getbyname===================
userweb-app  | ----------------Optional[com.example.demo.model.User@2c9f2a80]
userweb-app  | ===========getbyname===================
userweb-app  | ----------------Optional[com.example.demo.model.User@87e084d]
userweb-app  | ===========getbyname===================
userweb-app  | ===========getbyname===================
userweb-app  | ===========getbyname===================
userweb-app  | ===========getbyname===================
userweb-app  | ----------------Optional[com.example.demo.model.User@3d46fa53]
userweb-app  | ----------------Optional[com.example.demo.model.User@3088366]
userweb-app  | ===========getbyname===================
userweb-app  | ===========getbyname===================
userweb-app  | ----------------Optional[com.example.demo.model.User@30c15294]
userweb-app  | ----------------Optional[com.example.demo.model.User@2ced848a]
userweb-app  | ===========getbyname===================
userweb-app  | ===========getbyname===================
userweb-app  | ===========getbyname===================
userweb-app  | ----------------Optional[com.example.demo.model.User@7f69474]
userweb-app  | ----------------Optional[com.example.demo.model.User@5147f321]
userweb-app  | ===========getbyname===================
userweb-app  | ===========getbyname===================
userweb-app  | ===========getbyname===================
userweb-app  | ===========getbyname===================
userweb-app  | ----------------Optional[com.example.demo.model.User@7b77630c]
userweb-app  | ===========getbyname===================
userweb-app  | ----------------Optional[com.example.demo.model.User@5037c93b]
userweb-app  | ===========getbyname===================
userweb-app  | ----------------Optional[com.example.demo.model.User@36fb9150]
userweb-app  | ===========getbyname===================
userweb-app  | ----------------Optional[com.example.demo.model.User@3b26f9c8]
userweb-app  | ----------------Optional[com.example.demo.model.User@7760ab0e]
userweb-app  | ----------------Optional[com.example.demo.model.User@1fc0abc9]
userweb-app  | ----------------Optional[com.example.demo.model.User@49c1fffd]
userweb-app  | ----------------Optional[com.example.demo.model.User@11710669]
userweb-app  | ----------------Optional[com.example.demo.model.User@73824143]
userweb-app  | ===========getbyname===================
userweb-app  | ----------------Optional[com.example.demo.model.User@6ede160b]
userweb-app  | ----------------Optional[com.example.demo.model.User@62b50667]
userweb-app  | ===========getbyname===================
userweb-app  | ===========getbyname===================
userweb-app  | ----------------Optional[com.example.demo.model.User@4e62f645]
userweb-app  | ===========getbyname===================
userweb-app  | ----------------Optional[com.example.demo.model.User@14ddc3c]
userweb-app  | ===========getbyname===================
userweb-app  | ===========getbyname===================
userweb-app  | ===========getbyname===================
userweb-app  | ===========getbyname===================
userweb-app  | ===========getbyname===================
userweb-app  | ----------------Optional[com.example.demo.model.User@60990f45]
userweb-app  | ----------------Optional[com.example.demo.model.User@221be134]
userweb-app  | ===========getbyname===================
userweb-app  | ----------------Optional[com.example.demo.model.User@40f07232]
userweb-app  | ----------------Optional[com.example.demo.model.User@60d954da]
userweb-app  | ----------------Optional[com.example.demo.model.User@636a83ce]
userweb-app  | ----------------Optional[com.example.demo.model.User@3447add9]
userweb-app  | ===========getbyname===================
userweb-app  | ----------------Optional[com.example.demo.model.User@4d73faff]
userweb-app  | ----------------Optional[com.example.demo.model.User@1b0c6f40]
userweb-app  | ===========getbyname===================
userweb-app  | ----------------Optional[com.example.demo.model.User@5070788]
userweb-app  | ===========getbyname===================
userweb-app  | ===========getbyname===================
userweb-app  | ===========getbyname===================
userweb-app  | ----------------Optional[com.example.demo.model.User@77144767]
userweb-app  | ===========getbyname===================
userweb-app  | ----------------Optional[com.example.demo.model.User@78f4e418]
userweb-app  | ----------------Optional[com.example.demo.model.User@21e84c43]
userweb-app  | ----------------Optional[com.example.demo.model.User@ae06cc8]
userweb-app  | ===========getbyname===================
userweb-app  | ===========getbyname===================
userweb-app  | ===========getbyname===================
userweb-app  | ===========getbyname===================
userweb-app  | ----------------Optional[com.example.demo.model.User@7fa3a422]
userweb-app  | ----------------Optional[com.example.demo.model.User@63965653]
userweb-app  | ----------------Optional[com.example.demo.model.User@3dd8bb0]
userweb-app  | ===========getbyname===================
userweb-app  | ===========getbyname===================
userweb-app  | ===========getbyname===================
userweb-app  | ===========getbyname===================
userweb-app  | ===========getbyname===================
userweb-app  | ----------------Optional[com.example.demo.model.User@162ae9ad]
userweb-app  | ----------------Optional[com.example.demo.model.User@129787cc]
userweb-app  | ===========getbyname===================
userweb-app  | ===========getbyname===================
userweb-app  | ===========getbyname===================
userweb-app  | ----------------Optional[com.example.demo.model.User@67132337]
userweb-app  | ----------------Optional[com.example.demo.model.User@7b7d0055]
userweb-app  | ----------------Optional[com.example.demo.model.User@7ed0dd48]
userweb-app  | ----------------Optional[com.example.demo.model.User@79d4301d]
userweb-app  | ----------------Optional[com.example.demo.model.User@67936dce]
userweb-app  | ===========getbyname===================
userweb-app  | ----------------Optional[com.example.demo.model.User@5716d050]
userweb-app  | ===========getbyname===================
userweb-app  | ===========getbyname===================
userweb-app  | ===========getbyname===================
userweb-app  | ===========getbyname===================
userweb-app  | ===========getbyname===================
userweb-app  | ----------------Optional[com.example.demo.model.User@77038a19]
userweb-app  | ===========getbyname===================
userweb-app  | ===========getbyname===================
userweb-app  | ===========getbyname===================
userweb-app  | ===========getbyname===================
userweb-app  | ===========getbyname===================
userweb-app  | ----------------Optional[com.example.demo.model.User@51e34635]
userweb-app  | ===========getbyname===================
userweb-app  | ===========getbyname===================
userweb-app  | ===========getbyname===================
userweb-app  | ===========getbyname===================
userweb-app  | ===========getbyname===================
userweb-app  | ----------------Optional[com.example.demo.model.User@2b4d6a08]
userweb-app  | ===========getbyname===================
userweb-app  | ----------------Optional[com.example.demo.model.User@33758348]
userweb-app  | ===========getbyname===================
userweb-app  | ----------------Optional[com.example.demo.model.User@114205c4]
userweb-app  | ===========getbyname===================
userweb-app  | ===========getbyname===================
userweb-app  | ===========getbyname===================
userweb-app  | ===========getbyname===================
userweb-app  | ----------------Optional[com.example.demo.model.User@17d3cf47]
userweb-app  | ===========getbyname===================
userweb-app  | ----------------Optional[com.example.demo.model.User@2b6a77ef]
userweb-app  | ----------------Optional[com.example.demo.model.User@72385b8]
userweb-app  | ----------------Optional[com.example.demo.model.User@53da4afa]
userweb-app  | ----------------Optional[com.example.demo.model.User@58667f27]
userweb-app  | ===========getbyname===================
userweb-app  | ===========getbyname===================
userweb-app  | ----------------Optional[com.example.demo.model.User@1908f8ab]
userweb-app  | ----------------Optional[com.example.demo.model.User@750c4eea]
userweb-app  | ----------------Optional[com.example.demo.model.User@5186b2fe]
userweb-app  | ----------------Optional[com.example.demo.model.User@221e3dcf]
userweb-app  | ----------------Optional[com.example.demo.model.User@5d84c17]
userweb-app  | ----------------Optional[com.example.demo.model.User@15dc5bac]
userweb-app  | ===========getbyname===================
userweb-app  | ===========getbyname===================
userweb-app  | ===========getbyname===================
userweb-app  | ----------------Optional[com.example.demo.model.User@57cc0f11]
userweb-app  | ----------------Optional[com.example.demo.model.User@79e30ac]
userweb-app  | ----------------Optional[com.example.demo.model.User@773f356]
userweb-app  | ----------------Optional[com.example.demo.model.User@52389806]
userweb-app  | ----------------Optional[com.example.demo.model.User@221c39c6]
userweb-app  | ----------------Optional[com.example.demo.model.User@1b239755]
userweb-app  | ---------me 200---------
userweb-app  | ----------------Optional[com.example.demo.model.User@2e67190a]
userweb-app  | ===========getbyname===================
userweb-app  | ===========getbyname===================
userweb-app  | ----------------Optional[com.example.demo.model.User@3634ee08]
userweb-app  | ===========getbyname===================
userweb-app  | ----------------Optional[com.example.demo.model.User@705273ef]
userweb-app  | ----------------Optional[com.example.demo.model.User@57c38697]
userweb-app  | ===========getbyname===================
userweb-app  | ----------------Optional[com.example.demo.model.User@22e0c13e]
userweb-app  | ===========getbyname===================
userweb-app  | ---------me 200---------
userweb-app  | ----------------Optional[com.example.demo.model.User@191892f0]
userweb-app  | ===========getbyname===================
userweb-app  | ===========getbyname===================
userweb-app  | ----------------Optional[com.example.demo.model.User@8c3d4e0]
userweb-app  | ---------me 200---------
userweb-app  | ===========getbyname===================
userweb-app  | ===========getbyname===================
userweb-app  | ----------------Optional[com.example.demo.model.User@50ba3ee]
userweb-app  | ----------------Optional[com.example.demo.model.User@c6a9e53]
userweb-app  | ===========getbyname===================
userweb-app  | ----------------Optional[com.example.demo.model.User@4b595516]
userweb-app  | ---------me 200---------
userweb-app  | ===========getbyname===================
userweb-app  | ===========getbyname===================
userweb-app  | ===========getbyname===================
userweb-app  | ----------------Optional[com.example.demo.model.User@710e6060]
userweb-app  | ===========getbyname===================
userweb-app  | ----------------Optional[com.example.demo.model.User@6e09307c]
userweb-app  | ----------------Optional[com.example.demo.model.User@2f409353]
userweb-app  | ----------------Optional[com.example.demo.model.User@6e7d5cc5]
userweb-app  | ---------me 200---------
userweb-app  | ===========getbyname===================
userweb-app  | ===========getbyname===================
userweb-app  | ===========getbyname===================
userweb-app  | ----------------Optional[com.example.demo.model.User@2bce3abd]
userweb-app  | ---------me 200---------
userweb-app  | ----------------Optional[com.example.demo.model.User@10065ee0]
userweb-app  | ---------me 200---------
userweb-app  | ===========getbyname===================
userweb-app  | ----------------Optional[com.example.demo.model.User@64a12939]
userweb-app  | ===========getbyname===================
userweb-app  | ===========getbyname===================
userweb-app  | ----------------Optional[com.example.demo.model.User@788562d]
userweb-app  | ---------me 200---------
userweb-app  | ----------------Optional[com.example.demo.model.User@63626649]
userweb-app  | ---------me 200---------
userweb-app  | ===========getbyname===================
userweb-app  | ===========getbyname===================
userweb-app  | ----------------Optional[com.example.demo.model.User@6261a91b]
userweb-app  | ----------------Optional[com.example.demo.model.User@632e5ac3]
userweb-app  | ---------me 200---------
userweb-app  | ===========getbyname===================
userweb-app  | ===========getbyname===================
userweb-app  | ===========getbyname===================
userweb-app  | ----------------Optional[com.example.demo.model.User@3cddaf3b]
userweb-app  | ---------me 200---------
userweb-app  | ----------------Optional[com.example.demo.model.User@2504d882]
userweb-app  | ---------me 200---------
userweb-app  | ===========getbyname===================
userweb-app  | ===========getbyname===================
userweb-app  | ----------------Optional[com.example.demo.model.User@6fe2e626]
userweb-app  | ===========getbyname===================
userweb-app  | ----------------Optional[com.example.demo.model.User@4943b61]
userweb-app  | ---------me 200---------
userweb-app  | ===========getbyname===================
userweb-app  | ===========getbyname===================
userweb-app  | ----------------Optional[com.example.demo.model.User@6c7a8d34]
userweb-app  | ----------------Optional[com.example.demo.model.User@3f3ee00f]
userweb-app  | ---------me 200---------
userweb-app  | ===========getbyname===================
userweb-app  | ----------------Optional[com.example.demo.model.User@773d0be0]
userweb-app  | ----------------Optional[com.example.demo.model.User@769e3dbb]
userweb-app  | ---------me 200---------
userweb-app  | ----------------Optional[com.example.demo.model.User@1945d141]
userweb-app  | ----------------Optional[com.example.demo.model.User@6da7e79a]
userweb-app  | ---------me 200---------
userweb-app  | ===========getbyname===================
userweb-app  | ----------------Optional[com.example.demo.model.User@64c6ebd9]
userweb-app  | ----------------Optional[com.example.demo.model.User@1d2a519e]
userweb-app  | ===========getbyname===================
userweb-app  | ===========getbyname===================
userweb-app  | ----------------Optional[com.example.demo.model.User@2797f852]
userweb-app  | ===========getbyname===================
userweb-app  | ===========getbyname===================
userweb-app  | ----------------Optional[com.example.demo.model.User@24bbf4cd]
userweb-app  | ----------------Optional[com.example.demo.model.User@3921516]
userweb-app  | ===========getbyname===================
userweb-app  | ===========getbyname===================
userweb-app  | ----------------Optional[com.example.demo.model.User@3b5def7d]
userweb-app  | ---------me 200---------
userweb-app  | ----------------Optional[com.example.demo.model.User@354324fb]
userweb-app  | ===========getbyname===================
userweb-app  | ----------------Optional[com.example.demo.model.User@67a7b1f5]
userweb-app  | ----------------Optional[com.example.demo.model.User@201674a6]
userweb-app  | ---------me 200---------
userweb-app  | ===========getbyname===================
userweb-app  | ===========getbyname===================
userweb-app  | ----------------Optional[com.example.demo.model.User@52bd376a]
userweb-app  | ===========getbyname===================
userweb-app  | ----------------Optional[com.example.demo.model.User@1ecd3e9c]
userweb-app  | ===========getbyname===================
userweb-app  | ===========getbyname===================
userweb-app  | ===========getbyname===================
userweb-app  | ---------me 200---------
userweb-app  | ----------------Optional[com.example.demo.model.User@5fdeb889]
userweb-app  | ----------------Optional[com.example.demo.model.User@294705c7]
userweb-app  | ---------me 200---------
userweb-app  | ===========getbyname===================
userweb-app  | ----------------Optional[com.example.demo.model.User@b60020e]
userweb-app  | ===========getbyname===================
userweb-app  | ===========getbyname===================
userweb-app  | ----------------Optional[com.example.demo.model.User@40c6bae1]
userweb-app  | ----------------Optional[com.example.demo.model.User@49349e06]
userweb-app  | ---------me 200---------
userweb-app  | ---------me 200---------
userweb-app  | ----------------Optional[com.example.demo.model.User@7d9155e2]
userweb-app  | ===========getbyname===================
userweb-app  | ----------------Optional[com.example.demo.model.User@7c117d75]
userweb-app  | ===========getbyname===================
userweb-app  | ===========getbyname===================
userweb-app  | ----------------Optional[com.example.demo.model.User@318961bd]
userweb-app  | ===========getbyname===================
userweb-app  | ----------------Optional[com.example.demo.model.User@ef7b85b]
userweb-app  | ----------------Optional[com.example.demo.model.User@60e5fb2]
userweb-app  | ---------me 200---------
userweb-app  | ---------me 200---------
userweb-app  | ---------me 200---------
userweb-app  | ===========getbyname===================
userweb-app  | ----------------Optional[com.example.demo.model.User@46788bb9]
userweb-app  | ---------me 200---------
userweb-app  | ---------me 200---------
userweb-app  | ===========getbyname===================
userweb-app  | ----------------Optional[com.example.demo.model.User@697f3d27]
userweb-app  | ----------------Optional[com.example.demo.model.User@40b77640]
userweb-app  | ----------------Optional[com.example.demo.model.User@29620fc]
userweb-app  | ---------me 200---------
userweb-app  | ----------------Optional[com.example.demo.model.User@2d471dd2]
userweb-app  | ---------me 200---------
userweb-app  | ---------me 200---------
userweb-app  | ===========getbyname===================
userweb-app  | ===========getbyname===================
userweb-app  | ===========getbyname===================
userweb-app  | ===========getbyname===================
userweb-app  | ----------------Optional[com.example.demo.model.User@628ab0b6]
userweb-app  | ---------me 200---------
userweb-app  | ===========getbyname===================
userweb-app  | ===========getbyname===================
userweb-app  | ===========getbyname===================
userweb-app  | ===========getbyname===================
userweb-app  | ===========getbyname===================
userweb-app  | ----------------Optional[com.example.demo.model.User@6047a68a]
userweb-app  | ----------------Optional[com.example.demo.model.User@56ef6468]
userweb-app  | ---------me 200---------
userweb-app  | ----------------Optional[com.example.demo.model.User@76728cce]
userweb-app  | ----------------Optional[com.example.demo.model.User@4a65358f]
userweb-app  | ---------me 200---------
userweb-app  | ===========getbyname===================
userweb-app  | ----------------Optional[com.example.demo.model.User@3ac39175]
userweb-app  | ===========getbyname===================
userweb-app  | ----------------Optional[com.example.demo.model.User@4c58099b]
userweb-app  | ---------me 200---------
userweb-app  | ----------------Optional[com.example.demo.model.User@4c5b20b1]
userweb-app  | ----------------Optional[com.example.demo.model.User@783f9572]
userweb-app  | ===========getbyname===================
userweb-app  | ----------------Optional[com.example.demo.model.User@5b416d54]
userweb-app  | ---------me 200---------
userweb-app  | ===========getbyname===================
userweb-app  | ---------me 200---------
userweb-app  | ----------------Optional[com.example.demo.model.User@67a48d]
userweb-app  | ===========getbyname===================
userweb-app  | ---------me 200---------
userweb-app  | ----------------Optional[com.example.demo.model.User@bbd238d]
userweb-app  | ---------me 200---------
userweb-app  | ---------me 200---------
userweb-app  | ----------------Optional[com.example.demo.model.User@ec64fc4]
userweb-app  | ---------me 200---------
userweb-app  | ----------------Optional[com.example.demo.model.User@6b5dc966]
userweb-app  | ---------me 200---------
userweb-app  | ----------------Optional[com.example.demo.model.User@6e471796]
userweb-app  | ---------me 200---------
userweb-app  | ----------------Optional[com.example.demo.model.User@d17e899]
userweb-app  | ===========getbyname===================
userweb-app  | ===========getbyname===================
userweb-app  | ===========getbyname===================
userweb-app  | ----------------Optional[com.example.demo.model.User@2f4486a6]
userweb-app  | ---------me 200---------
userweb-app  | ===========getbyname===================
userweb-app  | ----------------Optional[com.example.demo.model.User@68c6eaf1]
userweb-app  | ===========getbyname===================
userweb-app  | ----------------Optional[com.example.demo.model.User@2c0203bd]
userweb-app  | ----------------Optional[com.example.demo.model.User@1c88d41b]
userweb-app  | ===========getbyname===================
userweb-app  | ----------------Optional[com.example.demo.model.User@40aa6897]
userweb-app  | ---------me 200---------
userweb-app  | ===========getbyname===================
userweb-app  | ===========getbyname===================
userweb-app  | ----------------Optional[com.example.demo.model.User@2c17b78b]
userweb-app  | ----------------Optional[com.example.demo.model.User@182a3d3c]
userweb-app  | ----------------Optional[com.example.demo.model.User@3c248346]
userweb-app  | ---------me 200---------
userweb-app  | ---------me 200---------
userweb-app  | ===========getbyname===================
userweb-app  | ----------------Optional[com.example.demo.model.User@6fcc95d3]
userweb-app  | ---------me 200---------
userweb-app  | ---------me 200---------
userweb-app  | ---------me 200---------
userweb-app  | ---------me 200---------
userweb-app  | -----------test_1790235411627_12------1234--------
userweb-app  | ### AUTH ### Thread=http-nio-8080-exec-46 | requestUsername=test_1790235411627_12
userweb-app  | ===========getbyname===================
userweb-app  | ----------------Optional[com.example.demo.model.User@32492d1d]
userweb-app  | ----------finish-------------
userweb-app  | ### AUTH USER ### requestUsername=test_1790235411627_12 | dbUsername=test_1790235411627_12 | userId=102
userweb-app  | ===========getbyname===================
userweb-app  | -----------test_1790235411695_46------1234--------
userweb-app  | ### AUTH ### Thread=http-nio-8080-exec-22 | requestUsername=test_1790235411695_46
userweb-app  | ===========getbyname===================
userweb-app  | ---------me 200---------
userweb-app  | ----------------Optional[com.example.demo.model.User@62f7a95c]
userweb-app  | ===========getbyname===================
userweb-app  | ---------me 200---------
userweb-app  | ----------------Optional[com.example.demo.model.User@7530174f]
userweb-app  | ----------------Optional[com.example.demo.model.User@31c790f2]
userweb-app  | ---------me 200---------
userweb-app  | ----------------Optional[com.example.demo.model.User@5d9787a0]
userweb-app  | ---------me 200---------
userweb-app  | ===========getbyname===================
userweb-app  | ----------------Optional[com.example.demo.model.User@7b433f2e]
userweb-app  | ----------finish-------------
userweb-app  | ### AUTH USER ### requestUsername=test_1790235411695_46 | dbUsername=test_1790235411695_46 | userId=104
userweb-app  | ---------me 200---------
userweb-app  | -----------test_1790235411635_43------1234--------
userweb-app  | -----------test_1790235411641_8------1234--------
userweb-app  | ### AUTH ### Thread=http-nio-8080-exec-40 | requestUsername=test_1790235411641_8
userweb-app  | ===========getbyname===================
userweb-app  | ### AUTH ### Thread=http-nio-8080-exec-31 | requestUsername=test_1790235411635_43
userweb-app  | ===========getbyname===================
userweb-app  | ===========getbyname===================
userweb-app  | ----------------Optional[com.example.demo.model.User@416c92eb]
userweb-app  | ----------finish-------------
userweb-app  | ### AUTH USER ### requestUsername=test_1790235411641_8 | dbUsername=test_1790235411641_8 | userId=101
userweb-app  | ----------------Optional[com.example.demo.model.User@2b06bfce]
userweb-app  | ----------------Optional[com.example.demo.model.User@ebf3405]
userweb-app  | ---------me 200---------
userweb-app  | ----------finish-------------
userweb-app  | ### AUTH USER ### requestUsername=test_1790235411635_43 | dbUsername=test_1790235411635_43 | userId=103
userweb-app  | ===========getbyname===================
userweb-app  | ----------------Optional[com.example.demo.model.User@1221ffa0]
userweb-app  | ----------------Optional[com.example.demo.model.User@1c68365f]
userweb-app  | ---------me 200---------
userweb-app  | ---------me 200---------
userweb-app  | ===========getbyname===================
userweb-app  | ----------------Optional[com.example.demo.model.User@660c5499]
userweb-app  | ---------me 200---------
userweb-app  | ===========getbyname===================
userweb-app  | ===========getbyname===================
userweb-app  | ----------------Optional[com.example.demo.model.User@2df4bc1d]
userweb-app  | ---------me 200---------
userweb-app  | ===========getbyname===================
userweb-app  | ===========getbyname===================
userweb-app  | ----------------Optional[com.example.demo.model.User@4d8d233a]
userweb-app  | ===========getbyname===================
userweb-app  | ---------me 200---------
userweb-app  | ===========getbyname===================
userweb-app  | ===========getbyname===================
userweb-app  | ----------------Optional[com.example.demo.model.User@27910023]
userweb-app  | ---------me 200---------
userweb-app  | ===========getbyname===================
userweb-app  | ----------------Optional[com.example.demo.model.User@7303ec18]
userweb-app  | ---------me 200---------
userweb-app  | ===========getbyname===================
userweb-app  | ===========getbyname===================
userweb-app  | ----------------Optional[com.example.demo.model.User@4d0adfc4]
userweb-app  | ----------------Optional[com.example.demo.model.User@5a9676c]
userweb-app  | ---------me 200---------
userweb-app  | ----------------Optional[com.example.demo.model.User@2ba4e741]
userweb-app  | ===========getbyname===================
userweb-app  | -----------test_1790235411672_53------1234--------
userweb-app  | ### AUTH ### Thread=http-nio-8080-exec-51 | requestUsername=test_1790235411672_53
userweb-app  | ===========getbyname===================
userweb-app  | ===========getbyname===================
userweb-app  | ----------------Optional[com.example.demo.model.User@212f28]
userweb-app  | ===========getbyname===================
userweb-app  | ---------me 200---------
userweb-app  | -----------test_1790235411677_21------1234--------
userweb-app  | ### AUTH ### Thread=http-nio-8080-exec-26 | requestUsername=test_1790235411677_21
userweb-app  | ===========getbyname===================
userweb-app  | ----------------Optional[com.example.demo.model.User@6ae50e45]
userweb-app  | ----------------Optional[com.example.demo.model.User@2c81394f]
userweb-app  | ----------finish-------------
userweb-app  | ### AUTH USER ### requestUsername=test_1790235411672_53 | dbUsername=test_1790235411672_53 | userId=106
userweb-app  | ----------------Optional[com.example.demo.model.User@10823a42]
userweb-app  | ----------------Optional[com.example.demo.model.User@6c597a99]
userweb-app  | ----------finish-------------
userweb-app  | ### AUTH USER ### requestUsername=test_1790235411677_21 | dbUsername=test_1790235411677_21 | userId=105
userweb-app  | ----------------Optional[com.example.demo.model.User@25610e31]
userweb-app  | ===========getbyname===================
userweb-app  | ---------me 200---------
userweb-app  | ---------me 200---------
userweb-app  | ----------------Optional[com.example.demo.model.User@fba8bf3]
userweb-app  | ---------me 200---------
userweb-app  | ===========getbyname===================
userweb-app  | ----------------Optional[com.example.demo.model.User@4d582740]
userweb-app  | ---------me 200---------
userweb-app  | ===========getbyname===================
userweb-app  | ----------------Optional[com.example.demo.model.User@14d244e]
userweb-app  | ---------me 200---------
userweb-app  | -----------test_1790235411838_35------1234--------
userweb-app  | ### AUTH ### Thread=http-nio-8080-exec-2 | requestUsername=test_1790235411838_35
userweb-app  | ===========getbyname===================
userweb-app  | ----------------Optional[com.example.demo.model.User@20240963]
userweb-app  | ----------finish-------------
userweb-app  | ### AUTH USER ### requestUsername=test_1790235411838_35 | dbUsername=test_1790235411838_35 | userId=114
userweb-app  | -----------test_1790235411872_49------1234--------
userweb-app  | ### AUTH ### Thread=http-nio-8080-exec-25 | requestUsername=test_1790235411872_49
userweb-app  | ===========getbyname===================
userweb-app  | ----------------Optional[com.example.demo.model.User@7c0713fd]
userweb-app  | ----------finish-------------
userweb-app  | ### AUTH USER ### requestUsername=test_1790235411872_49 | dbUsername=test_1790235411872_49 | userId=113
userweb-app  | -----------test_1790235411851_40------1234--------
userweb-app  | ### AUTH ### Thread=http-nio-8080-exec-14 | requestUsername=test_1790235411851_40
userweb-app  | ===========getbyname===================
userweb-app  | ----------------Optional[com.example.demo.model.User@28f96800]
userweb-app  | ===========getbyname===================
userweb-app  | ----------------Optional[com.example.demo.model.User@1dc7f867]
userweb-app  | ---------me 200---------
userweb-app  | ===========getbyname===================
userweb-app  | ----------------Optional[com.example.demo.model.User@7bbe7865]
userweb-app  | ---------me 200---------
userweb-app  | ----------finish-------------
userweb-app  | ### AUTH USER ### requestUsername=test_1790235411851_40 | dbUsername=test_1790235411851_40 | userId=124
userweb-app  | -----------test_1790235411589_47------1234--------
userweb-app  | ### AUTH ### Thread=http-nio-8080-exec-13 | requestUsername=test_1790235411589_47
userweb-app  | ===========getbyname===================
userweb-app  | ===========getbyname===================
userweb-app  | -----------test_1790235411900_19------1234--------
userweb-app  | ### AUTH ### Thread=http-nio-8080-exec-24 | requestUsername=test_1790235411900_19
userweb-app  | ===========getbyname===================
userweb-app  | ----------------Optional[com.example.demo.model.User@c9a31bb]
userweb-app  | ---------me 200---------
userweb-app  | ----------------Optional[com.example.demo.model.User@4bc0006f]
userweb-app  | ----------------Optional[com.example.demo.model.User@6d3d1548]
userweb-app  | ----------finish-------------
userweb-app  | ### AUTH USER ### requestUsername=test_1790235411589_47 | dbUsername=test_1790235411589_47 | userId=107
userweb-app  | ----------finish-------------
userweb-app  | ### AUTH USER ### requestUsername=test_1790235411900_19 | dbUsername=test_1790235411900_19 | userId=116
userweb-app  | -----------test_1790235411844_39------1234--------
userweb-app  | ### AUTH ### Thread=http-nio-8080-exec-30 | requestUsername=test_1790235411844_39
userweb-app  | ===========getbyname===================
userweb-app  | ----------------Optional[com.example.demo.model.User@387645a4]
userweb-app  | ===========getbyname===================
userweb-app  | ----------------Optional[com.example.demo.model.User@b7003bc]
userweb-app  | ------------------------------
userweb-app  | ===========getbyname===================
userweb-app  | ----------finish-------------
userweb-app  | ### AUTH USER ### requestUsername=test_1790235411844_39 | dbUsername=test_1790235411844_39 | userId=119
userweb-app  | ===========getbyname===================
userweb-app  | ----------------Optional[com.example.demo.model.User@ff78093]
userweb-app  | ---------me 200---------
userweb-app  | -----------test_1790235411702_6------1234--------
userweb-app  | ### AUTH ### Thread=http-nio-8080-exec-44 | requestUsername=test_1790235411702_6
userweb-app  | ===========getbyname===================
userweb-app  | -----------test_1790235411809_20------1234--------
userweb-app  | ### AUTH ### Thread=http-nio-8080-exec-21 | requestUsername=test_1790235411809_20
userweb-app  | ===========getbyname===================
userweb-app  | ----------------Optional[com.example.demo.model.User@611b0eb3]
userweb-app  | ----------finish-------------
userweb-app  | ### AUTH USER ### requestUsername=test_1790235411809_20 | dbUsername=test_1790235411809_20 | userId=108
userweb-app  | ===========getbyname===================
userweb-app  | ----------------Optional[com.example.demo.model.User@62155d59]
userweb-app  | ------------------------------
userweb-app  | ===========getbyname===================
userweb-app  | ----------------Optional[com.example.demo.model.User@6fe663ef]
userweb-app  | ---------me 200---------
userweb-app  | ----------------Optional[com.example.demo.model.User@384a555f]
userweb-app  | ----------finish-------------
userweb-app  | ### AUTH USER ### requestUsername=test_1790235411702_6 | dbUsername=test_1790235411702_6 | userId=109
userweb-app  | ===========getbyname===================
userweb-app  | ---------me 200---------
userweb-app  | -----------test_1790235411791_15------1234--------
userweb-app  | ### AUTH ### Thread=http-nio-8080-exec-58 | requestUsername=test_1790235411791_15
userweb-app  | ===========getbyname===================
userweb-app  | ===========getbyname===================
userweb-app  | ----------------Optional[com.example.demo.model.User@55b74798]
userweb-app  | ---------me 200---------
userweb-app  | ----------------Optional[com.example.demo.model.User@25fd3393]
userweb-app  | ---------me 200---------
userweb-app  | ---------me 200---------
userweb-app  | -----------test_1790235412061_11------1234--------
userweb-app  | ### AUTH ### Thread=http-nio-8080-exec-15 | requestUsername=test_1790235412061_11
userweb-app  | ===========getbyname===================
userweb-app  | ----------------Optional[com.example.demo.model.User@cc71c7f]
userweb-app  | ---------me 200---------
userweb-app  | -----------test_1790235412056_34------1234--------
userweb-app  | -----------test_1790235411919_51------1234--------
userweb-app  | -----------test_1790235411902_16------1234--------
userweb-app  | ===========getbyname===================
userweb-app  | ----------------Optional[com.example.demo.model.User@625527db]
userweb-app  | ---------me 200---------
userweb-app  | ----------------Optional[com.example.demo.model.User@12f2c71c]
userweb-app  | ---------me 200---------
userweb-app  | ===========getbyname===================
userweb-app  | ----------------Optional[com.example.demo.model.User@4e22c8d3]
userweb-app  | ----------------Optional[com.example.demo.model.User@1ff26cdc]
userweb-app  | ---------me 200---------
userweb-app  | -----------test_1790235412056_42------1234--------
userweb-app  | ===========getbyname===================
userweb-app  | ===========getbyname===================
userweb-app  | ----------------Optional[com.example.demo.model.User@2e62ba7]
userweb-app  | ---------me 200---------
userweb-app  | ----------------Optional[com.example.demo.model.User@26aa3a2d]
userweb-app  | ---------me 200---------
userweb-app  | -----------test_1790235411815_9------1234--------
userweb-app  | -----------test_1790235411856_36------1234--------
userweb-app  | ===========getbyname===================
userweb-app  | ----------------Optional[com.example.demo.model.User@40066631]
userweb-app  | ===========getbyname===================
userweb-app  | ----------------Optional[com.example.demo.model.User@5a7733da]
userweb-app  | ---------me 200---------
userweb-app  | ----------------Optional[com.example.demo.model.User@12a0c13b]
userweb-app  | ----------finish-------------
userweb-app  | ### AUTH USER ### requestUsername=test_1790235412061_11 | dbUsername=test_1790235412061_11 | userId=120
userweb-app  | ===========getbyname===================
userweb-app  | ### AUTH ### Thread=http-nio-8080-exec-38 | requestUsername=test_1790235412056_34
userweb-app  | ===========getbyname===================
userweb-app  | ----------------Optional[com.example.demo.model.User@414c17c2]
userweb-app  | ----------finish-------------
userweb-app  | ### AUTH USER ### requestUsername=test_1790235412056_34 | dbUsername=test_1790235412056_34 | userId=122
userweb-app  | ===========getbyname===================
userweb-app  | ----------------Optional[com.example.demo.model.User@48f5965e]
userweb-app  | ----------------Optional[com.example.demo.model.User@101df857]
userweb-app  | -----------test_1790235411680_32------1234--------
userweb-app  | ### AUTH ### Thread=http-nio-8080-exec-8 | requestUsername=test_1790235411680_32
userweb-app  | ===========getbyname===================
userweb-app  | ----------finish-------------
userweb-app  | ### AUTH USER ### requestUsername=test_1790235411791_15 | dbUsername=test_1790235411791_15 | userId=115
userweb-app  | ---------me 200---------
userweb-app  | ----------------Optional[com.example.demo.model.User@3e46530b]
userweb-app  | ### AUTH ### Thread=http-nio-8080-exec-54 | requestUsername=test_1790235411919_51
userweb-app  | ===========getbyname===================
userweb-app  | ----------------Optional[com.example.demo.model.User@38216839]
userweb-app  | ----------finish-------------
userweb-app  | ### AUTH USER ### requestUsername=test_1790235411919_51 | dbUsername=test_1790235411919_51 | userId=112
userweb-app  | -----------test_1790235411966_24------1234--------
userweb-app  | ### AUTH ### Thread=http-nio-8080-exec-46 | requestUsername=test_1790235411966_24
userweb-app  | ===========getbyname===================
userweb-app  | ----------------Optional[com.example.demo.model.User@63b248e]
userweb-app  | ----------finish-------------
userweb-app  | ### AUTH USER ### requestUsername=test_1790235411680_32 | dbUsername=test_1790235411680_32 | userId=111
userweb-app  | ===========getbyname===================
userweb-app  | ===========getbyname===================
userweb-app  | ----------------Optional[com.example.demo.model.User@6cd8420e]
userweb-app  | ----------------Optional[com.example.demo.model.User@40344311]
userweb-app  | ------------------------------
userweb-app  | ---------me 200---------
userweb-app  | ===========getbyname===================
userweb-app  | ----------------Optional[com.example.demo.model.User@5d98aa6]
userweb-app  | ----------------Optional[com.example.demo.model.User@321ad0d9]
userweb-app  | ===========getbyname===================
userweb-app  | ===========getbyname===================
userweb-app  | ===========getbyname===================
userweb-app  | ---------me 200---------
userweb-app  | ----------------Optional[com.example.demo.model.User@71f93e87]
userweb-app  | ===========getbyname===================
userweb-app  | ----------------Optional[com.example.demo.model.User@28952cf5]
userweb-app  | ----------------Optional[com.example.demo.model.User@2209a079]
userweb-app  | ------------------------------
userweb-app  | -----------test_1790235411984_55------1234--------
userweb-app  | ### AUTH ### Thread=http-nio-8080-exec-17 | requestUsername=test_1790235411984_55
userweb-app  | ===========getbyname===================
userweb-app  | -----------test_1790235412080_54------1234--------
userweb-app  | ### AUTH ### Thread=http-nio-8080-exec-56 | requestUsername=test_1790235412080_54
userweb-app  | ===========getbyname===================
userweb-app  | ===========getbyname===================
userweb-app  | ----------------Optional[com.example.demo.model.User@e892ee8]
userweb-app  | ----------------Optional[com.example.demo.model.User@578684a6]
userweb-app  | ---------me 200---------
userweb-app  | ----------------Optional[com.example.demo.model.User@5a081a78]
userweb-app  | ---------me 200---------
userweb-app  | ---------me 200---------
userweb-app  | ----------finish-------------
userweb-app  | ### AUTH USER ### requestUsername=test_1790235411984_55 | dbUsername=test_1790235411984_55 | userId=126
userweb-app  | ### AUTH ### Thread=http-nio-8080-exec-52 | requestUsername=test_1790235412056_42
userweb-app  | ===========getbyname===================
userweb-app  | ----------finish-------------
userweb-app  | ### AUTH USER ### requestUsername=test_1790235411966_24 | dbUsername=test_1790235411966_24 | userId=134
userweb-app  | ----------------Optional[com.example.demo.model.User@2b612766]
userweb-app  | ---------me 200---------
userweb-app  | ### AUTH ### Thread=http-nio-8080-exec-9 | requestUsername=test_1790235411856_36
userweb-app  | ===========getbyname===================
userweb-app  | ----------------Optional[com.example.demo.model.User@7ccd6f01]
userweb-app  | ----------finish-------------
userweb-app  | ### AUTH USER ### requestUsername=test_1790235412080_54 | dbUsername=test_1790235412080_54 | userId=132
userweb-app  | ### AUTH ### Thread=http-nio-8080-exec-50 | requestUsername=test_1790235411902_16
userweb-app  | ===========getbyname===================
userweb-app  | ----------------Optional[com.example.demo.model.User@681c4242]
userweb-app  | -----------test_1790235411705_14------1234--------
userweb-app  | ### AUTH ### Thread=http-nio-8080-exec-29 | requestUsername=test_1790235411705_14
userweb-app  | ===========getbyname===================
userweb-app  | ----------finish-------------
userweb-app  | ### AUTH USER ### requestUsername=test_1790235411902_16 | dbUsername=test_1790235411902_16 | userId=123
userweb-app  | ----------finish-------------
userweb-app  | ### AUTH USER ### requestUsername=test_1790235411856_36 | dbUsername=test_1790235411856_36 | userId=117
userweb-app  | ===========getbyname===================
userweb-app  | ----------------Optional[com.example.demo.model.User@1e1811f0]
userweb-app  | ------------------------------
userweb-app  | ===========getbyname===================
userweb-app  | -----------test_1790235412289_7------1234--------
userweb-app  | ===========getbyname===================
userweb-app  | ### AUTH ### Thread=http-nio-8080-exec-24 | requestUsername=test_1790235412289_7
userweb-app  | ===========getbyname===================
userweb-app  | -----------test_1790235411796_28------1234--------
userweb-app  | ### AUTH ### Thread=http-nio-8080-exec-5 | requestUsername=test_1790235411796_28
userweb-app  | ===========getbyname===================
userweb-app  | -----------test_1790235411913_13------1234--------
userweb-app  | ### AUTH ### Thread=http-nio-8080-exec-4 | requestUsername=test_1790235411913_13
userweb-app  | ===========getbyname===================
userweb-app  | -----------test_1790235411809_2------1234--------
userweb-app  | ### AUTH ### Thread=http-nio-8080-exec-16 | requestUsername=test_1790235411809_2
userweb-app  | ===========getbyname===================
userweb-app  | ----------------Optional[com.example.demo.model.User@7c4eb435]
userweb-app  | ----------------Optional[com.example.demo.model.User@7e77e4d]
userweb-app  | ----------finish-------------
userweb-app  | ----------finish-------------
userweb-app  | ### AUTH USER ### requestUsername=test_1790235411809_2 | dbUsername=test_1790235411809_2 | userId=131
userweb-app  | ### AUTH USER ### requestUsername=test_1790235411796_28 | dbUsername=test_1790235411796_28 | userId=110
userweb-app  | ----------------Optional[com.example.demo.model.User@7bf9ddcf]
userweb-app  | ----------------Optional[com.example.demo.model.User@39538ef6]
userweb-app  | ### AUTH ### Thread=http-nio-8080-exec-55 | requestUsername=test_1790235411815_9
userweb-app  | -----------test_1790235411858_50------1234--------
userweb-app  | ===========getbyname===================
userweb-app  | ===========getbyname===================
userweb-app  | ----------------Optional[com.example.demo.model.User@5d76158e]
userweb-app  | ----------------Optional[com.example.demo.model.User@1f754886]
userweb-app  | -----------test_1790235411883_3------1234--------
userweb-app  | ### AUTH ### Thread=http-nio-8080-exec-32 | requestUsername=test_1790235411883_3
userweb-app  | ===========getbyname===================
userweb-app  | ----------finish-------------
userweb-app  | ------------------------------
userweb-app  | ### AUTH USER ### requestUsername=test_1790235411705_14 | dbUsername=test_1790235411705_14 | userId=136
userweb-app  | ----------------Optional[com.example.demo.model.User@6f491a27]
userweb-app  | ----------------Optional[com.example.demo.model.User@13d5506]
userweb-app  | ---------me 200---------
userweb-app  | ### AUTH ### Thread=http-nio-8080-exec-26 | requestUsername=test_1790235411858_50
userweb-app  | ===========getbyname===================
userweb-app  | ----------finish-------------
userweb-app  | ### AUTH USER ### requestUsername=test_1790235411913_13 | dbUsername=test_1790235411913_13 | userId=137
userweb-app  | ----------finish-------------
userweb-app  | ### AUTH USER ### requestUsername=test_1790235412056_42 | dbUsername=test_1790235412056_42 | userId=121
userweb-app  | ----------finish-------------
userweb-app  | ### AUTH USER ### requestUsername=test_1790235411815_9 | dbUsername=test_1790235411815_9 | userId=127
userweb-app  | ----------------Optional[com.example.demo.model.User@4e9f289c]
userweb-app  | ----------------Optional[com.example.demo.model.User@6a44b8f1]
userweb-app  | -----------test_1790235411858_18------1234--------
userweb-app  | ----------finish-------------
userweb-app  | ### AUTH USER ### requestUsername=test_1790235412289_7 | dbUsername=test_1790235412289_7 | userId=133
userweb-app  | ----------------Optional[com.example.demo.model.User@3b709b97]
userweb-app  | ----------finish-------------
userweb-app  | ### AUTH USER ### requestUsername=test_1790235411883_3 | dbUsername=test_1790235411883_3 | userId=118
userweb-app  | ### AUTH ### Thread=http-nio-8080-exec-57 | requestUsername=test_1790235411858_18
userweb-app  | ===========getbyname===================
userweb-app  | ----------------Optional[com.example.demo.model.User@4a1f8903]
userweb-app  | ----------finish-------------
userweb-app  | ### AUTH USER ### requestUsername=test_1790235411858_18 | dbUsername=test_1790235411858_18 | userId=129
userweb-app  | -----------test_1790235411993_17------1234--------
userweb-app  | ### AUTH ### Thread=http-nio-8080-exec-31 | requestUsername=test_1790235411993_17
userweb-app  | ===========getbyname===================
userweb-app  | ----------------Optional[com.example.demo.model.User@780d71e5]
userweb-app  | ----------finish-------------
userweb-app  | ### AUTH USER ### requestUsername=test_1790235411858_50 | dbUsername=test_1790235411858_50 | userId=125
userweb-app  | -----------test_1790235411719_23------1234--------
userweb-app  | ### AUTH ### Thread=http-nio-8080-exec-37 | requestUsername=test_1790235411719_23
userweb-app  | ===========getbyname===================
userweb-app  | ----------------Optional[com.example.demo.model.User@64c23a8e]
userweb-app  | ----------finish-------------
userweb-app  | -----------test_1790235411986_52------1234--------
userweb-app  | ### AUTH ### Thread=http-nio-8080-exec-34 | requestUsername=test_1790235411986_52
userweb-app  | ===========getbyname===================
userweb-app  | ===========getbyname===================
userweb-app  | ===========getbyname===================
userweb-app  | -----------test_1790235411902_25------1234--------
userweb-app  | ### AUTH ### Thread=http-nio-8080-exec-42 | requestUsername=test_1790235411902_25
userweb-app  | ===========getbyname===================
userweb-app  | ----------------Optional[com.example.demo.model.User@129cb6ab]
userweb-app  | ----------------Optional[com.example.demo.model.User@25c0c857]
userweb-app  | ----------finish-------------
userweb-app  | ### AUTH USER ### requestUsername=test_1790235411986_52 | dbUsername=test_1790235411986_52 | userId=138
userweb-app  | ### AUTH USER ### requestUsername=test_1790235411719_23 | dbUsername=test_1790235411719_23 | userId=130
userweb-app  | ----------------Optional[com.example.demo.model.User@28f6ed49]
userweb-app  | ----------finish-------------
userweb-app  | ### AUTH USER ### requestUsername=test_1790235411902_25 | dbUsername=test_1790235411902_25 | userId=128
userweb-app  | -----------test_1790235411860_45------1234--------
userweb-app  | ### AUTH ### Thread=http-nio-8080-exec-7 | requestUsername=test_1790235411860_45
userweb-app  | ===========getbyname===================
userweb-app  | ===========getbyname===================
userweb-app  | ----------------Optional[com.example.demo.model.User@7624c037]
userweb-app  | ----------------Optional[com.example.demo.model.User@1def408]
userweb-app  | ---------me 200---------
userweb-app  | ----------finish-------------
userweb-app  | ### AUTH USER ### requestUsername=test_1790235411860_45 | dbUsername=test_1790235411860_45 | userId=135
userweb-app  | ----------------Optional[com.example.demo.model.User@4ebb0444]
userweb-app  | ===========getbyname===================
userweb-app  | ----------------Optional[com.example.demo.model.User@74d250b6]
userweb-app  | ------------------------------
userweb-app  | ----------------Optional[com.example.demo.model.User@50f58fab]
userweb-app  | ----------finish-------------
userweb-app  | ### AUTH USER ### requestUsername=test_1790235411993_17 | dbUsername=test_1790235411993_17 | userId=139
userweb-app  | ===========getbyname===================
userweb-app  | ----------------Optional[com.example.demo.model.User@23a6d310]
userweb-app  | ---------me 200---------
userweb-app  | ===========getbyname===================
userweb-app  | ----------------Optional[com.example.demo.model.User@64f2ec98]
userweb-app  | ---------me 200---------
userweb-app  | ===========getbyname===================
userweb-app  | ===========getbyname===================
userweb-app  | ===========getbyname===================
userweb-app  | -----------test_1790235411970_22------1234--------
userweb-app  | ### AUTH ### Thread=http-nio-8080-exec-40 | requestUsername=test_1790235411970_22
userweb-app  | ===========getbyname===================
userweb-app  | ===========getbyname===================
userweb-app  | ----------------Optional[com.example.demo.model.User@2a3e8983]
userweb-app  | ----------------Optional[com.example.demo.model.User@29b26e60]
userweb-app  | ---------me 200---------
userweb-app  | ---------me 200---------
userweb-app  | ===========getbyname===================
userweb-app  | ----------------Optional[com.example.demo.model.User@5edc7dd3]
userweb-app  | ===========getbyname===================
userweb-app  | ------------------------------
userweb-app  | ----------------Optional[com.example.demo.model.User@31d42b50]
userweb-app  | -----------test_1790235411690_1------1234--------
userweb-app  | ### AUTH ### Thread=http-nio-8080-exec-8 | requestUsername=test_1790235411690_1
userweb-app  | ===========getbyname===================
userweb-app  | ----------------Optional[com.example.demo.model.User@3a420d8f]
userweb-app  | ----------finish-------------
userweb-app  | ### AUTH USER ### requestUsername=test_1790235411690_1 | dbUsername=test_1790235411690_1 | userId=146
userweb-app  | ===========getbyname===================
userweb-app  | ------------------------------
userweb-app  | ===========getbyname===================
userweb-app  | ----------------Optional[com.example.demo.model.User@7e6f9322]
userweb-app  | ---------me 200---------
userweb-app  | ===========getbyname===================
userweb-app  | ----------------Optional[com.example.demo.model.User@2c1b7251]
userweb-app  | ------------------------------
userweb-app  | ===========getbyname===================
userweb-app  | ===========getbyname===================
userweb-app  | -----------test_1790235411721_38------1234--------
userweb-app  | ### AUTH ### Thread=http-nio-8080-exec-35 | requestUsername=test_1790235411721_38
userweb-app  | ===========getbyname===================
userweb-app  | ----------------Optional[com.example.demo.model.User@4278cf46]
userweb-app  | ----------------Optional[com.example.demo.model.User@3fb4e855]
userweb-app  | ----------------Optional[com.example.demo.model.User@3c3949f]
userweb-app  | ===========getbyname===================
userweb-app  | ----------finish-------------
userweb-app  | ### AUTH USER ### requestUsername=test_1790235411970_22 | dbUsername=test_1790235411970_22 | userId=145
userweb-app  | ----------------Optional[com.example.demo.model.User@34a9a6d3]
userweb-app  | ----------------Optional[com.example.demo.model.User@5caa863]
userweb-app  | ------------------------------
userweb-app  | ===========getbyname===================
userweb-app  | ---------me 200---------
userweb-app  | ----------------Optional[com.example.demo.model.User@6dd4d21d]
userweb-app  | -----------test_1790235411664_10------1234--------
userweb-app  | ### AUTH ### Thread=http-nio-8080-exec-36 | requestUsername=test_1790235411664_10
userweb-app  | ===========getbyname===================
userweb-app  | ---------me 200---------
userweb-app  | ------------------------------
userweb-app  | ===========getbyname===================
userweb-app  | -----------test_1790235412148_27------1234--------
userweb-app  | ### AUTH ### Thread=http-nio-8080-exec-4 | requestUsername=test_1790235412148_27
userweb-app  | ===========getbyname===================
userweb-app  | -----------test_1790235411705_26------1234--------
userweb-app  | ### AUTH ### Thread=http-nio-8080-exec-3 | requestUsername=test_1790235411705_26
userweb-app  | ===========getbyname===================
userweb-app  | ----------------Optional[com.example.demo.model.User@30cca1e0]
userweb-app  | ----------finish-------------
userweb-app  | ### AUTH USER ### requestUsername=test_1790235411705_26 | dbUsername=test_1790235411705_26 | userId=144
userweb-app  | ----------------Optional[com.example.demo.model.User@4519025a]
userweb-app  | ----------finish-------------
userweb-app  | ### AUTH USER ### requestUsername=test_1790235412148_27 | dbUsername=test_1790235412148_27 | userId=143
userweb-app  | ----------------Optional[com.example.demo.model.User@154f95f6]
userweb-app  | ----------------Optional[com.example.demo.model.User@4d47c294]
userweb-app  | -----------test_1790235411929_37------1234--------
userweb-app  | ### AUTH ### Thread=http-nio-8080-exec-18 | requestUsername=test_1790235411929_37
userweb-app  | ===========getbyname===================
userweb-app  | ===========getbyname===================
userweb-app  | ===========getbyname===================
userweb-app  | ===========getbyname===================
userweb-app  | ----------------Optional[com.example.demo.model.User@220d19e]
userweb-app  | ----------------Optional[com.example.demo.model.User@28bf992d]
userweb-app  | ---------me 200---------
userweb-app  | ===========getbyname===================
userweb-app  | ----------------Optional[com.example.demo.model.User@48001897]
userweb-app  | ----------------Optional[com.example.demo.model.User@4b9230da]
userweb-app  | ------------------------------
userweb-app  | ----------------Optional[com.example.demo.model.User@5e3abf7]
userweb-app  | ===========getbyname===================
userweb-app  | ----------------Optional[com.example.demo.model.User@5af75a19]
userweb-app  | ---------me 200---------
userweb-app  | ===========getbyname===================
userweb-app  | -----------test_1790235412080_30------1234--------
userweb-app  | ### AUTH ### Thread=http-nio-8080-exec-19 | requestUsername=test_1790235412080_30
userweb-app  | ===========getbyname===================
userweb-app  | ===========getbyname===================
userweb-app  | ----------------Optional[com.example.demo.model.User@4bc0655b]
userweb-app  | ------------------------------
userweb-app  | ===========getbyname===================
userweb-app  | ----------------Optional[com.example.demo.model.User@405afab2]
userweb-app  | ----------------Optional[com.example.demo.model.User@28ddd256]
userweb-app  | ----------------Optional[com.example.demo.model.User@41d42f0]
userweb-app  | ----------------Optional[com.example.demo.model.User@4d1a2ace]
userweb-app  | ----------finish-------------
userweb-app  | ------------------------------
userweb-app  | ### AUTH USER ### requestUsername=test_1790235411721_38 | dbUsername=test_1790235411721_38 | userId=140
userweb-app  | ===========getbyname===================
userweb-app  | ===========getbyname===================
userweb-app  | ===========getbyname===================
userweb-app  | ----------------Optional[com.example.demo.model.User@15328edd]
userweb-app  | ----------------Optional[com.example.demo.model.User@4dc7e415]
userweb-app  | ---------me 200---------
userweb-app  | ===========getbyname===================
userweb-app  | ===========getbyname===================
userweb-app  | ----------------Optional[com.example.demo.model.User@3c149f45]
userweb-app  | ===========getbyname===================
userweb-app  | ------------------------------
userweb-app  | ----------------Optional[com.example.demo.model.User@23f1811e]
userweb-app  | ----------------Optional[com.example.demo.model.User@7febf55c]
userweb-app  | ===========getbyname===================
userweb-app  | ----------------Optional[com.example.demo.model.User@2ab1cf6]
userweb-app  | ------------------------------
userweb-app  | ----------finish-------------
userweb-app  | ### AUTH USER ### requestUsername=test_1790235412080_30 | dbUsername=test_1790235412080_30 | userId=149
userweb-app  | ===========getbyname===================
userweb-app  | ----------------Optional[com.example.demo.model.User@78da7a20]
userweb-app  | ------------------------------
userweb-app  | ===========getbyname===================
userweb-app  | -----------test_1790235411975_41------1234--------
userweb-app  | ### AUTH ### Thread=http-nio-8080-exec-14 | requestUsername=test_1790235411975_41
userweb-app  | ===========getbyname===================
userweb-app  | -----------test_1790235411900_48------1234--------
userweb-app  | ### AUTH ### Thread=http-nio-8080-exec-45 | requestUsername=test_1790235411900_48
userweb-app  | ===========getbyname===================
userweb-app  | ----------------Optional[com.example.demo.model.User@75b364f]
userweb-app  | ----------finish-------------
userweb-app  | ### AUTH USER ### requestUsername=test_1790235411900_48 | dbUsername=test_1790235411900_48 | userId=147
userweb-app  | ----------------Optional[com.example.demo.model.User@7e763534]
userweb-app  | ----------------Optional[com.example.demo.model.User@65585e0c]
userweb-app  | ----------finish-------------
userweb-app  | ### AUTH USER ### requestUsername=test_1790235411664_10 | dbUsername=test_1790235411664_10 | userId=141
userweb-app  | ----------finish-------------
userweb-app  | ### AUTH USER ### requestUsername=test_1790235411975_41 | dbUsername=test_1790235411975_41 | userId=151
userweb-app  | ===========getbyname===================
userweb-app  | ----------------Optional[com.example.demo.model.User@1e2af77a]
userweb-app  | ------------------------------
userweb-app  | ----------------Optional[com.example.demo.model.User@1e235c0b]
userweb-app  | ===========getbyname===================
userweb-app  | ----------------Optional[com.example.demo.model.User@4bc1fdfa]
userweb-app  | ------------------------------
userweb-app  | ----------------Optional[com.example.demo.model.User@691b725a]
userweb-app  | ---------me 200---------
userweb-app  | ----------finish-------------
userweb-app  | ### AUTH USER ### requestUsername=test_1790235411929_37 | dbUsername=test_1790235411929_37 | userId=142
userweb-app  | ===========getbyname===================
userweb-app  | ------------------------------
userweb-app  | ----------------Optional[com.example.demo.model.User@44a51449]
userweb-app  | ------------------------------
userweb-app  | ===========getbyname===================
userweb-app  | ----------------Optional[com.example.demo.model.User@3ac7cbeb]
userweb-app  | ===========getbyname===================
userweb-app  | ----------------Optional[com.example.demo.model.User@3762d05b]
userweb-app  | ------------------------------
userweb-app  | ===========getbyname===================
userweb-app  | ----------------Optional[com.example.demo.model.User@16925ddf]
userweb-app  | ---------me 200---------
userweb-app  | ===========getbyname===================
userweb-app  | ----------------Optional[com.example.demo.model.User@7edd4862]
userweb-app  | ------------------------------
userweb-app  | ===========getbyname===================
userweb-app  | ===========getbyname===================
userweb-app  | ===========getbyname===================
userweb-app  | ----------------Optional[com.example.demo.model.User@13b2615f]
userweb-app  | ----------------Optional[com.example.demo.model.User@6e8b74db]
userweb-app  | ---------me 200---------
userweb-app  | ----------------Optional[com.example.demo.model.User@33c8dbb0]
userweb-app  | -----------test_1790235412050_4------1234--------
userweb-app  | ### AUTH ### Thread=http-nio-8080-exec-51 | requestUsername=test_1790235412050_4
userweb-app  | ===========getbyname===================
userweb-app  | ----------------Optional[com.example.demo.model.User@1ebc9fcc]
userweb-app  | ----------finish-------------
userweb-app  | ### AUTH USER ### requestUsername=test_1790235412050_4 | dbUsername=test_1790235412050_4 | userId=148
userweb-app  | ===========getbyname===================
userweb-app  | ===========getbyname===================
userweb-app  | ----------------Optional[com.example.demo.model.User@140f678]
userweb-app  | ---------me 200---------
userweb-app  | ===========getbyname===================
userweb-app  | ===========getbyname===================
userweb-app  | ===========getbyname===================
userweb-app  | ------------------------------
userweb-app  | ----------------Optional[com.example.demo.model.User@17ea472d]
userweb-app  | ----------------Optional[com.example.demo.model.User@56d0c5e4]
userweb-app  | ------------------------------
userweb-app  | ------------------------------
userweb-app  | ----------------Optional[com.example.demo.model.User@270de9ef]
userweb-app  | ===========getbyname===================
userweb-app  | ----------------Optional[com.example.demo.model.User@4c12e803]
userweb-app  | ------------------------------
userweb-app  | ----------------Optional[com.example.demo.model.User@62109a2c]
userweb-app  | ===========getbyname===================
userweb-app  | ------------------------------
userweb-app  | ----------------Optional[com.example.demo.model.User@5ea761fc]
userweb-app  | ------------------------------
userweb-app  | ===========getbyname===================
userweb-app  | ----------------Optional[com.example.demo.model.User@269c4c6]
userweb-app  | ===========getbyname===================
userweb-app  | -----------test_1790235411956_29------1234--------
userweb-app  | ### AUTH ### Thread=http-nio-8080-exec-56 | requestUsername=test_1790235411956_29
userweb-app  | ===========getbyname===================
userweb-app  | ----------------Optional[com.example.demo.model.User@46d8b4d9]
userweb-app  | ===========getbyname===================
userweb-app  | ----------finish-------------
userweb-app  | ### AUTH USER ### requestUsername=test_1790235411956_29 | dbUsername=test_1790235411956_29 | userId=155
userweb-app  | ===========getbyname===================
userweb-app  | ----------------Optional[com.example.demo.model.User@7893117a]
userweb-app  | ----------------Optional[com.example.demo.model.User@6676d087]
userweb-app  | -----------test_1790235411717_33------1234--------
userweb-app  | ### AUTH ### Thread=http-nio-8080-exec-11 | requestUsername=test_1790235411717_33
userweb-app  | ===========getbyname===================
userweb-app  | ----------------Optional[com.example.demo.model.User@2a4cc04d]
userweb-app  | ----------finish-------------
userweb-app  | ### AUTH USER ### requestUsername=test_1790235411717_33 | dbUsername=test_1790235411717_33 | userId=150
userweb-app  | ----------------Optional[com.example.demo.model.User@1c94a772]
userweb-app  | ---------me 200---------
userweb-app  | ===========getbyname===================
userweb-app  | ----------------Optional[com.example.demo.model.User@6dd0e72c]
userweb-app  | ----------------Optional[com.example.demo.model.User@4875a416]
userweb-app  | ===========getbyname===================
userweb-app  | -----------test_1790235411972_31------1234--------
userweb-app  | ### AUTH ### Thread=http-nio-8080-exec-48 | requestUsername=test_1790235411972_31
userweb-app  | ===========getbyname===================
userweb-app  | ----------------Optional[com.example.demo.model.User@74332a82]
userweb-app  | ----------finish-------------
userweb-app  | ### AUTH USER ### requestUsername=test_1790235411972_31 | dbUsername=test_1790235411972_31 | userId=154
userweb-app  | ===========getbyname===================
userweb-app  | ----------------Optional[com.example.demo.model.User@a2842d7]
userweb-app  | ----------------Optional[com.example.demo.model.User@65fdb9e7]
userweb-app  | ------------------------------
userweb-app  | ===========getbyname===================
userweb-app  | ----------------Optional[com.example.demo.model.User@9bc57aa]
userweb-app  | ===========getbyname===================
userweb-app  | ----------------Optional[com.example.demo.model.User@1ae0dfc8]
userweb-app  | ------------------------------
userweb-app  | ===========getbyname===================
userweb-app  | -----------test_1790235411814_44------1234--------
userweb-app  | ### AUTH ### Thread=http-nio-8080-exec-9 | requestUsername=test_1790235411814_44
userweb-app  | ===========getbyname===================
userweb-app  | ===========getbyname===================
userweb-app  | ----------------Optional[com.example.demo.model.User@62f2c594]
userweb-app  | ----------------Optional[com.example.demo.model.User@2c79f995]
userweb-app  | ----------finish-------------
userweb-app  | ### AUTH USER ### requestUsername=test_1790235411814_44 | dbUsername=test_1790235411814_44 | userId=153
userweb-app  | -----------test_1790235412535_5------1234--------
userweb-app  | ### AUTH ### Thread=http-nio-8080-exec-20 | requestUsername=test_1790235412535_5
userweb-app  | ===========getbyname===================
userweb-app  | ----------------Optional[com.example.demo.model.User@164c2781]
userweb-app  | ----------finish-------------
userweb-app  | ### AUTH USER ### requestUsername=test_1790235412535_5 | dbUsername=test_1790235412535_5 | userId=152
userweb-app  | ===========getbyname===================
userweb-app  | ----------------Optional[com.example.demo.model.User@3e1f865a]
userweb-app  | ------------------------------
userweb-app  | ===========getbyname===================
userweb-app  | ----------------Optional[com.example.demo.model.User@62ad4767]
userweb-app  | ===========getbyname===================
userweb-app  | ----------------Optional[com.example.demo.model.User@976dcaf]
userweb-app  | ===========getbyname===================
userweb-app  | ----------------Optional[com.example.demo.model.User@4fdadd4e]
userweb-app  | ------------------------------
userweb-app  | ----------------Optional[com.example.demo.model.User@57582c69]
userweb-app  | ===========getbyname===================
userweb-app  | ----------------Optional[com.example.demo.model.User@bd6fec9]
userweb-app  | ------------------------------
userweb-app  | ===========getbyname===================
userweb-app  | ===========getbyname===================
userweb-app  | ===========getbyname===================
userweb-app  | ----------------Optional[com.example.demo.model.User@cb033af]
userweb-app  | ----------------Optional[com.example.demo.model.User@3402091f]
userweb-app  | ===========getbyname===================
userweb-app  | ----------------Optional[com.example.demo.model.User@6f551bf1]
userweb-app  | ----------------Optional[com.example.demo.model.User@757b54be]
userweb-app  | ===========getbyname===================
userweb-app  | ----------------Optional[com.example.demo.model.User@5e5e5bda]
userweb-app  | ------------------------------
userweb-app  | ===========getbyname===================
userweb-app  | ===========getbyname===================
userweb-app  | ----------------Optional[com.example.demo.model.User@57e15934]
userweb-app  | ===========getbyname===================
userweb-app  | ----------------Optional[com.example.demo.model.User@cb3874d]
userweb-app  | ----------------Optional[com.example.demo.model.User@443f457f]
userweb-app  | ===========getbyname===================
userweb-app  | ----------------Optional[com.example.demo.model.User@3c3b5125]
userweb-app  | ------------------------------
userweb-app  | ===========getbyname===================
userweb-app  | ===========getbyname===================
userweb-app  | ----------------Optional[com.example.demo.model.User@549a814e]
userweb-app  | ----------------Optional[com.example.demo.model.User@12010046]
userweb-app  | ===========getbyname===================
userweb-app  | ----------------Optional[com.example.demo.model.User@50afa6c3]
userweb-app  | ------------------------------
userweb-app  | ===========getbyname===================
userweb-app  | ----------------Optional[com.example.demo.model.User@7314b51a]
userweb-app  | ------------------------------
userweb-app  | ------------------------------
userweb-app  | ===========getbyname===================
userweb-app  | ----------------Optional[com.example.demo.model.User@d925f6f]
userweb-app  | ------------------------------
userweb-app  | ===========getbyname===================
userweb-app  | ===========getbyname===================
userweb-app  | ----------------Optional[com.example.demo.model.User@2551943a]
userweb-app  | ===========getbyname===================
userweb-app  | ------------------------------
userweb-app  | ----------------Optional[com.example.demo.model.User@c001cb0]
userweb-app  | ----------------Optional[com.example.demo.model.User@8166a6e]
userweb-app  | ------------------------------
userweb-app  | ===========getbyname===================
userweb-app  | ----------------Optional[com.example.demo.model.User@707eb5a1]
userweb-app  | ===========getbyname===================
userweb-app  | ----------------Optional[com.example.demo.model.User@1f0c1a4b]
userweb-app  | ===========getbyname===================
userweb-app  | ===========getbyname===================
userweb-app  | ----------------Optional[com.example.demo.model.User@13f20087]
userweb-app  | ===========getbyname===================
userweb-app  | ----------------Optional[com.example.demo.model.User@796d2320]
userweb-app  | ----------------Optional[com.example.demo.model.User@3ab0d43c]
userweb-app  | ------------------------------
userweb-app  | ===========getbyname===================
userweb-app  | ===========getbyname===================
userweb-app  | ----------------Optional[com.example.demo.model.User@34a1cc1b]
userweb-app  | ------------------------------
userweb-app  | ----------------Optional[com.example.demo.model.User@267c55de]
userweb-app  | ===========getbyname===================
userweb-app  | ===========getbyname===================
userweb-app  | ----------------Optional[com.example.demo.model.User@21feed34]
userweb-app  | ----------------Optional[com.example.demo.model.User@4a2f530e]
userweb-app  | ------------------------------
userweb-app  | ===========getbyname===================
userweb-app  | ----------------Optional[com.example.demo.model.User@e4be8b8]
userweb-app  | ===========getbyname===================
userweb-app  | ----------------Optional[com.example.demo.model.User@78ca5ef2]
userweb-app  | ------------------------------
userweb-app  | ===========getbyname===================
userweb-app  | ===========getbyname===================
userweb-app  | ----------------Optional[com.example.demo.model.User@7aa692fc]
userweb-app  | ===========getbyname===================
userweb-app  | ----------------Optional[com.example.demo.model.User@156520ed]
userweb-app  | ----------------Optional[com.example.demo.model.User@2cfbed87]
userweb-app  | ------------------------------
userweb-app  | ------------------------------
userweb-app  | ===========getbyname===================
userweb-app  | ----------------Optional[com.example.demo.model.User@78bd0554]
userweb-app  | ------------------------------
userweb-app  | ===========getbyname===================
userweb-app  | ----------------Optional[com.example.demo.model.User@578fcc5]
userweb-app  | ===========getbyname===================
userweb-app  | ===========getbyname===================
userweb-app  | ===========getbyname===================
userweb-app  | ----------------Optional[com.example.demo.model.User@406bb2c8]
userweb-app  | ===========getbyname===================
userweb-app  | ------------------------------
userweb-app  | ----------------Optional[com.example.demo.model.User@7eda4d86]
userweb-app  | ----------------Optional[com.example.demo.model.User@7f61ff4b]
userweb-app  | ----------------Optional[com.example.demo.model.User@7e0a93e4]
userweb-app  | ===========getbyname===================
userweb-app  | ----------------Optional[com.example.demo.model.User@1b8e52fb]
userweb-app  | ------------------------------
userweb-app  | ===========getbyname===================
userweb-app  | ----------------Optional[com.example.demo.model.User@6dacf0e2]
userweb-app  | ------------------------------
userweb-app  | ===========getbyname===================
userweb-app  | ----------------Optional[com.example.demo.model.User@6121666b]
userweb-app  | ------------------------------
userweb-app  | ===========getbyname===================
userweb-app  | ===========getbyname===================
userweb-app  | ----------------Optional[com.example.demo.model.User@680fb080]
userweb-app  | ===========getbyname===================
userweb-app  | ----------------Optional[com.example.demo.model.User@e44e9a6]
userweb-app  | ===========getbyname===================
userweb-app  | ----------------Optional[com.example.demo.model.User@65319311]
userweb-app  | ----------------Optional[com.example.demo.model.User@10e94621]
userweb-app  | ------------------------------
userweb-app  | ===========getbyname===================
userweb-app  | ----------------Optional[com.example.demo.model.User@17435481]
userweb-app  | ===========getbyname===================
userweb-app  | ----------------Optional[com.example.demo.model.User@1b23ffc9]
