userweb-app  | 
userweb-app  |   .   ____          _            __ _ _
userweb-app  |  /\\ / ___'_ __ _ _(_)_ __  __ _ \ \ \ \
userweb-app  | ( ( )\___ | '_ | '_| | '_ \/ _` | \ \ \ \
userweb-app  |  \\/  ___)| |_)| | | | | || (_| |  ) ) ) )
userweb-app  |   '  |____| .__|_| |_|_| |_\__, | / / / /
userweb-app  |  =========|_|==============|___/=/_/_/_/
userweb-app  | 
userweb-app  |  :: Spring Boot ::                (v4.1.1)
userweb-app  | 
userweb-app  | 2026-09-24T02:59:41.526Z  INFO 1 --- [UserWeb20260907] [           main] c.e.demo.UserWeb20260907Application      : Starting UserWeb20260907Application v0.0.1-SNAPSHOT using Java 21.0.12 with PID 1 (/app/app.jar started by root in /app)
userweb-app  | 2026-09-24T02:59:41.531Z  INFO 1 --- [UserWeb20260907] [           main] c.e.demo.UserWeb20260907Application      : No active profile set, falling back to 1 default profile: "default"
userweb-app  | 2026-09-24T02:59:42.463Z  INFO 1 --- [UserWeb20260907] [           main] .s.d.r.c.RepositoryConfigurationDelegate : Bootstrapping Spring Data JPA repositories in DEFAULT mode.
userweb-app  | 2026-09-24T02:59:42.503Z  INFO 1 --- [UserWeb20260907] [           main] .s.d.r.c.RepositoryConfigurationDelegate : Finished Spring Data repository scanning in 31 ms. Found 2 JPA repository interfaces.
userweb-app  | 2026-09-24T02:59:43.088Z  INFO 1 --- [UserWeb20260907] [           main] o.s.boot.tomcat.TomcatWebServer          : Tomcat initialized with port 8080 (http)
userweb-app  | 2026-09-24T02:59:43.103Z  INFO 1 --- [UserWeb20260907] [           main] o.apache.catalina.core.StandardService   : Starting service [Tomcat]
userweb-app  | 2026-09-24T02:59:43.103Z  INFO 1 --- [UserWeb20260907] [           main] o.apache.catalina.core.StandardEngine    : Starting Servlet engine: [Apache Tomcat/11.0.24]
userweb-app  | 2026-09-24T02:59:43.126Z  INFO 1 --- [UserWeb20260907] [           main] b.w.c.s.WebApplicationContextInitializer : Root WebApplicationContext: initialization completed in 1506 ms
userweb-app  | 2026-09-24T02:59:43.427Z  INFO 1 --- [UserWeb20260907] [           main] org.hibernate.orm.jpa                    : HHH008540: Processing PersistenceUnitInfo [name: default]
userweb-app  | 2026-09-24T02:59:43.476Z  INFO 1 --- [UserWeb20260907] [           main] org.hibernate.orm.core                   : HHH000001: Hibernate ORM core version 7.4.5.Final
userweb-app  | 2026-09-24T02:59:44.019Z  INFO 1 --- [UserWeb20260907] [           main] o.s.o.j.p.SpringPersistenceUnitInfo      : No LoadTimeWeaver setup: ignoring JPA class transformer
userweb-app  | 2026-09-24T02:59:44.056Z  INFO 1 --- [UserWeb20260907] [           main] com.zaxxer.hikari.HikariDataSource       : HikariPool-1 - Starting...
userweb-app  | 2026-09-24T02:59:44.425Z  INFO 1 --- [UserWeb20260907] [           main] com.zaxxer.hikari.pool.HikariPool        : HikariPool-1 - Added connection com.mysql.cj.jdbc.ConnectionImpl@37fffef3
userweb-app  | 2026-09-24T02:59:44.427Z  INFO 1 --- [UserWeb20260907] [           main] com.zaxxer.hikari.HikariDataSource       : HikariPool-1 - Start completed.
userweb-app  | 2026-09-24T02:59:44.487Z  WARN 1 --- [UserWeb20260907] [           main] org.hibernate.orm.deprecation            : HHH90000025: MySQLDialect does not need to be specified explicitly using 'hibernate.dialect' (remove the property setting and it will be selected by default)
userweb-app  | 2026-09-24T02:59:44.503Z  INFO 1 --- [UserWeb20260907] [           main] org.hibernate.orm.connections.pooling    : HHH10001005: Database info:
userweb-app  | 	Database JDBC URL [jdbc:mysql://mysql-db:3306/company]
userweb-app  | 	Database driver: MySQL Connector/J
userweb-app  | 	Database dialect: MySQLDialect
userweb-app  | 	Database version: 9.7.2
userweb-app  | 	Default catalog/schema: company/undefined
userweb-app  | 	Autocommit mode: undefined/unknown
userweb-app  | 	Isolation level: REPEATABLE_READ [default REPEATABLE_READ]
userweb-app  | 	JDBC fetch size: none
userweb-app  | 	Pool: DataSourceConnectionProvider
userweb-app  | 	Minimum pool size: undefined/unknown
userweb-app  | 	Maximum pool size: undefined/unknown
userweb-app  | 2026-09-24T02:59:45.203Z  INFO 1 --- [UserWeb20260907] [           main] org.hibernate.orm.core                   : HHH000489: No JTA platform available (set 'hibernate.transaction.jta.platform' to enable JTA platform integration)
userweb-app  | 2026-09-24T02:59:45.283Z  WARN 1 --- [UserWeb20260907] [           main] o.h.t.s.i.ExceptionHandlerLoggedImpl     : GenerationTarget encountered exception accepting command : Error executing DDL "alter table usercontent drop foreign key FKctv61sdaeqrkd5nuloye8xmjm" via JDBC [Table 'company.usercontent' doesn't exist]
userweb-app  | 
userweb-app  | org.hibernate.tool.schema.spi.CommandAcceptanceException: Error executing DDL "alter table usercontent drop foreign key FKctv61sdaeqrkd5nuloye8xmjm" via JDBC [Table 'company.usercontent' doesn't exist]
userweb-app  | 	at org.hibernate.tool.schema.internal.exec.GenerationTargetToDatabase.accept(GenerationTargetToDatabase.java:91) ~[hibernate-core-7.4.5.Final.jar!/:7.4.5.Final]
userweb-app  | 	at org.hibernate.tool.schema.internal.Helper.applySqlString(Helper.java:218) ~[hibernate-core-7.4.5.Final.jar!/:7.4.5.Final]
userweb-app  | 	at org.hibernate.tool.schema.internal.Helper.applySqlStrings(Helper.java:204) ~[hibernate-core-7.4.5.Final.jar!/:7.4.5.Final]
userweb-app  | 	at org.hibernate.tool.schema.internal.SchemaDropperImpl.applyConstraintDropping(SchemaDropperImpl.java:473) ~[hibernate-core-7.4.5.Final.jar!/:7.4.5.Final]
userweb-app  | 	at org.hibernate.tool.schema.internal.SchemaDropperImpl.dropConstraintsTablesSequences(SchemaDropperImpl.java:237) ~[hibernate-core-7.4.5.Final.jar!/:7.4.5.Final]
userweb-app  | 	at org.hibernate.tool.schema.internal.SchemaDropperImpl.dropFromMetadata(SchemaDropperImpl.java:210) ~[hibernate-core-7.4.5.Final.jar!/:7.4.5.Final]
userweb-app  | 	at org.hibernate.tool.schema.internal.SchemaDropperImpl.performDrop(SchemaDropperImpl.java:182) ~[hibernate-core-7.4.5.Final.jar!/:7.4.5.Final]
userweb-app  | 	at org.hibernate.tool.schema.internal.SchemaDropperImpl.doDrop(SchemaDropperImpl.java:152) ~[hibernate-core-7.4.5.Final.jar!/:7.4.5.Final]
userweb-app  | 	at org.hibernate.tool.schema.internal.SchemaDropperImpl.doDrop(SchemaDropperImpl.java:112) ~[hibernate-core-7.4.5.Final.jar!/:7.4.5.Final]
userweb-app  | 	at org.hibernate.tool.schema.spi.SchemaManagementToolCoordinator.performDatabaseAction(SchemaManagementToolCoordinator.java:227) ~[hibernate-core-7.4.5.Final.jar!/:7.4.5.Final]
userweb-app  | 	at org.hibernate.tool.schema.spi.SchemaManagementToolCoordinator.lambda$process$1(SchemaManagementToolCoordinator.java:101) ~[hibernate-core-7.4.5.Final.jar!/:7.4.5.Final]
userweb-app  | 	at java.base/java.util.HashMap.forEach(Unknown Source) ~[na:na]
userweb-app  | 	at org.hibernate.tool.schema.spi.SchemaManagementToolCoordinator.process(SchemaManagementToolCoordinator.java:100) ~[hibernate-core-7.4.5.Final.jar!/:7.4.5.Final]
userweb-app  | 	at org.hibernate.boot.internal.SessionFactoryObserverForSchemaExport.sessionFactoryCreated(SessionFactoryObserverForSchemaExport.java:35) ~[hibernate-core-7.4.5.Final.jar!/:7.4.5.Final]
userweb-app  | 	at org.hibernate.internal.SessionFactoryObserverChain.sessionFactoryCreated(SessionFactoryObserverChain.java:33) ~[hibernate-core-7.4.5.Final.jar!/:7.4.5.Final]
userweb-app  | 	at org.hibernate.internal.SessionFactoryImpl.<init>(SessionFactoryImpl.java:327) ~[hibernate-core-7.4.5.Final.jar!/:7.4.5.Final]
userweb-app  | 	at org.hibernate.internal.SessionFactoryRegistry.instantiateSessionFactory(SessionFactoryRegistry.java:64) ~[hibernate-core-7.4.5.Final.jar!/:7.4.5.Final]
userweb-app  | 	at org.hibernate.boot.internal.SessionFactoryBuilderImpl.build(SessionFactoryBuilderImpl.java:458) ~[hibernate-core-7.4.5.Final.jar!/:7.4.5.Final]
userweb-app  | 	at org.hibernate.jpa.boot.internal.EntityManagerFactoryBuilderImpl.build(EntityManagerFactoryBuilderImpl.java:1452) ~[hibernate-core-7.4.5.Final.jar!/:7.4.5.Final]
userweb-app  | 	at org.springframework.orm.jpa.vendor.SpringHibernateJpaPersistenceProvider.createContainerEntityManagerFactory(SpringHibernateJpaPersistenceProvider.java:93) ~[spring-orm-7.0.9.jar!/:7.0.9]
userweb-app  | 	at org.springframework.orm.jpa.LocalContainerEntityManagerFactoryBean.createNativeEntityManagerFactory(LocalContainerEntityManagerFactoryBean.java:443) ~[spring-orm-7.0.9.jar!/:7.0.9]
userweb-app  | 	at org.springframework.orm.jpa.AbstractEntityManagerFactoryBean.buildNativeEntityManagerFactory(AbstractEntityManagerFactoryBean.java:436) ~[spring-orm-7.0.9.jar!/:7.0.9]
userweb-app  | 	at org.springframework.orm.jpa.AbstractEntityManagerFactoryBean.afterPropertiesSet(AbstractEntityManagerFactoryBean.java:411) ~[spring-orm-7.0.9.jar!/:7.0.9]
userweb-app  | 	at org.springframework.orm.jpa.LocalContainerEntityManagerFactoryBean.afterPropertiesSet(LocalContainerEntityManagerFactoryBean.java:419) ~[spring-orm-7.0.9.jar!/:7.0.9]
userweb-app  | 	at org.springframework.beans.factory.support.AbstractAutowireCapableBeanFactory.invokeInitMethods(AbstractAutowireCapableBeanFactory.java:1862) ~[spring-beans-7.0.9.jar!/:7.0.9]
userweb-app  | 	at org.springframework.beans.factory.support.AbstractAutowireCapableBeanFactory.initializeBean(AbstractAutowireCapableBeanFactory.java:1811) ~[spring-beans-7.0.9.jar!/:7.0.9]
userweb-app  | 	at org.springframework.beans.factory.support.AbstractAutowireCapableBeanFactory.doCreateBean(AbstractAutowireCapableBeanFactory.java:603) ~[spring-beans-7.0.9.jar!/:7.0.9]
userweb-app  | 	at org.springframework.beans.factory.support.AbstractAutowireCapableBeanFactory.createBean(AbstractAutowireCapableBeanFactory.java:525) ~[spring-beans-7.0.9.jar!/:7.0.9]
userweb-app  | 	at org.springframework.beans.factory.support.AbstractBeanFactory.lambda$doGetBean$0(AbstractBeanFactory.java:333) ~[spring-beans-7.0.9.jar!/:7.0.9]
userweb-app  | 	at org.springframework.beans.factory.support.DefaultSingletonBeanRegistry.getSingleton(DefaultSingletonBeanRegistry.java:371) ~[spring-beans-7.0.9.jar!/:7.0.9]
userweb-app  | 	at org.springframework.beans.factory.support.AbstractBeanFactory.doGetBean(AbstractBeanFactory.java:331) ~[spring-beans-7.0.9.jar!/:7.0.9]
userweb-app  | 	at org.springframework.beans.factory.support.AbstractBeanFactory.getBean(AbstractBeanFactory.java:201) ~[spring-beans-7.0.9.jar!/:7.0.9]
userweb-app  | 	at org.springframework.context.support.AbstractApplicationContext.finishBeanFactoryInitialization(AbstractApplicationContext.java:977) ~[spring-context-7.0.9.jar!/:7.0.9]
userweb-app  | 	at org.springframework.context.support.AbstractApplicationContext.refresh(AbstractApplicationContext.java:621) ~[spring-context-7.0.9.jar!/:7.0.9]
userweb-app  | 	at org.springframework.boot.web.server.servlet.context.ServletWebServerApplicationContext.refresh(ServletWebServerApplicationContext.java:143) ~[spring-boot-web-server-4.1.1.jar!/:4.1.1]
userweb-app  | 	at org.springframework.boot.SpringApplication.refresh(SpringApplication.java:756) ~[spring-boot-4.1.1.jar!/:4.1.1]
userweb-app  | 	at org.springframework.boot.SpringApplication.refreshContext(SpringApplication.java:445) ~[spring-boot-4.1.1.jar!/:4.1.1]
userweb-app  | 	at org.springframework.boot.SpringApplication.run(SpringApplication.java:321) ~[spring-boot-4.1.1.jar!/:4.1.1]
userweb-app  | 	at org.springframework.boot.SpringApplication.run(SpringApplication.java:1365) ~[spring-boot-4.1.1.jar!/:4.1.1]
userweb-app  | 	at org.springframework.boot.SpringApplication.run(SpringApplication.java:1354) ~[spring-boot-4.1.1.jar!/:4.1.1]
userweb-app  | 	at com.example.demo.UserWeb20260907Application.main(UserWeb20260907Application.java:11) ~[!/:0.0.1-SNAPSHOT]
userweb-app  | 	at java.base/jdk.internal.reflect.DirectMethodHandleAccessor.invoke(Unknown Source) ~[na:na]
userweb-app  | 	at java.base/java.lang.reflect.Method.invoke(Unknown Source) ~[na:na]
userweb-app  | 	at org.springframework.boot.loader.launch.Launcher.launch(Launcher.java:106) ~[app.jar:0.0.1-SNAPSHOT]
userweb-app  | 	at org.springframework.boot.loader.launch.Launcher.launch(Launcher.java:64) ~[app.jar:0.0.1-SNAPSHOT]
userweb-app  | 	at org.springframework.boot.loader.launch.JarLauncher.main(JarLauncher.java:40) ~[app.jar:0.0.1-SNAPSHOT]
userweb-app  | Caused by: java.sql.SQLSyntaxErrorException: Table 'company.usercontent' doesn't exist
userweb-app  | 	at com.mysql.cj.jdbc.exceptions.SQLError.createSQLException(SQLError.java:112) ~[mysql-connector-j-9.7.0.jar!/:9.7.0]
userweb-app  | 	at com.mysql.cj.jdbc.exceptions.SQLExceptionsMapping.translateException(SQLExceptionsMapping.java:114) ~[mysql-connector-j-9.7.0.jar!/:9.7.0]
userweb-app  | 	at com.mysql.cj.jdbc.StatementImpl.executeInternal(StatementImpl.java:839) ~[mysql-connector-j-9.7.0.jar!/:9.7.0]
userweb-app  | 	at com.mysql.cj.jdbc.StatementImpl.execute(StatementImpl.java:687) ~[mysql-connector-j-9.7.0.jar!/:9.7.0]
userweb-app  | 	at com.zaxxer.hikari.pool.ProxyStatement.execute(ProxyStatement.java:95) ~[HikariCP-7.0.2.jar!/:na]
userweb-app  | 	at com.zaxxer.hikari.pool.HikariProxyStatement.execute(HikariProxyStatement.java) ~[HikariCP-7.0.2.jar!/:na]
userweb-app  | 	at org.hibernate.tool.schema.internal.exec.GenerationTargetToDatabase.accept(GenerationTargetToDatabase.java:86) ~[hibernate-core-7.4.5.Final.jar!/:7.4.5.Final]
userweb-app  | 	... 45 common frames omitted
userweb-app  | 
userweb-app  | 2026-09-24T02:59:45.436Z  INFO 1 --- [UserWeb20260907] [           main] j.LocalContainerEntityManagerFactoryBean : Initialized JPA EntityManagerFactory for persistence unit 'default'
userweb-app  | 2026-09-24T02:59:45.511Z  INFO 1 --- [UserWeb20260907] [           main] o.s.d.j.r.query.QueryEnhancerFactories   : Hibernate is in classpath; If applicable, HQL parser will be used.
userweb-app  | 2026-09-24T02:59:46.068Z  INFO 1 --- [UserWeb20260907] [           main] r$InitializeUserDetailsManagerConfigurer : Global AuthenticationManager configured with UserDetailsService bean with name customUserDetailsService
userweb-app  | 2026-09-24T02:59:46.138Z  WARN 1 --- [UserWeb20260907] [           main] JpaBaseConfiguration$JpaWebConfiguration : spring.jpa.open-in-view is enabled by default. Therefore, database queries may be performed during view rendering. Explicitly configure spring.jpa.open-in-view to disable this warning
userweb-app  | 2026-09-24T02:59:46.807Z  INFO 1 --- [UserWeb20260907] [           main] o.s.boot.tomcat.TomcatWebServer          : Tomcat started on port 8080 (http) with context path '/'
userweb-app  | 2026-09-24T02:59:46.825Z  INFO 1 --- [UserWeb20260907] [           main] c.e.demo.UserWeb20260907Application      : Started UserWeb20260907Application in 5.927 seconds (process running for 6.675)
userweb-app  | 2026-09-24T02:59:48.257Z  INFO 1 --- [UserWeb20260907] [nio-8080-exec-1] o.a.c.c.C.[Tomcat].[localhost].[/]       : Initializing Spring DispatcherServlet 'dispatcherServlet'
userweb-app  | 2026-09-24T02:59:48.257Z  INFO 1 --- [UserWeb20260907] [nio-8080-exec-1] o.s.web.servlet.DispatcherServlet        : Initializing Servlet 'dispatcherServlet'
userweb-app  | 2026-09-24T02:59:48.259Z  INFO 1 --- [UserWeb20260907] [nio-8080-exec-1] o.s.web.servlet.DispatcherServlet        : Completed initialization in 1 ms
userweb-app  | -----------test7------1234--------
userweb-app  | -----------test4------1234--------
userweb-app  | -----------test1------1234--------
userweb-app  | -----------test5------1234--------
userweb-app  | -----------test2------1234--------
userweb-app  | -----------test3------1234--------
userweb-app  | -----------test6------1234--------
userweb-app  | -----------test8------1234--------
userweb-app  | -----------test9------1234--------
userweb-app  | ### AUTH ### Thread=http-nio-8080-exec-5 | requestUsername=test3
userweb-app  | ===========getbyname===================
userweb-app  | -----------test10------1234--------
userweb-app  | ### AUTH ### Thread=http-nio-8080-exec-2 | requestUsername=test10
userweb-app  | ===========getbyname===================
userweb-app  | ### AUTH ### Thread=http-nio-8080-exec-3 | requestUsername=test4
userweb-app  | ===========getbyname===================
userweb-app  | -----------test11------1234--------
userweb-app  | ### AUTH ### Thread=http-nio-8080-exec-11 | requestUsername=test11
userweb-app  | ===========getbyname===================
userweb-app  | ----------------Optional[com.example.demo.model.User@f1653ec]
userweb-app  | ----------------Optional[com.example.demo.model.User@74616841]
userweb-app  | ----------------Optional[com.example.demo.model.User@66442728]
userweb-app  | ----------finish-------------
userweb-app  | ### AUTH USER ### requestUsername=test10 | dbUsername=test10 | userId=10
userweb-app  | ### AUTH ### Thread=http-nio-8080-exec-9 | requestUsername=test7
userweb-app  | ----------finish-------------
userweb-app  | ### AUTH USER ### requestUsername=test3 | dbUsername=test3 | userId=3
userweb-app  | ===========getbyname===================
userweb-app  | ----------------Optional[com.example.demo.model.User@3045fef3]
userweb-app  | ----------finish-------------
userweb-app  | ### AUTH USER ### requestUsername=test11 | dbUsername=test11 | userId=11
userweb-app  | ----------finish-------------
userweb-app  | ----------------Optional[com.example.demo.model.User@549c3fe0]
userweb-app  | ### AUTH ### Thread=http-nio-8080-exec-1 | requestUsername=test9
userweb-app  | ===========getbyname===================
userweb-app  | ### AUTH USER ### requestUsername=test4 | dbUsername=test4 | userId=4
userweb-app  | ----------------Optional[com.example.demo.model.User@2420d454]
userweb-app  | ### AUTH ### Thread=http-nio-8080-exec-8 | requestUsername=test6
userweb-app  | ===========getbyname===================
userweb-app  | ----------------Optional[com.example.demo.model.User@a014eaa]
userweb-app  | ----------finish-------------
userweb-app  | ### AUTH USER ### requestUsername=test7 | dbUsername=test7 | userId=7
userweb-app  | ----------finish-------------
userweb-app  | ### AUTH USER ### requestUsername=test6 | dbUsername=test6 | userId=6
userweb-app  | -----------test12------1234--------
userweb-app  | ### AUTH ### Thread=http-nio-8080-exec-12 | requestUsername=test12
userweb-app  | ===========getbyname===================
userweb-app  | ----------finish-------------
userweb-app  | ### AUTH USER ### requestUsername=test9 | dbUsername=test9 | userId=9
userweb-app  | ----------------Optional[com.example.demo.model.User@30621e]
userweb-app  | ----------finish-------------
userweb-app  | ### AUTH USER ### requestUsername=test12 | dbUsername=test12 | userId=12
userweb-app  | ### AUTH ### Thread=http-nio-8080-exec-4 | requestUsername=test2
userweb-app  | ===========getbyname===================
userweb-app  | ----------------Optional[com.example.demo.model.User@4419cf73]
userweb-app  | ----------finish-------------
userweb-app  | ### AUTH USER ### requestUsername=test2 | dbUsername=test2 | userId=2
userweb-app  | ### AUTH ### Thread=http-nio-8080-exec-6 | requestUsername=test1
userweb-app  | ===========getbyname===================
userweb-app  | ### AUTH ### Thread=http-nio-8080-exec-10 | requestUsername=test8
userweb-app  | ===========getbyname===================
userweb-app  | ----------------Optional[com.example.demo.model.User@16697cfe]
userweb-app  | ----------------Optional[com.example.demo.model.User@73abe8ff]
userweb-app  | ----------finish-------------
userweb-app  | ### AUTH USER ### requestUsername=test8 | dbUsername=test8 | userId=8
userweb-app  | ----------finish-------------
userweb-app  | ### AUTH USER ### requestUsername=test1 | dbUsername=test1 | userId=1
userweb-app  | ### AUTH ### Thread=http-nio-8080-exec-7 | requestUsername=test5
userweb-app  | ===========getbyname===================
userweb-app  | -----------test13------1234--------
userweb-app  | ### AUTH ### Thread=http-nio-8080-exec-13 | requestUsername=test13
userweb-app  | ===========getbyname===================
userweb-app  | ----------------Optional[com.example.demo.model.User@7e270fa5]
userweb-app  | ----------------Optional[com.example.demo.model.User@537989a1]
userweb-app  | ----------finish-------------
userweb-app  | ### AUTH USER ### requestUsername=test5 | dbUsername=test5 | userId=5
userweb-app  | ----------finish-------------
userweb-app  | ### AUTH USER ### requestUsername=test13 | dbUsername=test13 | userId=13
userweb-app  | -----------test14------1234--------
userweb-app  | ### AUTH ### Thread=http-nio-8080-exec-14 | requestUsername=test14
userweb-app  | ===========getbyname===================
userweb-app  | ----------------Optional[com.example.demo.model.User@4368eb8]
userweb-app  | ----------finish-------------
userweb-app  | ### AUTH USER ### requestUsername=test14 | dbUsername=test14 | userId=14
userweb-app  | -----------test15------1234--------
userweb-app  | ### AUTH ### Thread=http-nio-8080-exec-15 | requestUsername=test15
userweb-app  | ===========getbyname===================
userweb-app  | ----------------Optional[com.example.demo.model.User@6af0e842]
userweb-app  | ----------finish-------------
userweb-app  | ### AUTH USER ### requestUsername=test15 | dbUsername=test15 | userId=15
userweb-app  | -----------test16------1234--------
userweb-app  | ### AUTH ### Thread=http-nio-8080-exec-16 | requestUsername=test16
userweb-app  | ===========getbyname===================
userweb-app  | ----------------Optional[com.example.demo.model.User@1d567979]
userweb-app  | ----------finish-------------
userweb-app  | ### AUTH USER ### requestUsername=test16 | dbUsername=test16 | userId=16
userweb-app  | -----------test17------1234--------
userweb-app  | ### AUTH ### Thread=http-nio-8080-exec-17 | requestUsername=test17
userweb-app  | ===========getbyname===================
userweb-app  | ----------------Optional[com.example.demo.model.User@49a53dd1]
userweb-app  | ----------finish-------------
userweb-app  | ### AUTH USER ### requestUsername=test17 | dbUsername=test17 | userId=17
userweb-app  | -----------test18------1234--------
userweb-app  | ### AUTH ### Thread=http-nio-8080-exec-18 | requestUsername=test18
userweb-app  | ===========getbyname===================
userweb-app  | ----------------Optional[com.example.demo.model.User@cd5437d]
userweb-app  | ----------finish-------------
userweb-app  | ### AUTH USER ### requestUsername=test18 | dbUsername=test18 | userId=18
userweb-app  | -----------test19------1234--------
userweb-app  | ### AUTH ### Thread=http-nio-8080-exec-19 | requestUsername=test19
userweb-app  | ===========getbyname===================
userweb-app  | ----------------Optional[com.example.demo.model.User@3679040f]
userweb-app  | ----------finish-------------
userweb-app  | ### AUTH USER ### requestUsername=test19 | dbUsername=test19 | userId=19
userweb-app  | ===========getbyname===================
userweb-app  | ----------------Optional[com.example.demo.model.User@27954920]
userweb-app  | ------------------------------
userweb-app  | -----------test20------1234--------
userweb-app  | ### AUTH ### Thread=http-nio-8080-exec-20 | requestUsername=test20
userweb-app  | ===========getbyname===================
userweb-app  | ----------------Optional[com.example.demo.model.User@54357441]
userweb-app  | ----------finish-------------
userweb-app  | ### AUTH USER ### requestUsername=test20 | dbUsername=test20 | userId=20
userweb-app  | ===========getbyname===================
userweb-app  | -----------test21------1234--------
userweb-app  | ### AUTH ### Thread=http-nio-8080-exec-21 | requestUsername=test21
userweb-app  | ===========getbyname===================
userweb-app  | ----------------Optional[com.example.demo.model.User@3c94ce2f]
userweb-app  | ----------------Optional[com.example.demo.model.User@149ca037]
userweb-app  | ------------------------------
userweb-app  | ----------finish-------------
userweb-app  | ### AUTH USER ### requestUsername=test21 | dbUsername=test21 | userId=21
userweb-app  | ===========getbyname===================
userweb-app  | ----------------Optional[com.example.demo.model.User@381585fb]
userweb-app  | ------------------------------
userweb-app  | -----------test22------1234--------
userweb-app  | ### AUTH ### Thread=http-nio-8080-exec-22 | requestUsername=test22
userweb-app  | ===========getbyname===================
userweb-app  | ----------------Optional[com.example.demo.model.User@77c73e7b]
userweb-app  | ----------finish-------------
userweb-app  | ### AUTH USER ### requestUsername=test22 | dbUsername=test22 | userId=22
userweb-app  | -----------test23------1234--------
userweb-app  | ===========getbyname===================
userweb-app  | ----------------Optional[com.example.demo.model.User@7e617871]
userweb-app  | ------------------------------
userweb-app  | ### AUTH ### Thread=http-nio-8080-exec-23 | requestUsername=test23
userweb-app  | ===========getbyname===================
userweb-app  | ===========getbyname===================
userweb-app  | ----------------Optional[com.example.demo.model.User@38756bd1]
userweb-app  | ===========getbyname===================
userweb-app  | ------------------------------
userweb-app  | ----------------Optional[com.example.demo.model.User@2f40e63a]
userweb-app  | ===========getbyname===================
userweb-app  | ===========getbyname===================
userweb-app  | ----------------Optional[com.example.demo.model.User@5bc9170c]
userweb-app  | -----------test24------1234--------
userweb-app  | ### AUTH ### Thread=http-nio-8080-exec-24 | requestUsername=test24
userweb-app  | ===========getbyname===================
userweb-app  | ------------------------------
userweb-app  | ----------------Optional[com.example.demo.model.User@326ed6ec]
userweb-app  | ===========getbyname===================
userweb-app  | ===========getbyname===================
userweb-app  | ----------------Optional[com.example.demo.model.User@434e8fe9]
userweb-app  | ------------------------------
userweb-app  | ----------------Optional[com.example.demo.model.User@52db6e38]
userweb-app  | ----------finish-------------
userweb-app  | ### AUTH USER ### requestUsername=test24 | dbUsername=test24 | userId=24
userweb-app  | ----------finish-------------
userweb-app  | ----------------Optional[com.example.demo.model.User@62b9cd3e]
userweb-app  | ------------------------------
userweb-app  | ===========getbyname===================
userweb-app  | ------------------------------
userweb-app  | ----------------Optional[com.example.demo.model.User@42a30cf1]
userweb-app  | ------------------------------
userweb-app  | ----------------Optional[com.example.demo.model.User@2716577c]
userweb-app  | ===========getbyname===================
userweb-app  | ===========getbyname===================
userweb-app  | ### AUTH USER ### requestUsername=test23 | dbUsername=test23 | userId=23
userweb-app  | ------------------------------
userweb-app  | ----------------Optional[com.example.demo.model.User@e868342]
userweb-app  | ------------------------------
userweb-app  | ----------------Optional[com.example.demo.model.User@13fae1fb]
userweb-app  | ===========getbyname===================
userweb-app  | -----------test25------1234--------
userweb-app  | ### AUTH ### Thread=http-nio-8080-exec-25 | requestUsername=test25
userweb-app  | ===========getbyname===================
userweb-app  | ----------------Optional[com.example.demo.model.User@5a876d71]
userweb-app  | ----------------Optional[com.example.demo.model.User@445ffad0]
userweb-app  | ----------finish-------------
userweb-app  | ### AUTH USER ### requestUsername=test25 | dbUsername=test25 | userId=25
userweb-app  | ------------------------------
userweb-app  | ------------------------------
userweb-app  | ===========getbyname===================
userweb-app  | ===========getbyname===================
userweb-app  | -----------test26------1234--------
userweb-app  | ### AUTH ### Thread=http-nio-8080-exec-16 | requestUsername=test26
userweb-app  | ===========getbyname===================
userweb-app  | ===========getbyname===================
userweb-app  | ----------------Optional[com.example.demo.model.User@b427dab]
userweb-app  | ----------------Optional[com.example.demo.model.User@216f9811]
userweb-app  | ----------finish-------------
userweb-app  | ### AUTH USER ### requestUsername=test26 | dbUsername=test26 | userId=26
userweb-app  | ----------------Optional[com.example.demo.model.User@5b3fec5d]
userweb-app  | ------------------------------
userweb-app  | ===========getbyname===================
userweb-app  | ----------------Optional[com.example.demo.model.User@3cb780f8]
userweb-app  | ----------------Optional[com.example.demo.model.User@56e1a62a]
userweb-app  | ------------------------------
userweb-app  | ------------------------------
userweb-app  | ------------------------------
userweb-app  | -----------test27------1234--------
userweb-app  | ### AUTH ### Thread=http-nio-8080-exec-6 | requestUsername=test27
userweb-app  | ===========getbyname===================
userweb-app  | ===========getbyname===================
userweb-app  | ----------------Optional[com.example.demo.model.User@77f3af0e]
userweb-app  | ------------------------------
userweb-app  | -----------test28------1234--------
userweb-app  | ### AUTH ### Thread=http-nio-8080-exec-5 | requestUsername=test28
userweb-app  | ===========getbyname===================
userweb-app  | ----------------Optional[com.example.demo.model.User@63767d3c]
userweb-app  | ----------------Optional[com.example.demo.model.User@1f1cf053]
userweb-app  | ----------finish-------------
userweb-app  | ### AUTH USER ### requestUsername=test28 | dbUsername=test28 | userId=28
userweb-app  | ===========getbyname===================
userweb-app  | ===========getbyname===================
userweb-app  | -----------test29------1234--------
userweb-app  | ### AUTH ### Thread=http-nio-8080-exec-3 | requestUsername=test29
userweb-app  | ===========getbyname===================
userweb-app  | ----------------Optional[com.example.demo.model.User@59f1bd17]
userweb-app  | ----------------Optional[com.example.demo.model.User@77005978]
userweb-app  | ----------finish-------------
userweb-app  | ### AUTH USER ### requestUsername=test27 | dbUsername=test27 | userId=27
userweb-app  | ------------------------------
userweb-app  | ------------------------------
userweb-app  | ----------------Optional[com.example.demo.model.User@7ddeb908]
userweb-app  | ----------finish-------------
userweb-app  | ### AUTH USER ### requestUsername=test29 | dbUsername=test29 | userId=29
userweb-app  | -----------test30------1234--------
userweb-app  | ### AUTH ### Thread=http-nio-8080-exec-9 | requestUsername=test30
userweb-app  | ===========getbyname===================
userweb-app  | ----------------Optional[com.example.demo.model.User@1494e2a3]
userweb-app  | ===========getbyname===================
userweb-app  | ----------------Optional[com.example.demo.model.User@38def809]
userweb-app  | ------------------------------
userweb-app  | ----------finish-------------
userweb-app  | ### AUTH USER ### requestUsername=test30 | dbUsername=test30 | userId=30
userweb-app  | -----------test31------1234--------
userweb-app  | ### AUTH ### Thread=http-nio-8080-exec-8 | requestUsername=test31
userweb-app  | ===========getbyname===================
userweb-app  | ===========getbyname===================
userweb-app  | ----------------Optional[com.example.demo.model.User@6eb9896a]
userweb-app  | ----------finish-------------
userweb-app  | ### AUTH USER ### requestUsername=test31 | dbUsername=test31 | userId=31
userweb-app  | ===========getbyname===================
userweb-app  | -----------test32------1234--------
userweb-app  | ### AUTH ### Thread=http-nio-8080-exec-2 | requestUsername=test32
userweb-app  | ===========getbyname===================
userweb-app  | ----------------Optional[com.example.demo.model.User@103617bd]
userweb-app  | ------------------------------
userweb-app  | ===========getbyname===================
userweb-app  | ----------------Optional[com.example.demo.model.User@f1f0231]
userweb-app  | ------------------------------
userweb-app  | ----------------Optional[com.example.demo.model.User@26a08463]
userweb-app  | ----------finish-------------
userweb-app  | ### AUTH USER ### requestUsername=test32 | dbUsername=test32 | userId=32
userweb-app  | ----------------Optional[com.example.demo.model.User@49fc4c33]
userweb-app  | ===========getbyname===================
userweb-app  | ------------------------------
userweb-app  | ----------------Optional[com.example.demo.model.User@380ad4f0]
userweb-app  | ===========getbyname===================
userweb-app  | ----------------Optional[com.example.demo.model.User@6f7f4c3]
userweb-app  | ------------------------------
userweb-app  | ------------------------------
userweb-app  | -----------test33------1234--------
userweb-app  | ### AUTH ### Thread=http-nio-8080-exec-12 | requestUsername=test33
userweb-app  | ===========getbyname===================
userweb-app  | ----------------Optional[com.example.demo.model.User@71a5052a]
userweb-app  | ----------finish-------------
userweb-app  | ### AUTH USER ### requestUsername=test33 | dbUsername=test33 | userId=33
userweb-app  | -----------test34------1234--------
userweb-app  | ### AUTH ### Thread=http-nio-8080-exec-1 | requestUsername=test34
userweb-app  | ===========getbyname===================
userweb-app  | ----------------Optional[com.example.demo.model.User@7eab6ede]
userweb-app  | ----------finish-------------
userweb-app  | ### AUTH USER ### requestUsername=test34 | dbUsername=test34 | userId=34
userweb-app  | ===========getbyname===================
userweb-app  | ----------------Optional[com.example.demo.model.User@3d010759]
userweb-app  | ------------------------------
userweb-app  | -----------test35------1234--------
userweb-app  | ### AUTH ### Thread=http-nio-8080-exec-14 | requestUsername=test35
userweb-app  | ===========getbyname===================
userweb-app  | ----------------Optional[com.example.demo.model.User@6e55fa36]
userweb-app  | ----------finish-------------
userweb-app  | ### AUTH USER ### requestUsername=test35 | dbUsername=test35 | userId=35
userweb-app  | -----------test36------1234--------
userweb-app  | ### AUTH ### Thread=http-nio-8080-exec-18 | requestUsername=test36
userweb-app  | ===========getbyname===================
userweb-app  | ===========getbyname===================
userweb-app  | ----------------Optional[com.example.demo.model.User@5fb46e69]
userweb-app  | ------------------------------
userweb-app  | ----------------Optional[com.example.demo.model.User@483e78e0]
userweb-app  | ----------finish-------------
userweb-app  | ### AUTH USER ### requestUsername=test36 | dbUsername=test36 | userId=36
userweb-app  | ===========getbyname===================
userweb-app  | ----------------Optional[com.example.demo.model.User@193d068f]
userweb-app  | ------------------------------
userweb-app  | -----------test37------1234--------
userweb-app  | ### AUTH ### Thread=http-nio-8080-exec-4 | requestUsername=test37
userweb-app  | ===========getbyname===================
userweb-app  | ===========getbyname===================
userweb-app  | ===========getbyname===================
userweb-app  | ----------------Optional[com.example.demo.model.User@3760fe48]
userweb-app  | ----------------Optional[com.example.demo.model.User@1662aeb7]
userweb-app  | ------------------------------
userweb-app  | ----------finish-------------
userweb-app  | ### AUTH USER ### requestUsername=test37 | dbUsername=test37 | userId=37
userweb-app  | ===========getbyname===================
userweb-app  | ----------------Optional[com.example.demo.model.User@30a0d9fc]
userweb-app  | -----------test39------1234--------
userweb-app  | ### AUTH ### Thread=http-nio-8080-exec-10 | requestUsername=test39
userweb-app  | ===========getbyname===================
userweb-app  | ----------------Optional[com.example.demo.model.User@5f726f3c]
userweb-app  | ----------------Optional[com.example.demo.model.User@52c6f998]
userweb-app  | ----------finish-------------
userweb-app  | ### AUTH USER ### requestUsername=test39 | dbUsername=test39 | userId=39
userweb-app  | ------------------------------
userweb-app  | -----------test38------1234--------
userweb-app  | ### AUTH ### Thread=http-nio-8080-exec-11 | requestUsername=test38
userweb-app  | ===========getbyname===================
userweb-app  | ------------------------------
userweb-app  | ----------------Optional[com.example.demo.model.User@23a1b82f]
userweb-app  | ----------finish-------------
userweb-app  | ### AUTH USER ### requestUsername=test38 | dbUsername=test38 | userId=38
userweb-app  | ===========getbyname===================
userweb-app  | ----------------Optional[com.example.demo.model.User@58f16d0a]
userweb-app  | ------------------------------
userweb-app  | -----------test40------1234--------
userweb-app  | ### AUTH ### Thread=http-nio-8080-exec-20 | requestUsername=test40
userweb-app  | ===========getbyname===================
userweb-app  | ----------------Optional[com.example.demo.model.User@51dec6c8]
userweb-app  | ===========getbyname===================
userweb-app  | ----------------Optional[com.example.demo.model.User@5682e0a1]
userweb-app  | ------------------------------
userweb-app  | ----------finish-------------
userweb-app  | ### AUTH USER ### requestUsername=test40 | dbUsername=test40 | userId=40
userweb-app  | -----------test41------1234--------
userweb-app  | ### AUTH ### Thread=http-nio-8080-exec-7 | requestUsername=test41
userweb-app  | ===========getbyname===================
userweb-app  | ----------------Optional[com.example.demo.model.User@5e72e369]
userweb-app  | ----------finish-------------
userweb-app  | ### AUTH USER ### requestUsername=test41 | dbUsername=test41 | userId=41
userweb-app  | ===========getbyname===================
userweb-app  | ----------------Optional[com.example.demo.model.User@b496478]
userweb-app  | -----------test42------1234--------
userweb-app  | ### AUTH ### Thread=http-nio-8080-exec-21 | requestUsername=test42
userweb-app  | ===========getbyname===================
userweb-app  | ----------------Optional[com.example.demo.model.User@460d1e37]
userweb-app  | ----------finish-------------
userweb-app  | ### AUTH USER ### requestUsername=test42 | dbUsername=test42 | userId=42
userweb-app  | ===========getbyname===================
userweb-app  | ----------------Optional[com.example.demo.model.User@550e19d5]
userweb-app  | ------------------------------
userweb-app  | ===========getbyname===================
userweb-app  | ------------------------------
userweb-app  | ----------------Optional[com.example.demo.model.User@59611f11]
userweb-app  | ------------------------------
userweb-app  | ===========getbyname===================
userweb-app  | ----------------Optional[com.example.demo.model.User@25f383be]
userweb-app  | ------------------------------
userweb-app  | -----------test43------1234--------
userweb-app  | ### AUTH ### Thread=http-nio-8080-exec-13 | requestUsername=test43
userweb-app  | ===========getbyname===================
userweb-app  | ----------------Optional[com.example.demo.model.User@725b8220]
userweb-app  | ----------finish-------------
userweb-app  | ### AUTH USER ### requestUsername=test43 | dbUsername=test43 | userId=43
userweb-app  | -----------test44------1234--------
userweb-app  | ### AUTH ### Thread=http-nio-8080-exec-15 | requestUsername=test44
userweb-app  | ===========getbyname===================
userweb-app  | ----------------Optional[com.example.demo.model.User@2183409b]
userweb-app  | ----------finish-------------
userweb-app  | ### AUTH USER ### requestUsername=test44 | dbUsername=test44 | userId=44
userweb-app  | -----------test45------1234--------
userweb-app  | ### AUTH ### Thread=http-nio-8080-exec-17 | requestUsername=test45
userweb-app  | ===========getbyname===================
userweb-app  | ----------------Optional[com.example.demo.model.User@3cfad9a1]
userweb-app  | ----------finish-------------
userweb-app  | ### AUTH USER ### requestUsername=test45 | dbUsername=test45 | userId=45
userweb-app  | ===========getbyname===================
userweb-app  | ----------------Optional[com.example.demo.model.User@716918a3]
userweb-app  | ------------------------------
userweb-app  | -----------test46------1234--------
userweb-app  | ### AUTH ### Thread=http-nio-8080-exec-23 | requestUsername=test46
userweb-app  | ===========getbyname===================
userweb-app  | ----------------Optional[com.example.demo.model.User@7b6c4065]
userweb-app  | ----------finish-------------
userweb-app  | ### AUTH USER ### requestUsername=test46 | dbUsername=test46 | userId=46
userweb-app  | ===========getbyname===================
userweb-app  | ----------------Optional[com.example.demo.model.User@19c84264]
userweb-app  | ------------------------------
userweb-app  | ===========getbyname===================
userweb-app  | ----------------Optional[com.example.demo.model.User@4fac227d]
userweb-app  | ------------------------------
userweb-app  | ===========getbyname===================
userweb-app  | ----------------Optional[com.example.demo.model.User@76256207]
userweb-app  | ------------------------------
userweb-app  | -----------test47------1234--------
userweb-app  | ### AUTH ### Thread=http-nio-8080-exec-19 | requestUsername=test47
userweb-app  | ===========getbyname===================
userweb-app  | ----------------Optional[com.example.demo.model.User@58ba5d2f]
userweb-app  | ----------finish-------------
userweb-app  | ### AUTH USER ### requestUsername=test47 | dbUsername=test47 | userId=47
userweb-app  | -----------test48------1234--------
userweb-app  | ### AUTH ### Thread=http-nio-8080-exec-5 | requestUsername=test48
userweb-app  | ===========getbyname===================
userweb-app  | ===========getbyname===================
userweb-app  | ----------------Optional[com.example.demo.model.User@965746e]
userweb-app  | ----------finish-------------
userweb-app  | ### AUTH USER ### requestUsername=test48 | dbUsername=test48 | userId=48
userweb-app  | ----------------Optional[com.example.demo.model.User@6ac68e58]
userweb-app  | ------------------------------
userweb-app  | -----------test49------1234--------
userweb-app  | ### AUTH ### Thread=http-nio-8080-exec-25 | requestUsername=test49
userweb-app  | ===========getbyname===================
userweb-app  | ----------------Optional[com.example.demo.model.User@12b497b6]
userweb-app  | ----------finish-------------
userweb-app  | ### AUTH USER ### requestUsername=test49 | dbUsername=test49 | userId=49
userweb-app  | -----------test50------1234--------
userweb-app  | ### AUTH ### Thread=http-nio-8080-exec-22 | requestUsername=test50
userweb-app  | ===========getbyname===================
userweb-app  | ----------------Optional[com.example.demo.model.User@7d639832]
userweb-app  | ===========getbyname===================
userweb-app  | ----------finish-------------
userweb-app  | ### AUTH USER ### requestUsername=test50 | dbUsername=test50 | userId=50
userweb-app  | ===========getbyname===================
userweb-app  | ----------------Optional[com.example.demo.model.User@a1c69a5]
userweb-app  | ----------------Optional[com.example.demo.model.User@6cf9d4ab]
userweb-app  | ------------------------------
userweb-app  | ------------------------------
userweb-app  | ===========getbyname===================
userweb-app  | ===========getbyname===================
userweb-app  | ----------------Optional[com.example.demo.model.User@13258aa9]
userweb-app  | ----------------Optional[com.example.demo.model.User@2be9b2cf]
userweb-app  | ------------------------------
userweb-app  | ------------------------------
userweb-app  | ===========getbyname===================
userweb-app  | ----------------Optional[com.example.demo.model.User@61039640]
userweb-app  | ------------------------------
userweb-app  | ===========getbyname===================
userweb-app  | ----------------Optional[com.example.demo.model.User@529b717b]
userweb-app  | ------------------------------
userweb-app  | ===========getbyname===================
userweb-app  | ===========getbyname===================
userweb-app  | ===========getbyname===================
userweb-app  | ===========getbyname===================
userweb-app  | ===========getbyname===================
userweb-app  | ----------------Optional[com.example.demo.model.User@50d043f4]
userweb-app  | ===========getbyname===================
userweb-app  | ===========getbyname===================
userweb-app  | ===========getbyname===================
userweb-app  | ----------------Optional[com.example.demo.model.User@40d3e590]
userweb-app  | ----------------Optional[com.example.demo.model.User@342a9154]
userweb-app  | ===========getbyname===================
userweb-app  | ----------------Optional[com.example.demo.model.User@553e1903]
userweb-app  | ===========getbyname===================
userweb-app  | ===========getbyname===================
userweb-app  | ----------------Optional[com.example.demo.model.User@65b01204]
userweb-app  | ----------------Optional[com.example.demo.model.User@19fa3995]
userweb-app  | ----------------Optional[com.example.demo.model.User@a17690c]
userweb-app  | ----------------Optional[com.example.demo.model.User@210cab8]
userweb-app  | ----------------Optional[com.example.demo.model.User@6cf909d6]
userweb-app  | ===========getbyname===================
userweb-app  | ----------------Optional[com.example.demo.model.User@32644b9d]
userweb-app  | ----------------Optional[com.example.demo.model.User@7c46ce04]
userweb-app  | ----------------Optional[com.example.demo.model.User@2877cf1d]
userweb-app  | ===========getbyname===================
userweb-app  | ===========getbyname===================
userweb-app  | ----------------Optional[com.example.demo.model.User@c06287c]
userweb-app  | ===========getbyname===================
userweb-app  | ===========getbyname===================
userweb-app  | ----------------Optional[com.example.demo.model.User@422468da]
userweb-app  | ===========getbyname===================
userweb-app  | ----------------Optional[com.example.demo.model.User@41029aa4]
userweb-app  | ----------------Optional[com.example.demo.model.User@5d633017]
userweb-app  | ===========getbyname===================
userweb-app  | ===========getbyname===================
userweb-app  | ----------------Optional[com.example.demo.model.User@5fa141c8]
userweb-app  | ===========getbyname===================
userweb-app  | ===========getbyname===================
userweb-app  | ===========getbyname===================
userweb-app  | ===========getbyname===================
userweb-app  | ===========getbyname===================
userweb-app  | ===========getbyname===================
userweb-app  | ----------------Optional[com.example.demo.model.User@4fdb4238]
userweb-app  | ----------------Optional[com.example.demo.model.User@39a9e960]
userweb-app  | ===========getbyname===================
userweb-app  | ===========getbyname===================
userweb-app  | ===========getbyname===================
userweb-app  | ===========getbyname===================
userweb-app  | ----------------Optional[com.example.demo.model.User@44d8207e]
userweb-app  | ----------------Optional[com.example.demo.model.User@1cd7bfbd]
userweb-app  | ===========getbyname===================
userweb-app  | ----------------Optional[com.example.demo.model.User@781e8d39]
userweb-app  | ===========getbyname===================
userweb-app  | ----------------Optional[com.example.demo.model.User@57a17254]
userweb-app  | ===========getbyname===================
userweb-app  | ----------------Optional[com.example.demo.model.User@fd6dd7b]
userweb-app  | ===========getbyname===================
userweb-app  | ===========getbyname===================
userweb-app  | ===========getbyname===================
userweb-app  | ----------------Optional[com.example.demo.model.User@51da4c2d]
userweb-app  | ===========getbyname===================
userweb-app  | ----------------Optional[com.example.demo.model.User@3d6dd1e8]
userweb-app  | ----------------Optional[com.example.demo.model.User@3d936adb]
userweb-app  | ===========getbyname===================
userweb-app  | ----------------Optional[com.example.demo.model.User@195b4b03]
userweb-app  | ===========getbyname===================
userweb-app  | ----------------Optional[com.example.demo.model.User@d5abb38]
userweb-app  | ===========getbyname===================
userweb-app  | ----------------Optional[com.example.demo.model.User@2ac79d21]
userweb-app  | ===========getbyname===================
userweb-app  | ===========getbyname===================
userweb-app  | ===========getbyname===================
userweb-app  | ===========getbyname===================
userweb-app  | ----------------Optional[com.example.demo.model.User@6f4007d2]
userweb-app  | ----------------Optional[com.example.demo.model.User@6caf549c]
userweb-app  | ===========getbyname===================
userweb-app  | ----------------Optional[com.example.demo.model.User@954362d]
userweb-app  | ===========getbyname===================
userweb-app  | ===========getbyname===================
userweb-app  | ----------------Optional[com.example.demo.model.User@38836f9a]
userweb-app  | ===========getbyname===================
userweb-app  | ----------------Optional[com.example.demo.model.User@36342e77]
userweb-app  | ===========getbyname===================
userweb-app  | ----------------Optional[com.example.demo.model.User@49d9d92f]
userweb-app  | ===========getbyname===================
userweb-app  | ----------------Optional[com.example.demo.model.User@7cbcf514]
userweb-app  | ----------------Optional[com.example.demo.model.User@7a6b25a2]
userweb-app  | ===========getbyname===================
userweb-app  | ----------------Optional[com.example.demo.model.User@389993ff]
userweb-app  | ===========getbyname===================
userweb-app  | ===========getbyname===================
userweb-app  | ===========getbyname===================
userweb-app  | ----------------Optional[com.example.demo.model.User@3a701cfb]
userweb-app  | ----------------Optional[com.example.demo.model.User@8a59e00]
userweb-app  | ----------------Optional[com.example.demo.model.User@5bb57441]
userweb-app  | ----------------Optional[com.example.demo.model.User@48e816ef]
userweb-app  | ===========getbyname===================
userweb-app  | ----------------Optional[com.example.demo.model.User@21a053ff]
userweb-app  | ===========getbyname===================
userweb-app  | ----------------Optional[com.example.demo.model.User@18d66608]
userweb-app  | ----------------Optional[com.example.demo.model.User@1f3ba185]
userweb-app  | ----------------Optional[com.example.demo.model.User@2c8467b7]
userweb-app  | ===========getbyname===================
userweb-app  | ===========getbyname===================
userweb-app  | ----------------Optional[com.example.demo.model.User@7a08a9f0]
userweb-app  | ----------------Optional[com.example.demo.model.User@2a26db07]
userweb-app  | ===========getbyname===================
userweb-app  | ===========getbyname===================
userweb-app  | ----------------Optional[com.example.demo.model.User@76a968e2]
userweb-app  | ----------------Optional[com.example.demo.model.User@ca9e983]
userweb-app  | ===========getbyname===================
userweb-app  | ----------------Optional[com.example.demo.model.User@3a18338b]
userweb-app  | ===========getbyname===================
userweb-app  | ===========getbyname===================
userweb-app  | ===========getbyname===================
userweb-app  | ----------------Optional[com.example.demo.model.User@55194eb7]
userweb-app  | ----------------Optional[com.example.demo.model.User@5753a8d4]
userweb-app  | ===========getbyname===================
userweb-app  | ===========getbyname===================
userweb-app  | ===========getbyname===================
userweb-app  | ----------------Optional[com.example.demo.model.User@67e523b3]
userweb-app  | ===========getbyname===================
userweb-app  | ----------------Optional[com.example.demo.model.User@5384071c]
userweb-app  | ===========getbyname===================
userweb-app  | ===========getbyname===================
userweb-app  | ===========getbyname===================
userweb-app  | ===========getbyname===================
userweb-app  | ----------------Optional[com.example.demo.model.User@26e2c5eb]
userweb-app  | ----------------Optional[com.example.demo.model.User@1a5f67d8]
userweb-app  | ===========getbyname===================
userweb-app  | ----------------Optional[com.example.demo.model.User@4b9d718e]
userweb-app  | ===========getbyname===================
userweb-app  | ----------------Optional[com.example.demo.model.User@23691bad]
userweb-app  | ----------------Optional[com.example.demo.model.User@2be54f3e]
userweb-app  | ----------------Optional[com.example.demo.model.User@3acdffa]
userweb-app  | ----------------Optional[com.example.demo.model.User@2c28416d]
userweb-app  | ===========getbyname===================
userweb-app  | ===========getbyname===================
userweb-app  | ===========getbyname===================
userweb-app  | ----------------Optional[com.example.demo.model.User@332e62f1]
userweb-app  | ===========getbyname===================
userweb-app  | ----------------Optional[com.example.demo.model.User@6ddb6d61]
userweb-app  | ----------------Optional[com.example.demo.model.User@595b8fab]
userweb-app  | ----------------Optional[com.example.demo.model.User@645e7371]
userweb-app  | ----------------Optional[com.example.demo.model.User@343894e3]
userweb-app  | ===========getbyname===================
userweb-app  | ===========getbyname===================
userweb-app  | ----------------Optional[com.example.demo.model.User@3af7c09f]
userweb-app  | ===========getbyname===================
userweb-app  | ----------------Optional[com.example.demo.model.User@273dbbd1]
userweb-app  | ----------------Optional[com.example.demo.model.User@32a220a6]
userweb-app  | ----------------Optional[com.example.demo.model.User@14b5acb6]
userweb-app  | ===========getbyname===================
userweb-app  | ===========getbyname===================
userweb-app  | ----------------Optional[com.example.demo.model.User@295a04a5]
userweb-app  | ===========getbyname===================
userweb-app  | ----------------Optional[com.example.demo.model.User@34315890]
userweb-app  | ----------------Optional[com.example.demo.model.User@4afc6259]
userweb-app  | ----------------Optional[com.example.demo.model.User@74c9c4ba]
userweb-app  | ----------------Optional[com.example.demo.model.User@7265ae65]
userweb-app  | ===========getbyname===================
userweb-app  | ----------------Optional[com.example.demo.model.User@275eb9ed]
userweb-app  | ===========getbyname===================
userweb-app  | ----------------Optional[com.example.demo.model.User@76da0b00]
userweb-app  | ----------------Optional[com.example.demo.model.User@31161587]
userweb-app  | ===========getbyname===================
userweb-app  | ===========getbyname===================
userweb-app  | ===========getbyname===================
userweb-app  | ----------------Optional[com.example.demo.model.User@41f1ffee]
userweb-app  | ===========getbyname===================
userweb-app  | ----------------Optional[com.example.demo.model.User@bd56855]
userweb-app  | ----------------Optional[com.example.demo.model.User@5238c543]
userweb-app  | ===========getbyname===================
userweb-app  | ===========getbyname===================
userweb-app  | ===========getbyname===================
userweb-app  | ===========getbyname===================
userweb-app  | ----------------Optional[com.example.demo.model.User@474f1d96]
userweb-app  | ===========getbyname===================
userweb-app  | ===========getbyname===================
userweb-app  | ===========getbyname===================
userweb-app  | ----------------Optional[com.example.demo.model.User@2ad10401]
userweb-app  | ===========getbyname===================
userweb-app  | ===========getbyname===================
userweb-app  | ----------------Optional[com.example.demo.model.User@19a321bb]
userweb-app  | ----------------Optional[com.example.demo.model.User@5c3d402b]
userweb-app  | ===========getbyname===================
userweb-app  | ----------------Optional[com.example.demo.model.User@3191bfb0]
userweb-app  | ===========getbyname===================
userweb-app  | ===========getbyname===================
userweb-app  | ===========getbyname===================
userweb-app  | ===========getbyname===================
userweb-app  | ===========getbyname===================
userweb-app  | ----------------Optional[com.example.demo.model.User@3524cfb5]
userweb-app  | ===========getbyname===================
userweb-app  | ----------------Optional[com.example.demo.model.User@2d27bb15]
userweb-app  | ----------------Optional[com.example.demo.model.User@4758be87]
userweb-app  | ----------------Optional[com.example.demo.model.User@49f318e4]
userweb-app  | ----------------Optional[com.example.demo.model.User@65a2ac33]
userweb-app  | ===========getbyname===================
userweb-app  | ----------------Optional[com.example.demo.model.User@61611e12]
userweb-app  | ===========getbyname===================
userweb-app  | ----------------Optional[com.example.demo.model.User@2d41af6a]
userweb-app  | ===========getbyname===================
userweb-app  | ===========getbyname===================
userweb-app  | ===========getbyname===================
userweb-app  | ----------------Optional[com.example.demo.model.User@8c14684]
userweb-app  | ----------------Optional[com.example.demo.model.User@668192e7]
userweb-app  | ===========getbyname===================
userweb-app  | ----------------Optional[com.example.demo.model.User@183b638b]
userweb-app  | ===========getbyname===================
userweb-app  | ----------------Optional[com.example.demo.model.User@7388f44b]
userweb-app  | ----------------Optional[com.example.demo.model.User@4554d3d4]
userweb-app  | ===========getbyname===================
userweb-app  | ===========getbyname===================
userweb-app  | ===========getbyname===================
userweb-app  | ===========getbyname===================
userweb-app  | ----------------Optional[com.example.demo.model.User@5d49c5f6]
userweb-app  | ----------------Optional[com.example.demo.model.User@3e138abc]
userweb-app  | ===========getbyname===================
userweb-app  | ----------------Optional[com.example.demo.model.User@67c3c252]
userweb-app  | ----------------Optional[com.example.demo.model.User@24a8a9fe]
userweb-app  | ===========getbyname===================
userweb-app  | ===========getbyname===================
userweb-app  | ===========getbyname===================
userweb-app  | ----------------Optional[com.example.demo.model.User@4836a53c]
userweb-app  | ----------------Optional[com.example.demo.model.User@363e4e8]
userweb-app  | ----------------Optional[com.example.demo.model.User@2601e36c]
userweb-app  | ----------------Optional[com.example.demo.model.User@72ab7ea4]
userweb-app  | ----------------Optional[com.example.demo.model.User@29f545fd]
userweb-app  | ----------------Optional[com.example.demo.model.User@687c623f]
userweb-app  | ----------------Optional[com.example.demo.model.User@66a67748]
userweb-app  | ===========getbyname===================
userweb-app  | ===========getbyname===================
userweb-app  | ----------------Optional[com.example.demo.model.User@236d14e1]
userweb-app  | ----------------Optional[com.example.demo.model.User@3a678e69]
userweb-app  | ===========getbyname===================
userweb-app  | ===========getbyname===================
userweb-app  | ----------------Optional[com.example.demo.model.User@1f2ffad2]
userweb-app  | ===========getbyname===================
userweb-app  | ===========getbyname===================
userweb-app  | ----------------Optional[com.example.demo.model.User@7d84751a]
userweb-app  | ----------------Optional[com.example.demo.model.User@63165b80]
userweb-app  | ===========getbyname===================
userweb-app  | ===========getbyname===================
userweb-app  | ----------------Optional[com.example.demo.model.User@3f03cd50]
userweb-app  | ===========getbyname===================
userweb-app  | ----------------Optional[com.example.demo.model.User@4e1fc615]
userweb-app  | ===========getbyname===================
userweb-app  | ===========getbyname===================
userweb-app  | ----------------Optional[com.example.demo.model.User@542f2fcf]
userweb-app  | ----------------Optional[com.example.demo.model.User@416c7b48]
userweb-app  | ----------------Optional[com.example.demo.model.User@726481c7]
userweb-app  | ===========getbyname===================
userweb-app  | ===========getbyname===================
userweb-app  | ----------------Optional[com.example.demo.model.User@626ed2de]
userweb-app  | ===========getbyname===================
userweb-app  | ----------------Optional[com.example.demo.model.User@435c856]
userweb-app  | ----------------Optional[com.example.demo.model.User@250b3f20]
userweb-app  | ===========getbyname===================
userweb-app  | ----------------Optional[com.example.demo.model.User@74823d3b]
userweb-app  | ----------------Optional[com.example.demo.model.User@330308d9]
userweb-app  | ----------------Optional[com.example.demo.model.User@279f9ad7]
userweb-app  | ===========getbyname===================
userweb-app  | ----------------Optional[com.example.demo.model.User@15a285c4]
userweb-app  | ===========getbyname===================
userweb-app  | ----------------Optional[com.example.demo.model.User@40b2c876]
userweb-app  | ----------------Optional[com.example.demo.model.User@20c03976]
userweb-app  | ===========getbyname===================
userweb-app  | ===========getbyname===================
userweb-app  | ----------------Optional[com.example.demo.model.User@6110d571]
userweb-app  | ===========getbyname===================
userweb-app  | ===========getbyname===================
userweb-app  | ----------------Optional[com.example.demo.model.User@45be2773]
userweb-app  | ===========getbyname===================
userweb-app  | ===========getbyname===================
userweb-app  | ----------------Optional[com.example.demo.model.User@3874a343]
userweb-app  | ----------------Optional[com.example.demo.model.User@3657566f]
userweb-app  | ===========getbyname===================
userweb-app  | ----------------Optional[com.example.demo.model.User@2f4b43d4]
userweb-app  | ===========getbyname===================
userweb-app  | ----------------Optional[com.example.demo.model.User@3b7b213d]
userweb-app  | ===========getbyname===================
userweb-app  | ----------------Optional[com.example.demo.model.User@48fe8a06]
userweb-app  | ===========getbyname===================
userweb-app  | ===========getbyname===================
userweb-app  | ===========getbyname===================
userweb-app  | ----------------Optional[com.example.demo.model.User@11eeda53]
userweb-app  | ----------------Optional[com.example.demo.model.User@1bad00e9]
userweb-app  | ===========getbyname===================
userweb-app  | ----------------Optional[com.example.demo.model.User@1f5c00a6]
userweb-app  | ===========getbyname===================
userweb-app  | ===========getbyname===================
userweb-app  | ----------------Optional[com.example.demo.model.User@386b7922]
userweb-app  | ----------------Optional[com.example.demo.model.User@71c79a2a]
userweb-app  | ===========getbyname===================
userweb-app  | ----------------Optional[com.example.demo.model.User@35072994]
userweb-app  | ----------------Optional[com.example.demo.model.User@dfcb079]
userweb-app  | ----------------Optional[com.example.demo.model.User@3767aab4]
userweb-app  | ===========getbyname===================
userweb-app  | ===========getbyname===================
userweb-app  | ----------------Optional[com.example.demo.model.User@40af11d4]
userweb-app  | ===========getbyname===================
userweb-app  | ===========getbyname===================
userweb-app  | ----------------Optional[com.example.demo.model.User@7de013e9]
userweb-app  | ----------------Optional[com.example.demo.model.User@513ccb73]
userweb-app  | ===========getbyname===================
userweb-app  | ===========getbyname===================
userweb-app  | ----------------Optional[com.example.demo.model.User@1d6fe0bf]
userweb-app  | ----------------Optional[com.example.demo.model.User@9d86bec]
userweb-app  | ===========getbyname===================
userweb-app  | ----------------Optional[com.example.demo.model.User@3afad199]
userweb-app  | ===========getbyname===================
userweb-app  | ===========getbyname===================
userweb-app  | ===========getbyname===================
userweb-app  | ===========getbyname===================
userweb-app  | ===========getbyname===================
userweb-app  | ----------------Optional[com.example.demo.model.User@493d6d85]
userweb-app  | ----------------Optional[com.example.demo.model.User@5ca3c1d7]
userweb-app  | ===========getbyname===================
userweb-app  | ----------------Optional[com.example.demo.model.User@7873be6a]
userweb-app  | ===========getbyname===================
userweb-app  | ----------------Optional[com.example.demo.model.User@707bb547]
userweb-app  | ----------------Optional[com.example.demo.model.User@83930d2]
userweb-app  | ----------------Optional[com.example.demo.model.User@7a427bb9]
userweb-app  | ----------------Optional[com.example.demo.model.User@752b1891]
userweb-app  | ----------------Optional[com.example.demo.model.User@20860126]
userweb-app  | ===========getbyname===================
userweb-app  | ----------------Optional[com.example.demo.model.User@761339a]
userweb-app  | ===========getbyname===================
userweb-app  | ----------------Optional[com.example.demo.model.User@2ead945d]
userweb-app  | ===========getbyname===================
userweb-app  | ===========getbyname===================
userweb-app  | ===========getbyname===================
userweb-app  | ===========getbyname===================
userweb-app  | ===========getbyname===================
userweb-app  | ----------------Optional[com.example.demo.model.User@7cce9582]
userweb-app  | ----------------Optional[com.example.demo.model.User@4d0d87f3]
userweb-app  | ----------------Optional[com.example.demo.model.User@243fd59e]
userweb-app  | ===========getbyname===================
userweb-app  | ----------------Optional[com.example.demo.model.User@144cbff2]
userweb-app  | ----------------Optional[com.example.demo.model.User@182f1a9a]
userweb-app  | ----------------Optional[com.example.demo.model.User@34cb0bce]
userweb-app  | ===========getbyname===================
userweb-app  | ===========getbyname===================
userweb-app  | ===========getbyname===================
userweb-app  | ----------------Optional[com.example.demo.model.User@fdf1a7]
userweb-app  | ----------------Optional[com.example.demo.model.User@50d24b38]
userweb-app  | ----------------Optional[com.example.demo.model.User@acaa06a]
userweb-app  | ===========getbyname===================
userweb-app  | ===========getbyname===================
userweb-app  | ===========getbyname===================
userweb-app  | ----------------Optional[com.example.demo.model.User@3140ae52]
userweb-app  | ===========getbyname===================
userweb-app  | ===========getbyname===================
userweb-app  | ----------------Optional[com.example.demo.model.User@47fe1714]
userweb-app  | ===========getbyname===================
userweb-app  | ===========getbyname===================
userweb-app  | ===========getbyname===================
userweb-app  | ----------------Optional[com.example.demo.model.User@67fc6e4]
userweb-app  | ----------------Optional[com.example.demo.model.User@690f4f9]
userweb-app  | ===========getbyname===================
userweb-app  | ===========getbyname===================
userweb-app  | ===========getbyname===================
userweb-app  | ----------------Optional[com.example.demo.model.User@2d7e140a]
userweb-app  | ===========getbyname===================
userweb-app  | ----------------Optional[com.example.demo.model.User@4e38a459]
userweb-app  | ----------------Optional[com.example.demo.model.User@6d4c9146]
userweb-app  | ----------------Optional[com.example.demo.model.User@4d64f57]
userweb-app  | ===========getbyname===================
userweb-app  | ----------------Optional[com.example.demo.model.User@5fcdd5e3]
userweb-app  | ----------------Optional[com.example.demo.model.User@38133663]
userweb-app  | ===========getbyname===================
userweb-app  | ----------------Optional[com.example.demo.model.User@f184476]
userweb-app  | ===========getbyname===================
userweb-app  | ===========getbyname===================
userweb-app  | ===========getbyname===================
userweb-app  | ===========getbyname===================
userweb-app  | ===========getbyname===================
userweb-app  | ----------------Optional[com.example.demo.model.User@2f1d1759]
userweb-app  | ===========getbyname===================
userweb-app  | ===========getbyname===================
userweb-app  | ----------------Optional[com.example.demo.model.User@9562c05]
userweb-app  | ===========getbyname===================
userweb-app  | ----------------Optional[com.example.demo.model.User@124071e2]
userweb-app  | ===========getbyname===================
userweb-app  | ===========getbyname===================
userweb-app  | ----------------Optional[com.example.demo.model.User@56e2e6a2]
userweb-app  | ===========getbyname===================
userweb-app  | ----------------Optional[com.example.demo.model.User@3d83a368]
userweb-app  | ===========getbyname===================
userweb-app  | ----------------Optional[com.example.demo.model.User@7c07e627]
userweb-app  | ===========getbyname===================
userweb-app  | ----------------Optional[com.example.demo.model.User@60977629]
userweb-app  | ===========getbyname===================
userweb-app  | ===========getbyname===================
userweb-app  | ===========getbyname===================
userweb-app  | ===========getbyname===================
userweb-app  | ===========getbyname===================
userweb-app  | ===========getbyname===================
userweb-app  | ----------------Optional[com.example.demo.model.User@26d5fc08]
userweb-app  | ----------------Optional[com.example.demo.model.User@1ee8525a]
userweb-app  | ----------------Optional[com.example.demo.model.User@4aa44dce]
userweb-app  | ===========getbyname===================
userweb-app  | ===========getbyname===================
userweb-app  | ----------------Optional[com.example.demo.model.User@ff1cb55]
userweb-app  | ===========getbyname===================
userweb-app  | ----------------Optional[com.example.demo.model.User@f4c3a2]
userweb-app  | ----------------Optional[com.example.demo.model.User@6fc5402]
userweb-app  | ===========getbyname===================
userweb-app  | ----------------Optional[com.example.demo.model.User@571aea51]
userweb-app  | ===========getbyname===================
userweb-app  | ----------------Optional[com.example.demo.model.User@39d21568]
userweb-app  | ===========getbyname===================
userweb-app  | ----------------Optional[com.example.demo.model.User@6d6a4dc5]
userweb-app  | ----------------Optional[com.example.demo.model.User@549b532a]
userweb-app  | ===========getbyname===================
userweb-app  | ----------------Optional[com.example.demo.model.User@19983914]
userweb-app  | ===========getbyname===================
userweb-app  | ===========getbyname===================
userweb-app  | ===========getbyname===================
userweb-app  | ----------------Optional[com.example.demo.model.User@3d76833e]
userweb-app  | ----------------Optional[com.example.demo.model.User@4cb5dec0]
userweb-app  | ----------------Optional[com.example.demo.model.User@4061b25b]
userweb-app  | ----------------Optional[com.example.demo.model.User@3d01d5a7]
userweb-app  | ===========getbyname===================
userweb-app  | ----------------Optional[com.example.demo.model.User@48ef2455]
userweb-app  | ===========getbyname===================
userweb-app  | ----------------Optional[com.example.demo.model.User@2c9f3f7b]
userweb-app  | ===========getbyname===================
userweb-app  | ===========getbyname===================
userweb-app  | ===========getbyname===================
userweb-app  | ===========getbyname===================
userweb-app  | ----------------Optional[com.example.demo.model.User@418d75fc]
userweb-app  | ----------------Optional[com.example.demo.model.User@435d29e9]
userweb-app  | ----------------Optional[com.example.demo.model.User@1e272a91]
userweb-app  | ----------------Optional[com.example.demo.model.User@2e2534c]
userweb-app  | ===========getbyname===================
userweb-app  | ----------------Optional[com.example.demo.model.User@734483b7]
userweb-app  | ----------------Optional[com.example.demo.model.User@539f6404]
userweb-app  | ----------------Optional[com.example.demo.model.User@5fdd155a]
userweb-app  | ----------------Optional[com.example.demo.model.User@20412683]
userweb-app  | ----------------Optional[com.example.demo.model.User@6baff455]
userweb-app  | ----------------Optional[com.example.demo.model.User@1d02df8b]
userweb-app  | ----------------Optional[com.example.demo.model.User@68e10d7f]
userweb-app  | ----------------Optional[com.example.demo.model.User@5068be0d]
userweb-app  | ----------------Optional[com.example.demo.model.User@6bb53b6c]
userweb-app  | ===========getbyname===================
userweb-app  | ===========getbyname===================
userweb-app  | ===========getbyname===================
userweb-app  | ----------------Optional[com.example.demo.model.User@3f9328a2]
userweb-app  | ===========getbyname===================
userweb-app  | ----------------Optional[com.example.demo.model.User@39eaf3c4]
userweb-app  | ----------------Optional[com.example.demo.model.User@3f9c024e]
userweb-app  | ----------------Optional[com.example.demo.model.User@31e980d4]
userweb-app  | ===========getbyname===================
userweb-app  | ===========getbyname===================
userweb-app  | ===========getbyname===================
userweb-app  | ===========getbyname===================
userweb-app  | ----------------Optional[com.example.demo.model.User@68050c81]
userweb-app  | ===========getbyname===================
userweb-app  | ===========getbyname===================
userweb-app  | ----------------Optional[com.example.demo.model.User@3af515c5]
userweb-app  | ===========getbyname===================
userweb-app  | ===========getbyname===================
userweb-app  | ===========getbyname===================
userweb-app  | ===========getbyname===================
userweb-app  | ----------------Optional[com.example.demo.model.User@52d9f8b6]
userweb-app  | ----------------Optional[com.example.demo.model.User@65c75f74]
userweb-app  | ----------------Optional[com.example.demo.model.User@f7ad1fe]
userweb-app  | ----------------Optional[com.example.demo.model.User@70081c56]
userweb-app  | ===========getbyname===================
userweb-app  | ----------------Optional[com.example.demo.model.User@29cdb92e]
userweb-app  | ===========getbyname===================
userweb-app  | ----------------Optional[com.example.demo.model.User@7f80ecba]
userweb-app  | ----------------Optional[com.example.demo.model.User@3a1275f4]
userweb-app  | ----------------Optional[com.example.demo.model.User@21e9b335]
userweb-app  | ===========getbyname===================
userweb-app  | ===========getbyname===================
userweb-app  | ----------------Optional[com.example.demo.model.User@649dc962]
userweb-app  | ----------------Optional[com.example.demo.model.User@3b3810cd]
userweb-app  | ----------------Optional[com.example.demo.model.User@482b2f09]
userweb-app  | ===========getbyname===================
userweb-app  | ===========getbyname===================
userweb-app  | ----------------Optional[com.example.demo.model.User@462929e4]
userweb-app  | ----------------Optional[com.example.demo.model.User@69b8ad9a]
userweb-app  | ===========getbyname===================
userweb-app  | ----------------Optional[com.example.demo.model.User@7fb90336]
userweb-app  | ----------------Optional[com.example.demo.model.User@334e89dd]
userweb-app  | ----------------Optional[com.example.demo.model.User@14f84c37]
userweb-app  | ----------------Optional[com.example.demo.model.User@d7802f1]
userweb-app  | ----------------Optional[com.example.demo.model.User@29dbaf03]
userweb-app  | ===========getbyname===================
userweb-app  | ----------------Optional[com.example.demo.model.User@48f17bbb]
userweb-app  | ===========getbyname===================
userweb-app  | ===========getbyname===================
userweb-app  | ----------------Optional[com.example.demo.model.User@1edc6e35]
userweb-app  | ===========getbyname===================
userweb-app  | ----------------Optional[com.example.demo.model.User@62a24128]
userweb-app  | ----------------Optional[com.example.demo.model.User@3fdfc68b]
userweb-app  | ----------------Optional[com.example.demo.model.User@76ae6f95]
userweb-app  | ----------------Optional[com.example.demo.model.User@35b37019]
userweb-app  | ----------------Optional[com.example.demo.model.User@2ec31367]
userweb-app  | ----------------Optional[com.example.demo.model.User@1fabcab7]
userweb-app  | ----------------Optional[com.example.demo.model.User@1a414a0e]
userweb-app  | ===========getbyname===================
userweb-app  | ----------------Optional[com.example.demo.model.User@3fdb93ac]
userweb-app  | ----------------Optional[com.example.demo.model.User@1a754710]
userweb-app  | ----------------Optional[com.example.demo.model.User@2d246987]
userweb-app  | ===========getbyname===================
userweb-app  | ----------------Optional[com.example.demo.model.User@5cd8d0ce]
userweb-app  | ===========getbyname===================
userweb-app  | ----------------Optional[com.example.demo.model.User@1e6d2dc8]
userweb-app  | ===========getbyname===================
userweb-app  | ----------------Optional[com.example.demo.model.User@572a43b4]
userweb-app  | ===========getbyname===================
userweb-app  | ----------------Optional[com.example.demo.model.User@2d5fc4fe]
userweb-app  | ===========getbyname===================
userweb-app  | ----------------Optional[com.example.demo.model.User@16ffe3aa]
userweb-app  | ===========getbyname===================
userweb-app  | ----------------Optional[com.example.demo.model.User@67260367]
userweb-app  | ===========getbyname===================
userweb-app  | ===========getbyname===================
userweb-app  | ----------------Optional[com.example.demo.model.User@1ee43a9a]
userweb-app  | ----------------Optional[com.example.demo.model.User@103a01e6]
userweb-app  | ===========getbyname===================
userweb-app  | ===========getbyname===================
userweb-app  | ----------------Optional[com.example.demo.model.User@4098ed3c]
userweb-app  | ===========getbyname===================
userweb-app  | ----------------Optional[com.example.demo.model.User@23baa143]
userweb-app  | ----------------Optional[com.example.demo.model.User@16979c69]
userweb-app  | ===========getbyname===================
userweb-app  | ----------------Optional[com.example.demo.model.User@7c31e480]
userweb-app  | ===========getbyname===================
userweb-app  | ===========getbyname===================
userweb-app  | ===========getbyname===================
userweb-app  | ===========getbyname===================
userweb-app  | ----------------Optional[com.example.demo.model.User@989a1ec]
userweb-app  | ----------------Optional[com.example.demo.model.User@42c84e51]
userweb-app  | ----------------Optional[com.example.demo.model.User@3b38c126]
userweb-app  | ===========getbyname===================
userweb-app  | ===========getbyname===================
userweb-app  | ----------------Optional[com.example.demo.model.User@17704252]
userweb-app  | ===========getbyname===================
userweb-app  | ===========getbyname===================
userweb-app  | ===========getbyname===================
userweb-app  | ----------------Optional[com.example.demo.model.User@37160006]
userweb-app  | ----------------Optional[com.example.demo.model.User@43fa3939]
userweb-app  | ----------------Optional[com.example.demo.model.User@7347ac77]
userweb-app  | ===========getbyname===================
userweb-app  | ===========getbyname===================
userweb-app  | ===========getbyname===================
userweb-app  | ----------------Optional[com.example.demo.model.User@5e207055]
userweb-app  | ===========getbyname===================
userweb-app  | ----------------Optional[com.example.demo.model.User@52ca7f24]
userweb-app  | ===========getbyname===================
userweb-app  | ----------------Optional[com.example.demo.model.User@3aa03828]
userweb-app  | ===========getbyname===================
userweb-app  | ===========getbyname===================
userweb-app  | ===========getbyname===================
userweb-app  | ----------------Optional[com.example.demo.model.User@1b71e07a]
userweb-app  | ===========getbyname===================
userweb-app  | ----------------Optional[com.example.demo.model.User@2f2b2915]
userweb-app  | ----------------Optional[com.example.demo.model.User@8453a6c]
userweb-app  | ----------------Optional[com.example.demo.model.User@156e61bb]
userweb-app  | ===========getbyname===================
userweb-app  | ----------------Optional[com.example.demo.model.User@1fa92a61]
userweb-app  | ===========getbyname===================
userweb-app  | ===========getbyname===================
userweb-app  | ----------------Optional[com.example.demo.model.User@12ecbd5a]
userweb-app  | ----------------Optional[com.example.demo.model.User@7bcbd3b0]
userweb-app  | ----------------Optional[com.example.demo.model.User@3b07f272]
userweb-app  | ----------------Optional[com.example.demo.model.User@1cf07d4a]
userweb-app  | ----------------Optional[com.example.demo.model.User@16e0cfb7]
userweb-app  | ----------------Optional[com.example.demo.model.User@540ebbcf]
userweb-app  | ===========getbyname===================
userweb-app  | ===========getbyname===================
userweb-app  | ----------------Optional[com.example.demo.model.User@48399f7f]
userweb-app  | ===========getbyname===================
userweb-app  | ===========getbyname===================
userweb-app  | ----------------Optional[com.example.demo.model.User@4d7c40e1]
userweb-app  | ===========getbyname===================
userweb-app  | ----------------Optional[com.example.demo.model.User@4ab349e0]
userweb-app  | ===========getbyname===================
userweb-app  | ----------------Optional[com.example.demo.model.User@5520d227]
userweb-app  | ===========getbyname===================
userweb-app  | ===========getbyname===================
userweb-app  | ===========getbyname===================
userweb-app  | ===========getbyname===================
userweb-app  | ===========getbyname===================
userweb-app  | ===========getbyname===================
userweb-app  | ===========getbyname===================
userweb-app  | ===========getbyname===================
userweb-app  | ===========getbyname===================
userweb-app  | ===========getbyname===================
userweb-app  | ===========getbyname===================
userweb-app  | ===========getbyname===================
userweb-app  | ===========getbyname===================
userweb-app  | ===========getbyname===================
userweb-app  | ===========getbyname===================
userweb-app  | ----------------Optional[com.example.demo.model.User@63a51dbb]
userweb-app  | ===========getbyname===================
userweb-app  | ===========getbyname===================
userweb-app  | ----------------Optional[com.example.demo.model.User@360f0112]
userweb-app  | ----------------Optional[com.example.demo.model.User@5a0c0c5]
userweb-app  | ===========getbyname===================
userweb-app  | ----------------Optional[com.example.demo.model.User@13d5506]
userweb-app  | ----------------Optional[com.example.demo.model.User@1e82cd68]
userweb-app  | ===========getbyname===================
userweb-app  | ===========getbyname===================
userweb-app  | ===========getbyname===================
userweb-app  | ===========getbyname===================
userweb-app  | ----------------Optional[com.example.demo.model.User@6e49938e]
userweb-app  | ===========getbyname===================
userweb-app  | ===========getbyname===================
userweb-app  | ===========getbyname===================
userweb-app  | ===========getbyname===================
userweb-app  | ===========getbyname===================
userweb-app  | ----------------Optional[com.example.demo.model.User@7f0ad341]
userweb-app  | ----------------Optional[com.example.demo.model.User@7b28da32]
userweb-app  | ----------------Optional[com.example.demo.model.User@130cd487]
userweb-app  | ----------------Optional[com.example.demo.model.User@65b656f3]
userweb-app  | ===========getbyname===================
userweb-app  | ----------------Optional[com.example.demo.model.User@5b64ed7a]
userweb-app  | ----------------Optional[com.example.demo.model.User@a303d21]
userweb-app  | ===========getbyname===================
userweb-app  | ===========getbyname===================
userweb-app  | ----------------Optional[com.example.demo.model.User@23c2d378]
userweb-app  | ===========getbyname===================
userweb-app  | ===========getbyname===================
userweb-app  | ----------------Optional[com.example.demo.model.User@6bacefb0]
userweb-app  | ----------------Optional[com.example.demo.model.User@1c2c1072]
userweb-app  | ----------------Optional[com.example.demo.model.User@3c2d676a]
userweb-app  | ===========getbyname===================
userweb-app  | ===========getbyname===================
userweb-app  | ===========getbyname===================
userweb-app  | ----------------Optional[com.example.demo.model.User@59c39c59]
userweb-app  | ----------------Optional[com.example.demo.model.User@453324f3]
userweb-app  | ----------------Optional[com.example.demo.model.User@36242553]
userweb-app  | ===========getbyname===================
userweb-app  | ----------------Optional[com.example.demo.model.User@61e1b13c]
userweb-app  | ----------------Optional[com.example.demo.model.User@55581576]
userweb-app  | ----------------Optional[com.example.demo.model.User@38de4c99]
userweb-app  | ===========getbyname===================
userweb-app  | ----------------Optional[com.example.demo.model.User@7b33320d]
userweb-app  | ----------------Optional[com.example.demo.model.User@949e9af]
userweb-app  | ===========getbyname===================
userweb-app  | ----------------Optional[com.example.demo.model.User@bfa7ff7]
userweb-app  | ===========getbyname===================
userweb-app  | ----------------Optional[com.example.demo.model.User@615a7cc7]
userweb-app  | ----------------Optional[com.example.demo.model.User@53c9d82b]
userweb-app  | ----------------Optional[com.example.demo.model.User@98e64d6]
userweb-app  | ===========getbyname===================
userweb-app  | ----------------Optional[com.example.demo.model.User@2b7f6f35]
userweb-app  | ===========getbyname===================
userweb-app  | ----------------Optional[com.example.demo.model.User@3518e8c0]
userweb-app  | ----------------Optional[com.example.demo.model.User@276e8840]
userweb-app  | ===========getbyname===================
userweb-app  | ===========getbyname===================
userweb-app  | ----------------Optional[com.example.demo.model.User@66df430f]
userweb-app  | ===========getbyname===================
userweb-app  | ----------------Optional[com.example.demo.model.User@7332a2e0]
userweb-app  | ----------------Optional[com.example.demo.model.User@3fd4bfbc]
userweb-app  | ===========getbyname===================
userweb-app  | ----------------Optional[com.example.demo.model.User@793eba61]
userweb-app  | ----------------Optional[com.example.demo.model.User@7158df11]
userweb-app  | ----------------Optional[com.example.demo.model.User@43c752ed]
userweb-app  | ----------------Optional[com.example.demo.model.User@4edbc74]
userweb-app  | ===========getbyname===================
userweb-app  | ===========getbyname===================
userweb-app  | ===========getbyname===================
userweb-app  | ===========getbyname===================
userweb-app  | ===========getbyname===================
userweb-app  | ===========getbyname===================
userweb-app  | ----------------Optional[com.example.demo.model.User@3dfc962d]
userweb-app  | ===========getbyname===================
userweb-app  | ----------------Optional[com.example.demo.model.User@d7303bb]
userweb-app  | ----------------Optional[com.example.demo.model.User@69633627]
userweb-app  | ===========getbyname===================
userweb-app  | ----------------Optional[com.example.demo.model.User@4672f093]
userweb-app  | ===========getbyname===================
userweb-app  | ===========getbyname===================
userweb-app  | ----------------Optional[com.example.demo.model.User@12177692]
userweb-app  | ----------------Optional[com.example.demo.model.User@53392b63]
userweb-app  | ===========getbyname===================
userweb-app  | ----------------Optional[com.example.demo.model.User@6bdec34b]
userweb-app  | ===========getbyname===================
userweb-app  | ===========getbyname===================
userweb-app  | ----------------Optional[com.example.demo.model.User@290ceb81]
userweb-app  | ----------------Optional[com.example.demo.model.User@1aa74e04]
userweb-app  | ===========getbyname===================
userweb-app  | ----------------Optional[com.example.demo.model.User@6767576d]
userweb-app  | ===========getbyname===================
userweb-app  | ----------------Optional[com.example.demo.model.User@7f058e4d]
userweb-app  | ----------------Optional[com.example.demo.model.User@9f478b3]
userweb-app  | ===========getbyname===================
userweb-app  | ===========getbyname===================
userweb-app  | ----------------Optional[com.example.demo.model.User@40f83062]
userweb-app  | ----------------Optional[com.example.demo.model.User@a5b013e]
userweb-app  | ===========getbyname===================
userweb-app  | ----------------Optional[com.example.demo.model.User@537dfefc]
userweb-app  | ----------------Optional[com.example.demo.model.User@1c6b7c34]
userweb-app  | === USERS === http-nio-8080-exec-24 JWT成功 username=test40
userweb-app  | ===========getbyname===================
userweb-app  | === USERS AUTH === http-nio-8080-exec-24 username=test40
userweb-app  | ===========getbyname===================
userweb-app  | ===========getbyname===================
userweb-app  | ----------------Optional[com.example.demo.model.User@215f8ba1]
userweb-app  | ----------------Optional[com.example.demo.model.User@380a8812]
userweb-app  | ===========getbyname===================
userweb-app  | ===========getbyname===================
userweb-app  | ----------------Optional[com.example.demo.model.User@692aed86]
userweb-app  | ----------------Optional[com.example.demo.model.User@1d100bda]
userweb-app  | ----------------Optional[com.example.demo.model.User@10257666]
userweb-app  | ----------------Optional[com.example.demo.model.User@4db2ba5a]
userweb-app  | ----------------Optional[com.example.demo.model.User@26b93ef1]
userweb-app  | ===========getbyname===================
userweb-app  | ===========getbyname===================
userweb-app  | ----------------Optional[com.example.demo.model.User@6607b10e]
userweb-app  | ===========getbyname===================
userweb-app  | ----------------Optional[com.example.demo.model.User@39dead41]
userweb-app  | ----------------Optional[com.example.demo.model.User@5a3bdd84]
userweb-app  | ----------------Optional[com.example.demo.model.User@4886b77b]
userweb-app  | ----------------Optional[com.example.demo.model.User@4d63ac9c]
userweb-app  | ----------------Optional[com.example.demo.model.User@29f25d37]
userweb-app  | ===========getbyname===================
userweb-app  | ----------------Optional[com.example.demo.model.User@34b9afd8]
userweb-app  | ===========getbyname===================
userweb-app  | ===========getbyname===================
userweb-app  | ----------------Optional[com.example.demo.model.User@4a7627cd]
userweb-app  | ----------------Optional[com.example.demo.model.User@a82cd45]
userweb-app  | ----------------Optional[com.example.demo.model.User@6801043b]
userweb-app  | ----------------Optional[com.example.demo.model.User@16c8e7b9]
userweb-app  | ===========getbyname===================
userweb-app  | ----------------Optional[com.example.demo.model.User@614a470c]
userweb-app  | ----------------Optional[com.example.demo.model.User@660769f8]
userweb-app  | ===========getbyname===================
userweb-app  | ===========getbyname===================
userweb-app  | ===========getbyname===================
userweb-app  | ----------------Optional[com.example.demo.model.User@43e9efcd]
userweb-app  | ===========getbyname===================
userweb-app  | ----------------Optional[com.example.demo.model.User@42c46674]
userweb-app  | ===========getbyname===================
userweb-app  | ----------------Optional[com.example.demo.model.User@6b2bea9]
userweb-app  | ===========getbyname===================
userweb-app  | ===========getbyname===================
userweb-app  | ===========getbyname===================
userweb-app  | ===========getbyname===================
userweb-app  | ----------------Optional[com.example.demo.model.User@290e2d16]
userweb-app  | ----------------Optional[com.example.demo.model.User@4f0d2cea]
userweb-app  | ----------------Optional[com.example.demo.model.User@6bd653bf]
userweb-app  | ----------------Optional[com.example.demo.model.User@4fdb4e1f]
userweb-app  | ===========getbyname===================
userweb-app  | ----------------Optional[com.example.demo.model.User@4b0bc260]
userweb-app  | ----------------Optional[com.example.demo.model.User@2907ed09]
userweb-app  | ===========getbyname===================
userweb-app  | ===========getbyname===================
userweb-app  | ----------------Optional[com.example.demo.model.User@564c94cf]
userweb-app  | ----------------Optional[com.example.demo.model.User@228b7e7c]
userweb-app  | ----------------Optional[com.example.demo.model.User@6d03b258]
userweb-app  | ===========getbyname===================
userweb-app  | ===========getbyname===================
userweb-app  | ===========getbyname===================
userweb-app  | ----------------Optional[com.example.demo.model.User@2a70bf99]
userweb-app  | ===========getbyname===================
userweb-app  | ----------------Optional[com.example.demo.model.User@77b63605]
userweb-app  | ===========getbyname===================
userweb-app  | ===========getbyname===================
userweb-app  | ----------------Optional[com.example.demo.model.User@4171f6ba]
userweb-app  | ===========getbyname===================
userweb-app  | ----------------Optional[com.example.demo.model.User@5819bfd5]
userweb-app  | ===========getbyname===================
userweb-app  | ----------------Optional[com.example.demo.model.User@5d6a28b]
userweb-app  | ===========getbyname===================
userweb-app  | ===========getbyname===================
userweb-app  | ===========getbyname===================
userweb-app  | ----------------Optional[com.example.demo.model.User@5187519a]
userweb-app  | ----------------Optional[com.example.demo.model.User@2aabebff]
userweb-app  | ----------------Optional[com.example.demo.model.User@f63fba1]
userweb-app  | ----------------Optional[com.example.demo.model.User@44c16bff]
userweb-app  | ===========getbyname===================
userweb-app  | ----------------Optional[com.example.demo.model.User@2cee594]
userweb-app  | ----------------Optional[com.example.demo.model.User@4a5555ec]
userweb-app  | ===========getbyname===================
userweb-app  | ===========getbyname===================
userweb-app  | ----------------Optional[com.example.demo.model.User@3312b8db]
userweb-app  | ===========getbyname===================
userweb-app  | ----------------Optional[com.example.demo.model.User@5d2e430c]
userweb-app  | ===========getbyname===================
userweb-app  | ===========getbyname===================
userweb-app  | ===========getbyname===================
userweb-app  | ===========getbyname===================
userweb-app  | ----------------Optional[com.example.demo.model.User@5ddaac8b]
userweb-app  | ----------------Optional[com.example.demo.model.User@68cb4d01]
userweb-app  | ===========getbyname===================
userweb-app  | ----------------Optional[com.example.demo.model.User@1b86b483]
userweb-app  | ===========getbyname===================
userweb-app  | ===========getbyname===================
userweb-app  | ===========getbyname===================
userweb-app  | ===========getbyname===================
userweb-app  | ===========getbyname===================
userweb-app  | ===========getbyname===================
userweb-app  | ----------------Optional[com.example.demo.model.User@68abc769]
userweb-app  | ===========getbyname===================
userweb-app  | ----------------Optional[com.example.demo.model.User@615767d4]
userweb-app  | ===========getbyname===================
userweb-app  | ----------------Optional[com.example.demo.model.User@e09d34d]
userweb-app  | ----------------Optional[com.example.demo.model.User@637a84d4]
userweb-app  | ===========getbyname===================
userweb-app  | ----------------Optional[com.example.demo.model.User@7aa692fc]
userweb-app  | ----------------Optional[com.example.demo.model.User@32ed82e1]
userweb-app  | ===========getbyname===================
userweb-app  | ===========getbyname===================
userweb-app  | ===========getbyname===================
userweb-app  | ----------------Optional[com.example.demo.model.User@7886eb92]
userweb-app  | === USERS === http-nio-8080-exec-30 JWT成功 username=test50
userweb-app  | === USERS AUTH === http-nio-8080-exec-30 username=test50
userweb-app  | ===========getbyname===================
userweb-app  | ----------------Optional[com.example.demo.model.User@2be4fce3]
userweb-app  | ===========getbyname===================
userweb-app  | ===========getbyname===================
userweb-app  | ----------------Optional[com.example.demo.model.User@4989e250]
userweb-app  | ===========getbyname===================
userweb-app  | ----------------Optional[com.example.demo.model.User@9f176f1]
userweb-app  | ----------------Optional[com.example.demo.model.User@31162cc2]
userweb-app  | ===========getbyname===================
userweb-app  | ----------------Optional[com.example.demo.model.User@1ba748ea]
userweb-app  | ===========getbyname===================
userweb-app  | ----------------Optional[com.example.demo.model.User@776c0394]
userweb-app  | ===========getbyname===================
userweb-app  | ===========getbyname===================
userweb-app  | ----------------Optional[com.example.demo.model.User@468c5123]
userweb-app  | ----------------Optional[com.example.demo.model.User@2e5dd499]
userweb-app  | ===========getbyname===================
userweb-app  | ----------------Optional[com.example.demo.model.User@5aa423bc]
userweb-app  | ----------------Optional[com.example.demo.model.User@6225dbf9]
userweb-app  | ----------------Optional[com.example.demo.model.User@52ff1d7c]
userweb-app  | ----------------Optional[com.example.demo.model.User@378edc6e]
userweb-app  | ===========getbyname===================
userweb-app  | ----------------Optional[com.example.demo.model.User@7e4b690c]
userweb-app  | ----------------Optional[com.example.demo.model.User@53fe1383]
userweb-app  | ----------------Optional[com.example.demo.model.User@7fd566f0]
userweb-app  | ----------------Optional[com.example.demo.model.User@30de4963]
userweb-app  | ===========getbyname===================
userweb-app  | ----------------Optional[com.example.demo.model.User@49bb52fa]
userweb-app  | ----------------Optional[com.example.demo.model.User@6d729059]
userweb-app  | ===========getbyname===================
userweb-app  | ===========getbyname===================
userweb-app  | ===========getbyname===================
userweb-app  | ----------------Optional[com.example.demo.model.User@23855a06]
userweb-app  | ----------------Optional[com.example.demo.model.User@71d0574d]
userweb-app  | ----------------Optional[com.example.demo.model.User@392dbae1]
userweb-app  | ===========getbyname===================
userweb-app  | ===========getbyname===================
userweb-app  | ===========getbyname===================
userweb-app  | ===========getbyname===================
userweb-app  | ===========getbyname===================
userweb-app  | ===========getbyname===================
userweb-app  | ===========getbyname===================
userweb-app  | ----------------Optional[com.example.demo.model.User@14c72dee]
userweb-app  | ===========getbyname===================
userweb-app  | ===========getbyname===================
userweb-app  | ----------------Optional[com.example.demo.model.User@2397ff0a]
userweb-app  | ----------------Optional[com.example.demo.model.User@38253301]
userweb-app  | ----------------Optional[com.example.demo.model.User@1ad1a7a1]
userweb-app  | ----------------Optional[com.example.demo.model.User@3f7cf9c]
userweb-app  | ===========getbyname===================
userweb-app  | ===========getbyname===================
userweb-app  | ----------------Optional[com.example.demo.model.User@753c3bc5]
userweb-app  | ----------------Optional[com.example.demo.model.User@7df6cc30]
userweb-app  | ===========getbyname===================
userweb-app  | ----------------Optional[com.example.demo.model.User@32b6f00e]
userweb-app  | ===========getbyname===================
userweb-app  | ===========getbyname===================
userweb-app  | ----------------Optional[com.example.demo.model.User@26673a40]
userweb-app  | ===========getbyname===================
userweb-app  | ----------------Optional[com.example.demo.model.User@33e67ebc]
userweb-app  | ----------------Optional[com.example.demo.model.User@7e1c0950]
userweb-app  | === USERS === http-nio-8080-exec-7 JWT成功 username=test20
userweb-app  | === USERS AUTH === http-nio-8080-exec-7 username=test20
userweb-app  | ===========getbyname===================
userweb-app  | ----------------Optional[com.example.demo.model.User@20e24e04]
userweb-app  | ----------------Optional[com.example.demo.model.User@5538ab8c]
userweb-app  | === USERS === http-nio-8080-exec-42 JWT成功 username=test35
userweb-app  | ===========getbyname===================
userweb-app  | ----------------Optional[com.example.demo.model.User@30d4122a]
userweb-app  | ===========getbyname===================
userweb-app  | ===========getbyname===================
userweb-app  | ----------------Optional[com.example.demo.model.User@c4edcec]
userweb-app  | === USERS AUTH === http-nio-8080-exec-42 username=test35
userweb-app  | ===========getbyname===================
userweb-app  | ===========getbyname===================
userweb-app  | ----------------Optional[com.example.demo.model.User@60d54dbe]
userweb-app  | === USERS === http-nio-8080-exec-48 JWT成功 username=test33
userweb-app  | === USERS AUTH === http-nio-8080-exec-48 username=test33
userweb-app  | === USERS === http-nio-8080-exec-36 JWT成功 username=test18
userweb-app  | === USERS AUTH === http-nio-8080-exec-36 username=test18
userweb-app  | ===========getbyname===================
userweb-app  | ----------------Optional[com.example.demo.model.User@6024ed99]
userweb-app  | ----------------Optional[com.example.demo.model.User@bae4773]
userweb-app  | ===========getbyname===================
userweb-app  | ----------------Optional[com.example.demo.model.User@64803f2]
userweb-app  | ----------------Optional[com.example.demo.model.User@4c8f6845]
userweb-app  | ----------------Optional[com.example.demo.model.User@815f612]
userweb-app  | ===========getbyname===================
userweb-app  | ----------------Optional[com.example.demo.model.User@2bf76dbf]
userweb-app  | === USERS === http-nio-8080-exec-29 JWT成功 username=test45
userweb-app  | === USERS AUTH === http-nio-8080-exec-29 username=test45
userweb-app  | ----------------Optional[com.example.demo.model.User@52f9edcb]
userweb-app  | ===========getbyname===================
userweb-app  | === USERS === http-nio-8080-exec-25 JWT成功 username=test41
userweb-app  | ===========getbyname===================
userweb-app  | === USERS AUTH === http-nio-8080-exec-25 username=test41
userweb-app  | ===========getbyname===================
userweb-app  | === USERS === http-nio-8080-exec-34 JWT成功 username=test6
userweb-app  | === USERS AUTH === http-nio-8080-exec-34 username=test6
userweb-app  | ===========getbyname===================
userweb-app  | ----------------Optional[com.example.demo.model.User@12b5f66b]
userweb-app  | ----------------Optional[com.example.demo.model.User@183d77d7]
userweb-app  | === USERS === http-nio-8080-exec-43 JWT成功 username=test8
userweb-app  | === USERS AUTH === http-nio-8080-exec-43 username=test8
userweb-app  | ===========getbyname===================
userweb-app  | ===========getbyname===================
userweb-app  | ----------------Optional[com.example.demo.model.User@197045c9]
userweb-app  | ===========getbyname===================
userweb-app  | ===========getbyname===================
userweb-app  | ----------------Optional[com.example.demo.model.User@6e06dcd0]
userweb-app  | ===========getbyname===================
userweb-app  | ----------------Optional[com.example.demo.model.User@42b2ab39]
userweb-app  | ===========getbyname===================
userweb-app  | === USERS === http-nio-8080-exec-27 JWT成功 username=test15
userweb-app  | === USERS AUTH === http-nio-8080-exec-27 username=test15
userweb-app  | ----------------Optional[com.example.demo.model.User@26e9f7b9]
userweb-app  | ===========getbyname===================
userweb-app  | ===========getbyname===================
userweb-app  | ----------------Optional[com.example.demo.model.User@2a8368f6]
userweb-app  | === USERS === http-nio-8080-exec-49 JWT成功 username=test48
userweb-app  | === USERS === http-nio-8080-exec-37 JWT成功 username=test39
userweb-app  | === USERS AUTH === http-nio-8080-exec-49 username=test48
userweb-app  | === USERS AUTH === http-nio-8080-exec-37 username=test39
userweb-app  | ----------------Optional[com.example.demo.model.User@4116c3a4]
userweb-app  | ===========getbyname===================
userweb-app  | ===========getbyname===================
userweb-app  | === USERS === http-nio-8080-exec-23 JWT成功 username=test38
userweb-app  | === USERS AUTH === http-nio-8080-exec-23 username=test38
userweb-app  | ----------------Optional[com.example.demo.model.User@775192a1]
userweb-app  | ----------------Optional[com.example.demo.model.User@7e4aff44]
userweb-app  | ===========getbyname===================
userweb-app  | ===========getbyname===================
userweb-app  | ===========getbyname===================
userweb-app  | ===========getbyname===================
userweb-app  | ----------------Optional[com.example.demo.model.User@1b7895d0]
userweb-app  | === USERS === http-nio-8080-exec-17 JWT成功 username=test21
userweb-app  | === USERS AUTH === http-nio-8080-exec-17 username=test21
userweb-app  | ===========getbyname===================
userweb-app  | ----------------Optional[com.example.demo.model.User@73758470]
userweb-app  | ===========getbyname===================
userweb-app  | ===========getbyname===================
userweb-app  | ===========getbyname===================
userweb-app  | ----------------Optional[com.example.demo.model.User@3cdbecdd]
userweb-app  | ----------------Optional[com.example.demo.model.User@3fd009d9]
userweb-app  | ----------------Optional[com.example.demo.model.User@7f035e75]
userweb-app  | ----------------Optional[com.example.demo.model.User@394c1ab9]
userweb-app  | ----------------Optional[com.example.demo.model.User@453915cd]
userweb-app  | ===========getbyname===================
userweb-app  | ----------------Optional[com.example.demo.model.User@19e33cc1]
userweb-app  | ===========getbyname===================
userweb-app  | ----------------Optional[com.example.demo.model.User@1b559be2]
userweb-app  | ===========getbyname===================
userweb-app  | ===========getbyname===================
userweb-app  | ----------------Optional[com.example.demo.model.User@5b647b48]
userweb-app  | ----------------Optional[com.example.demo.model.User@1d4a245b]
userweb-app  | ----------------Optional[com.example.demo.model.User@314a7b16]
userweb-app  | === USERS === http-nio-8080-exec-9 JWT成功 username=test14
userweb-app  | === USERS AUTH === http-nio-8080-exec-9 username=test14
userweb-app  | ===========getbyname===================
userweb-app  | === USERS === http-nio-8080-exec-6 JWT成功 username=test24
userweb-app  | === USERS AUTH === http-nio-8080-exec-6 username=test24
userweb-app  | ===========getbyname===================
userweb-app  | ===========getbyname===================
userweb-app  | ===========getbyname===================
userweb-app  | ----------------Optional[com.example.demo.model.User@6c786237]
userweb-app  | ===========getbyname===================
userweb-app  | === USERS === http-nio-8080-exec-26 JWT成功 username=test19
userweb-app  | === USERS AUTH === http-nio-8080-exec-26 username=test19
userweb-app  | ===========getbyname===================
userweb-app  | ----------------Optional[com.example.demo.model.User@20eac322]
userweb-app  | ----------------Optional[com.example.demo.model.User@44d2299d]
userweb-app  | ----------------Optional[com.example.demo.model.User@49c9444d]
userweb-app  | ===========getbyname===================
userweb-app  | ===========getbyname===================
userweb-app  | ----------------Optional[com.example.demo.model.User@4b8a73dc]
userweb-app  | ===========getbyname===================
userweb-app  | ----------------Optional[com.example.demo.model.User@2c0e2327]
userweb-app  | ===========getbyname===================
userweb-app  | ----------------Optional[com.example.demo.model.User@1c10c7e4]
userweb-app  | ----------------Optional[com.example.demo.model.User@79463903]
userweb-app  | ----------------Optional[com.example.demo.model.User@655925c7]
userweb-app  | ----------------Optional[com.example.demo.model.User@77ee2c02]
userweb-app  | ----------------Optional[com.example.demo.model.User@32de5a4f]
userweb-app  | ----------------Optional[com.example.demo.model.User@677dadb0]
userweb-app  | ----------------Optional[com.example.demo.model.User@7dfca0ea]
userweb-app  | ===========getbyname===================
userweb-app  | === USERS === http-nio-8080-exec-2 JWT成功 username=test3
userweb-app  | === USERS AUTH === http-nio-8080-exec-2 username=test3
userweb-app  | ===========getbyname===================
userweb-app  | ===========getbyname===================
userweb-app  | ===========getbyname===================
userweb-app  | ===========getbyname===================
userweb-app  | ----------------Optional[com.example.demo.model.User@30ae8ca5]
userweb-app  | ===========getbyname===================
userweb-app  | ----------------Optional[com.example.demo.model.User@2519386f]
userweb-app  | ===========getbyname===================
userweb-app  | ----------------Optional[com.example.demo.model.User@1d69ebcc]
userweb-app  | ----------------Optional[com.example.demo.model.User@9b0819b]
userweb-app  | ----------------Optional[com.example.demo.model.User@61272b31]
userweb-app  | ===========getbyname===================
userweb-app  | === USERS === http-nio-8080-exec-15 JWT成功 username=test44
userweb-app  | === USERS AUTH === http-nio-8080-exec-15 username=test44
userweb-app  | ===========getbyname===================
userweb-app  | ===========getbyname===================
userweb-app  | ===========getbyname===================
userweb-app  | ----------------Optional[com.example.demo.model.User@504a820c]
userweb-app  | ----------------Optional[com.example.demo.model.User@1571274a]
userweb-app  | ----------------Optional[com.example.demo.model.User@174d1a6b]
userweb-app  | ===========getbyname===================
userweb-app  | === USERS === http-nio-8080-exec-16 JWT成功 username=test16
userweb-app  | === USERS AUTH === http-nio-8080-exec-16 username=test16
userweb-app  | ===========getbyname===================
userweb-app  | ----------------Optional[com.example.demo.model.User@3c24e6d3]
userweb-app  | ----------------Optional[com.example.demo.model.User@bd92223]
userweb-app  | ===========getbyname===================
userweb-app  | ----------------Optional[com.example.demo.model.User@4e9702d4]
userweb-app  | ----------------Optional[com.example.demo.model.User@8be4e66]
userweb-app  | ===========getbyname===================
userweb-app  | ----------------Optional[com.example.demo.model.User@2136a0b0]
userweb-app  | === USERS === http-nio-8080-exec-45 JWT成功 username=test26
userweb-app  | === USERS AUTH === http-nio-8080-exec-45 username=test26
userweb-app  | ===========getbyname===================
userweb-app  | ----------------Optional[com.example.demo.model.User@439d9769]
userweb-app  | ----------------Optional[com.example.demo.model.User@53b27329]
userweb-app  | ===========getbyname===================
userweb-app  | ===========getbyname===================
userweb-app  | ----------------Optional[com.example.demo.model.User@10b1c406]
userweb-app  | ----------------Optional[com.example.demo.model.User@6cd6dedf]
userweb-app  | ----------------Optional[com.example.demo.model.User@3e340498]
userweb-app  | === USERS === http-nio-8080-exec-8 JWT成功 username=test22
userweb-app  | === USERS AUTH === http-nio-8080-exec-8 username=test22
userweb-app  | ===========getbyname===================
userweb-app  | ===========getbyname===================
userweb-app  | ===========getbyname===================
userweb-app  | ----------------Optional[com.example.demo.model.User@39ef7e6b]
userweb-app  | ===========getbyname===================
userweb-app  | === USERS === http-nio-8080-exec-28 JWT成功 username=test9
userweb-app  | === USERS AUTH === http-nio-8080-exec-28 username=test9
userweb-app  | ----------------Optional[com.example.demo.model.User@5bf0c8f5]
userweb-app  | ----------------Optional[com.example.demo.model.User@2365f958]
userweb-app  | ===========getbyname===================
userweb-app  | ===========getbyname===================
userweb-app  | ----------------Optional[com.example.demo.model.User@521bfa52]
userweb-app  | ----------------Optional[com.example.demo.model.User@59de1ff6]
userweb-app  | ===========getbyname===================
userweb-app  | ----------------Optional[com.example.demo.model.User@75740d68]
userweb-app  | ----------------Optional[com.example.demo.model.User@56d18b9a]
userweb-app  | ----------------Optional[com.example.demo.model.User@502e1e29]
userweb-app  | ===========getbyname===================
userweb-app  | ----------------Optional[com.example.demo.model.User@edc1b33]
userweb-app  | ----------------Optional[com.example.demo.model.User@31d255f0]
userweb-app  | ----------------Optional[com.example.demo.model.User@3948e6a6]
userweb-app  | === USERS === http-nio-8080-exec-50 JWT成功 username=test32
userweb-app  | === USERS === http-nio-8080-exec-32 JWT成功 username=test47
userweb-app  | === USERS AUTH === http-nio-8080-exec-32 username=test47
userweb-app  | === USERS === http-nio-8080-exec-31 JWT成功 username=test12
userweb-app  | === USERS AUTH === http-nio-8080-exec-31 username=test12
userweb-app  | ===========getbyname===================
userweb-app  | ----------------Optional[com.example.demo.model.User@3fded69c]
userweb-app  | ----------------Optional[com.example.demo.model.User@7b2ed13e]
userweb-app  | ----------------Optional[com.example.demo.model.User@8c5d78c]
userweb-app  | ===========getbyname===================
userweb-app  | === USERS AUTH === http-nio-8080-exec-50 username=test32
userweb-app  | ===========getbyname===================
userweb-app  | ----------------Optional[com.example.demo.model.User@242d2132]
userweb-app  | === USERS === http-nio-8080-exec-22 JWT成功 username=test28
userweb-app  | === USERS AUTH === http-nio-8080-exec-22 username=test28
userweb-app  | === USERS === http-nio-8080-exec-3 JWT成功 username=test42
userweb-app  | === USERS === http-nio-8080-exec-4 JWT成功 username=test31
userweb-app  | === USERS === http-nio-8080-exec-13 JWT成功 username=test34
userweb-app  | === USERS AUTH === http-nio-8080-exec-13 username=test34
userweb-app  | === USERS === http-nio-8080-exec-1 JWT成功 username=test1
userweb-app  | === USERS AUTH === http-nio-8080-exec-1 username=test1
userweb-app  | ===========getbyname===================
userweb-app  | ----------------Optional[com.example.demo.model.User@c324b9]
userweb-app  | ----------------Optional[com.example.demo.model.User@3e6a48ab]
userweb-app  | === USERS === http-nio-8080-exec-21 JWT成功 username=test25
userweb-app  | === USERS AUTH === http-nio-8080-exec-21 username=test25
userweb-app  | ===========getbyname===================
userweb-app  | === USERS === http-nio-8080-exec-47 JWT成功 username=test5
userweb-app  | === USERS AUTH === http-nio-8080-exec-47 username=test5
userweb-app  | ----------------Optional[com.example.demo.model.User@45f70a5e]
userweb-app  | ===========getbyname===================
userweb-app  | ===========getbyname===================
userweb-app  | ----------------Optional[com.example.demo.model.User@9370030]
userweb-app  | ===========getbyname===================
userweb-app  | ===========getbyname===================
userweb-app  | ----------------Optional[com.example.demo.model.User@9542623]
userweb-app  | === USERS === http-nio-8080-exec-20 JWT成功 username=test10
userweb-app  | === USERS AUTH === http-nio-8080-exec-20 username=test10
userweb-app  | ===========getbyname===================
userweb-app  | ----------------Optional[com.example.demo.model.User@105a27b6]
userweb-app  | ===========getbyname===================
userweb-app  | ----------------Optional[com.example.demo.model.User@6dd24566]
userweb-app  | ----------------Optional[com.example.demo.model.User@3ffa3ef6]
userweb-app  | === USERS === http-nio-8080-exec-11 JWT成功 username=test11
userweb-app  | === USERS AUTH === http-nio-8080-exec-11 username=test11
userweb-app  | ===========getbyname===================
userweb-app  | ----------------Optional[com.example.demo.model.User@37530654]
userweb-app  | ----------------Optional[com.example.demo.model.User@67688e19]
userweb-app  | === USERS === http-nio-8080-exec-44 JWT成功 username=test2
userweb-app  | === USERS AUTH === http-nio-8080-exec-44 username=test2
userweb-app  | ===========getbyname===================
userweb-app  | ===========getbyname===================
userweb-app  | ----------------Optional[com.example.demo.model.User@7412122d]
userweb-app  | ----------------Optional[com.example.demo.model.User@52688cb9]
userweb-app  | ===========getbyname===================
userweb-app  | === USERS === http-nio-8080-exec-40 JWT成功 username=test17
userweb-app  | === USERS AUTH === http-nio-8080-exec-40 username=test17
userweb-app  | ===========getbyname===================
userweb-app  | ----------------Optional[com.example.demo.model.User@79acadcd]
userweb-app  | ----------------Optional[com.example.demo.model.User@5a691088]
userweb-app  | === USERS === http-nio-8080-exec-18 JWT成功 username=test30
userweb-app  | === USERS AUTH === http-nio-8080-exec-18 username=test30
userweb-app  | ===========getbyname===================
userweb-app  | ===========getbyname===================
userweb-app  | ===========getbyname===================
userweb-app  | === USERS === http-nio-8080-exec-10 JWT成功 username=test49
userweb-app  | === USERS AUTH === http-nio-8080-exec-10 username=test49
userweb-app  | ===========getbyname===================
userweb-app  | ===========getbyname===================
userweb-app  | ----------------Optional[com.example.demo.model.User@568e158e]
userweb-app  | ===========getbyname===================
userweb-app  | ----------------Optional[com.example.demo.model.User@16e1e54f]
userweb-app  | ----------------Optional[com.example.demo.model.User@4029dd74]
userweb-app  | === USERS AUTH === http-nio-8080-exec-3 username=test42
userweb-app  | === USERS AUTH === http-nio-8080-exec-4 username=test31
userweb-app  | ===========getbyname===================
userweb-app  | ----------------Optional[com.example.demo.model.User@6eeffbd6]
userweb-app  | === USERS === http-nio-8080-exec-33 JWT成功 username=test7
userweb-app  | === USERS AUTH === http-nio-8080-exec-33 username=test7
userweb-app  | ===========getbyname===================
userweb-app  | ----------------Optional[com.example.demo.model.User@2208cb6c]
userweb-app  | ===========getbyname===================
userweb-app  | === USERS === http-nio-8080-exec-39 JWT成功 username=test13
userweb-app  | === USERS AUTH === http-nio-8080-exec-39 username=test13
userweb-app  | ===========getbyname===================
userweb-app  | ----------------Optional[com.example.demo.model.User@b60c900]
userweb-app  | ===========getbyname===================
userweb-app  | ----------------Optional[com.example.demo.model.User@1133f20e]
userweb-app  | ----------------Optional[com.example.demo.model.User@1fa5f344]
userweb-app  | ----------------Optional[com.example.demo.model.User@15f71520]
userweb-app  | ----------------Optional[com.example.demo.model.User@1f2085c9]
userweb-app  | ===========getbyname===================
userweb-app  | ----------------Optional[com.example.demo.model.User@f04afac]
userweb-app  | ----------------Optional[com.example.demo.model.User@19e993bd]
userweb-app  | ===========getbyname===================
userweb-app  | ----------------Optional[com.example.demo.model.User@3961d6b6]
userweb-app  | === USERS === http-nio-8080-exec-19 JWT成功 username=test29
userweb-app  | === USERS AUTH === http-nio-8080-exec-19 username=test29
userweb-app  | ----------------Optional[com.example.demo.model.User@9de3831]
userweb-app  | ===========getbyname===================
userweb-app  | ----------------Optional[com.example.demo.model.User@405e087f]
userweb-app  | ----------------Optional[com.example.demo.model.User@521ac2ee]
userweb-app  | === USERS === http-nio-8080-exec-41 JWT成功 username=test46
userweb-app  | === USERS AUTH === http-nio-8080-exec-41 username=test46
userweb-app  | ===========getbyname===================
userweb-app  | ----------------Optional[com.example.demo.model.User@77fba81a]
userweb-app  | === USERS === http-nio-8080-exec-5 JWT成功 username=test27
userweb-app  | === USERS AUTH === http-nio-8080-exec-5 username=test27
userweb-app  | ===========getbyname===================
userweb-app  | === USERS === http-nio-8080-exec-38 JWT成功 username=test43
userweb-app  | ===========getbyname===================
userweb-app  | === USERS AUTH === http-nio-8080-exec-38 username=test43
userweb-app  | ===========getbyname===================
userweb-app  | ----------------Optional[com.example.demo.model.User@44825cc8]
userweb-app  | ----------------Optional[com.example.demo.model.User@4f0102f9]
userweb-app  | === USERS === http-nio-8080-exec-35 JWT成功 username=test23
userweb-app  | === USERS AUTH === http-nio-8080-exec-35 username=test23
userweb-app  | ===========getbyname===================
userweb-app  | ----------------Optional[com.example.demo.model.User@70a304b9]
userweb-app  | === USERS === http-nio-8080-exec-46 JWT成功 username=test36
userweb-app  | === USERS AUTH === http-nio-8080-exec-46 username=test36
userweb-app  | === USERS === http-nio-8080-exec-12 JWT成功 username=test4
userweb-app  | === USERS AUTH === http-nio-8080-exec-12 username=test4
userweb-app  | ===========getbyname===================
userweb-app  | ----------------Optional[com.example.demo.model.User@3634165]
userweb-app  | ===========getbyname===================
userweb-app  | ----------------Optional[com.example.demo.model.User@7ad0952a]
userweb-app  | ----------------Optional[com.example.demo.model.User@7b2fa790]
userweb-app  | === USERS === http-nio-8080-exec-14 JWT成功 username=test37
userweb-app  | === USERS AUTH === http-nio-8080-exec-14 username=test37
userweb-app  | ===========getbyname===================
userweb-app  | ----------------Optional[com.example.demo.model.User@207b2549]
userweb-app  | User 初始資料建立完成
userweb-app  | ===========getbyname===================
userweb-app  | ===========getbyname===================
userweb-app  | ===========getbyname===================
userweb-app  | ----------------Optional[com.example.demo.model.User@2a1d7b3a]
userweb-app  | ----------------Optional[com.example.demo.model.User@1ee5e98d]
userweb-app  | ===========getbyname===================
userweb-app  | ----------------Optional[com.example.demo.model.User@6fc21e6a]
userweb-app  | ===========getbyname===================
userweb-app  | ----------------Optional[com.example.demo.model.User@6b4e5257]
userweb-app  | ===========getbyname===================
userweb-app  | ----------------Optional[com.example.demo.model.User@b6b7ed2]
userweb-app  | ----------------Optional[com.example.demo.model.User@72503d0b]
userweb-app  | ===========getbyname===================
userweb-app  | ----------------Optional[com.example.demo.model.User@423cbeed]
userweb-app  | ===========getbyname===================
userweb-app  | ===========getbyname===================
userweb-app  | ===========getbyname===================
userweb-app  | ----------------Optional[com.example.demo.model.User@37d401c7]
userweb-app  | ----------------Optional[com.example.demo.model.User@556bc28c]
userweb-app  | ----------------Optional[com.example.demo.model.User@62fb8f06]
userweb-app  | ===========getbyname===================
userweb-app  | ===========getbyname===================
userweb-app  | ===========getbyname===================
userweb-app  | ----------------Optional[com.example.demo.model.User@5769449f]
userweb-app  | ----------------Optional[com.example.demo.model.User@7876ad98]
userweb-app  | ===========getbyname===================
userweb-app  | ----------------Optional[com.example.demo.model.User@6d56fe1c]
userweb-app  | ===========getbyname===================
userweb-app  | ----------------Optional[com.example.demo.model.User@741fc2b0]
userweb-app  | ===========getbyname===================
userweb-app  | ----------------Optional[com.example.demo.model.User@233b0de5]
userweb-app  | ===========getbyname===================
userweb-app  | ----------------Optional[com.example.demo.model.User@418431c4]
userweb-app  | ----------------Optional[com.example.demo.model.User@3f9b9b06]
userweb-app  | ===========getbyname===================
userweb-app  | ----------------Optional[com.example.demo.model.User@1e22b6af]
userweb-app  | ===========getbyname===================
userweb-app  | ----------------Optional[com.example.demo.model.User@8ddd98f]
userweb-app  | ===========getbyname===================
userweb-app  | ----------------Optional[com.example.demo.model.User@25bbd096]
userweb-app  | ===========getbyname===================
userweb-app  | ----------------Optional[com.example.demo.model.User@2b745104]
userweb-app  | ===========getbyname===================
userweb-app  | ===========getbyname===================
userweb-app  | ----------------Optional[com.example.demo.model.User@8bf8c18]
userweb-app  | ----------------Optional[com.example.demo.model.User@30eafd21]
userweb-app  | ===========getbyname===================
userweb-app  | ----------------Optional[com.example.demo.model.User@3322898d]
userweb-app  | ===========getbyname===================
userweb-app  | ----------------Optional[com.example.demo.model.User@3936d485]
userweb-app  | ===========getbyname===================
userweb-app  | ===========getbyname===================
userweb-app  | ===========getbyname===================
userweb-app  | ----------------Optional[com.example.demo.model.User@195495c]
userweb-app  | ===========getbyname===================
userweb-app  | ===========getbyname===================
userweb-app  | ----------------Optional[com.example.demo.model.User@384c0b9a]
userweb-app  | ----------------Optional[com.example.demo.model.User@7f76285e]
userweb-app  | ----------------Optional[com.example.demo.model.User@23ac3e2]
userweb-app  | ----------------Optional[com.example.demo.model.User@49ceb9bc]
userweb-app  | ===========getbyname===================
userweb-app  | ----------------Optional[com.example.demo.model.User@1c42140f]
userweb-app  | ===========getbyname===================
userweb-app  | ===========getbyname===================
userweb-app  | ----------------Optional[com.example.demo.model.User@3aee3e05]
userweb-app  | ----------------Optional[com.example.demo.model.User@2bb34c48]
userweb-app  | ===========getbyname===================
userweb-app  | ----------------Optional[com.example.demo.model.User@37c0cd38]
userweb-app  | ===========getbyname===================
userweb-app  | ----------------Optional[com.example.demo.model.User@5594ca58]
userweb-app  | ===========getbyname===================
userweb-app  | ----------------Optional[com.example.demo.model.User@6d1137f5]
userweb-app  | ===========getbyname===================
userweb-app  | ----------------Optional[com.example.demo.model.User@905b377]
userweb-app  | ===========getbyname===================
userweb-app  | ----------------Optional[com.example.demo.model.User@217ad690]
userweb-app  | ===========getbyname===================
userweb-app  | ===========getbyname===================
userweb-app  | ----------------Optional[com.example.demo.model.User@5631ec6e]
userweb-app  | ----------------Optional[com.example.demo.model.User@5066d5f3]
userweb-app  | ===========getbyname===================
userweb-app  | ----------------Optional[com.example.demo.model.User@2a829763]
userweb-app  | ===========getbyname===================
userweb-app  | ===========getbyname===================
userweb-app  | ----------------Optional[com.example.demo.model.User@4fafa977]
userweb-app  | ----------------Optional[com.example.demo.model.User@5a955e8b]
userweb-app  | ===========getbyname===================
userweb-app  | ===========getbyname===================
userweb-app  | ===========getbyname===================
userweb-app  | ===========getbyname===================
userweb-app  | ----------------Optional[com.example.demo.model.User@3463753c]
userweb-app  | ===========getbyname===================
userweb-app  | ----------------Optional[com.example.demo.model.User@7c0ca681]
userweb-app  | ----------------Optional[com.example.demo.model.User@40fb99e8]
userweb-app  | ===========getbyname===================
userweb-app  | ===========getbyname===================
userweb-app  | ===========getbyname===================
userweb-app  | ----------------Optional[com.example.demo.model.User@128fe767]
userweb-app  | ----------------Optional[com.example.demo.model.User@121fb234]
userweb-app  | ----------------Optional[com.example.demo.model.User@316ddfb]
userweb-app  | ===========getbyname===================
userweb-app  | ----------------Optional[com.example.demo.model.User@231b75ea]
userweb-app  | ----------------Optional[com.example.demo.model.User@357e29bf]
userweb-app  | ===========getbyname===================
userweb-app  | ----------------Optional[com.example.demo.model.User@52775317]
userweb-app  | ===========getbyname===================
userweb-app  | ===========getbyname===================
userweb-app  | ===========getbyname===================
userweb-app  | ===========getbyname===================
userweb-app  | ===========getbyname===================
userweb-app  | ===========getbyname===================
userweb-app  | ----------------Optional[com.example.demo.model.User@7b73dae9]
userweb-app  | ===========getbyname===================
userweb-app  | ----------------Optional[com.example.demo.model.User@1bfa7c48]
userweb-app  | ----------------Optional[com.example.demo.model.User@3cddaf3b]
userweb-app  | ----------------Optional[com.example.demo.model.User@54e8931f]
userweb-app  | ----------------Optional[com.example.demo.model.User@4aa7680f]
userweb-app  | ===========getbyname===================
userweb-app  | ----------------Optional[com.example.demo.model.User@7270e38]
userweb-app  | ===========getbyname===================
userweb-app  | ----------------Optional[com.example.demo.model.User@5e280e68]
userweb-app  | ===========getbyname===================
userweb-app  | ===========getbyname===================
userweb-app  | ===========getbyname===================
userweb-app  | ===========getbyname===================
userweb-app  | ----------------Optional[com.example.demo.model.User@38d6c93a]
userweb-app  | ----------------Optional[com.example.demo.model.User@303a7be3]
userweb-app  | ===========getbyname===================
userweb-app  | ===========getbyname===================
userweb-app  | ----------------Optional[com.example.demo.model.User@19e413db]
userweb-app  | ----------------Optional[com.example.demo.model.User@10f4c236]
userweb-app  | ===========getbyname===================
userweb-app  | ----------------Optional[com.example.demo.model.User@5da253d7]
userweb-app  | ===========getbyname===================
userweb-app  | ----------------Optional[com.example.demo.model.User@6f3ac8a9]
userweb-app  | ===========getbyname===================
userweb-app  | ----------------Optional[com.example.demo.model.User@67e7ecf9]
userweb-app  | ----------------Optional[com.example.demo.model.User@27031ee3]
userweb-app  | ===========getbyname===================
userweb-app  | ----------------Optional[com.example.demo.model.User@6e8908f]
userweb-app  | ----------------Optional[com.example.demo.model.User@42a08762]
userweb-app  | ===========getbyname===================
userweb-app  | ----------------Optional[com.example.demo.model.User@2463f56f]
userweb-app  | ----------------Optional[com.example.demo.model.User@6ef0b564]
userweb-app  | ----------------Optional[com.example.demo.model.User@4193e551]
userweb-app  | ===========getbyname===================
userweb-app  | ----------------Optional[com.example.demo.model.User@5f0ccf3d]
userweb-app  | ===========getbyname===================
userweb-app  | ----------------Optional[com.example.demo.model.User@24e7314e]
userweb-app  | ===========getbyname===================
userweb-app  | ----------------Optional[com.example.demo.model.User@73b79794]
userweb-app  | ----------------Optional[com.example.demo.model.User@770227b8]
userweb-app  | ===========getbyname===================
userweb-app  | ===========getbyname===================
userweb-app  | ===========getbyname===================
userweb-app  | ----------------Optional[com.example.demo.model.User@19a6bd93]
userweb-app  | ===========getbyname===================
userweb-app  | ===========getbyname===================
userweb-app  | ----------------Optional[com.example.demo.model.User@137b39e5]
userweb-app  | ===========getbyname===================
userweb-app  | ===========getbyname===================
userweb-app  | ----------------Optional[com.example.demo.model.User@5babfa34]
userweb-app  | ===========getbyname===================
userweb-app  | ===========getbyname===================
userweb-app  | ===========getbyname===================
userweb-app  | ----------------Optional[com.example.demo.model.User@17798eb4]
userweb-app  | ----------------Optional[com.example.demo.model.User@7863df3a]
userweb-app  | ----------------Optional[com.example.demo.model.User@39adfd2b]
userweb-app  | ===========getbyname===================
userweb-app  | ----------------Optional[com.example.demo.model.User@b33dcd4]
userweb-app  | ---------me 200---------
userweb-app  | ===========getbyname===================
userweb-app  | ===========getbyname===================
userweb-app  | ----------------Optional[com.example.demo.model.User@79b9c946]
userweb-app  | ----------------Optional[com.example.demo.model.User@7881aebd]
userweb-app  | ----------------Optional[com.example.demo.model.User@24e841e2]
userweb-app  | ---------me 200---------
userweb-app  | ===========getbyname===================
userweb-app  | ===========getbyname===================
userweb-app  | ===========getbyname===================
userweb-app  | ===========getbyname===================
userweb-app  | ===========getbyname===================
userweb-app  | ----------------Optional[com.example.demo.model.User@79243ec2]
userweb-app  | ===========getbyname===================
userweb-app  | ===========getbyname===================
userweb-app  | ----------------Optional[com.example.demo.model.User@1edaf9b8]
userweb-app  | ===========getbyname===================
userweb-app  | ----------------Optional[com.example.demo.model.User@21cdff12]
userweb-app  | ===========getbyname===================
userweb-app  | ---------me 200---------
userweb-app  | ----------------Optional[com.example.demo.model.User@3cba9538]
userweb-app  | ---------me 200---------
userweb-app  | ----------------Optional[com.example.demo.model.User@4ae5d1df]
userweb-app  | ----------------Optional[com.example.demo.model.User@78361eed]
userweb-app  | ===========getbyname===================
userweb-app  | ----------------Optional[com.example.demo.model.User@30a32b68]
userweb-app  | ===========getbyname===================
userweb-app  | ----------------Optional[com.example.demo.model.User@6b0c831d]
userweb-app  | ===========getbyname===================
userweb-app  | ----------------Optional[com.example.demo.model.User@3b51cbd5]
userweb-app  | ---------me 200---------
userweb-app  | ----------------Optional[com.example.demo.model.User@7f7e829e]
userweb-app  | ===========getbyname===================
userweb-app  | ===========getbyname===================
userweb-app  | ----------------Optional[com.example.demo.model.User@5ad885d0]
userweb-app  | ===========getbyname===================
userweb-app  | ----------------Optional[com.example.demo.model.User@2c8280aa]
userweb-app  | ===========getbyname===================
userweb-app  | ----------------Optional[com.example.demo.model.User@11b0bb3d]
userweb-app  | ===========getbyname===================
userweb-app  | ===========getbyname===================
userweb-app  | ----------------Optional[com.example.demo.model.User@741ad196]
userweb-app  | ===========getbyname===================
userweb-app  | ----------------Optional[com.example.demo.model.User@384a3f69]
userweb-app  | ----------------Optional[com.example.demo.model.User@67919add]
userweb-app  | ----------------Optional[com.example.demo.model.User@6d8a1502]
userweb-app  | ----------------Optional[com.example.demo.model.User@6cbf9ba9]
userweb-app  | ===========getbyname===================
userweb-app  | ---------me 200---------
userweb-app  | ----------------Optional[com.example.demo.model.User@3c248346]
userweb-app  | ----------------Optional[com.example.demo.model.User@35c555ef]
userweb-app  | ===========getbyname===================
userweb-app  | ----------------Optional[com.example.demo.model.User@72b89878]
userweb-app  | ---------me 200---------
userweb-app  | ===========getbyname===================
userweb-app  | ===========getbyname===================
userweb-app  | ===========getbyname===================
userweb-app  | ----------------Optional[com.example.demo.model.User@5f6bec0d]
userweb-app  | ===========getbyname===================
userweb-app  | ----------------Optional[com.example.demo.model.User@8fe9596]
userweb-app  | ---------me 200---------
userweb-app  | ----------------Optional[com.example.demo.model.User@620e14c9]
userweb-app  | ===========getbyname===================
userweb-app  | ----------------Optional[com.example.demo.model.User@3fc1fa9b]
userweb-app  | ===========getbyname===================
userweb-app  | ----------------Optional[com.example.demo.model.User@694102c6]
userweb-app  | ---------me 200---------
userweb-app  | ===========getbyname===================
userweb-app  | ===========getbyname===================
userweb-app  | ===========getbyname===================
userweb-app  | ===========getbyname===================
userweb-app  | ===========getbyname===================
userweb-app  | ---------me 200---------
userweb-app  | ----------------Optional[com.example.demo.model.User@2ec640a7]
userweb-app  | ===========getbyname===================
userweb-app  | ===========getbyname===================
userweb-app  | ----------------Optional[com.example.demo.model.User@5eede4ff]
userweb-app  | ----------------Optional[com.example.demo.model.User@54b9bc69]
userweb-app  | ----------------Optional[com.example.demo.model.User@7ed6f21d]
userweb-app  | ---------me 200---------
userweb-app  | ---------me 200---------
userweb-app  | ----------------Optional[com.example.demo.model.User@61adb134]
userweb-app  | ----------------Optional[com.example.demo.model.User@381e4805]
userweb-app  | ---------me 200---------
userweb-app  | ---------me 200---------
userweb-app  | ----------------Optional[com.example.demo.model.User@72a7a8f7]
userweb-app  | ----------------Optional[com.example.demo.model.User@5764edaa]
userweb-app  | ---------me 200---------
userweb-app  | ===========getbyname===================
userweb-app  | ===========getbyname===================
userweb-app  | ----------------Optional[com.example.demo.model.User@480110d6]
userweb-app  | ---------me 200---------
userweb-app  | ----------------Optional[com.example.demo.model.User@4e037364]
userweb-app  | ---------me 200---------
userweb-app  | ===========getbyname===================
userweb-app  | ----------------Optional[com.example.demo.model.User@65c3ce38]
userweb-app  | ===========getbyname===================
userweb-app  | ---------me 200---------
userweb-app  | ----------------Optional[com.example.demo.model.User@16c12006]
userweb-app  | ===========getbyname===================
userweb-app  | ----------------Optional[com.example.demo.model.User@1adaf31f]
userweb-app  | ---------me 200---------
userweb-app  | ---------me 200---------
userweb-app  | ===========getbyname===================
userweb-app  | ---------me 200---------
userweb-app  | ===========getbyname===================
userweb-app  | ===========getbyname===================
userweb-app  | ----------------Optional[com.example.demo.model.User@66b189a7]
userweb-app  | ---------me 200---------
userweb-app  | ===========getbyname===================
userweb-app  | ===========getbyname===================
userweb-app  | ----------------Optional[com.example.demo.model.User@591719ae]
userweb-app  | ---------me 200---------
userweb-app  | ===========getbyname===================
userweb-app  | ----------------Optional[com.example.demo.model.User@54cfcbf6]
userweb-app  | ----------------Optional[com.example.demo.model.User@794cb310]
userweb-app  | ---------me 200---------
userweb-app  | ---------me 200---------
userweb-app  | ----------------Optional[com.example.demo.model.User@1153fc7d]
userweb-app  | ---------me 200---------
userweb-app  | ===========getbyname===================
userweb-app  | ----------------Optional[com.example.demo.model.User@6572b434]
userweb-app  | ---------me 200---------
userweb-app  | ===========getbyname===================
userweb-app  | ----------------Optional[com.example.demo.model.User@78e608f]
userweb-app  | ---------me 200---------
userweb-app  | ===========getbyname===================
userweb-app  | ===========getbyname===================
userweb-app  | ----------------Optional[com.example.demo.model.User@6ddb0590]
userweb-app  | ---------me 200---------
userweb-app  | ----------------Optional[com.example.demo.model.User@f1c8deb]
userweb-app  | ===========getbyname===================
userweb-app  | ----------------Optional[com.example.demo.model.User@22a3b852]
userweb-app  | ===========getbyname===================
userweb-app  | ----------------Optional[com.example.demo.model.User@36b3dd0c]
userweb-app  | ---------me 200---------
userweb-app  | ---------me 200---------
userweb-app  | ===========getbyname===================
userweb-app  | ----------------Optional[com.example.demo.model.User@4ab9686b]
userweb-app  | ---------me 200---------
userweb-app  | ===========getbyname===================
userweb-app  | ----------------Optional[com.example.demo.model.User@262a87e2]
userweb-app  | -----------test_1790218799132_43------1234--------
userweb-app  | ### AUTH ### Thread=http-nio-8080-exec-45 | requestUsername=test_1790218799132_43
userweb-app  | ===========getbyname===================
userweb-app  | ===========getbyname===================
userweb-app  | ===========getbyname===================
userweb-app  | ----------------Optional[com.example.demo.model.User@6cb22c0f]
userweb-app  | ---------me 200---------
userweb-app  | ----------------Optional[com.example.demo.model.User@30deee49]
userweb-app  | ----------finish-------------
userweb-app  | ### AUTH USER ### requestUsername=test_1790218799132_43 | dbUsername=test_1790218799132_43 | userId=101
userweb-app  | ===========getbyname===================
userweb-app  | ----------------Optional[com.example.demo.model.User@3eff24f2]
userweb-app  | ---------me 200---------
userweb-app  | -----------test_1790218799161_31------1234--------
userweb-app  | ### AUTH ### Thread=http-nio-8080-exec-16 | requestUsername=test_1790218799161_31
userweb-app  | ===========getbyname===================
userweb-app  | ----------------Optional[com.example.demo.model.User@4ece6583]
userweb-app  | ----------finish-------------
userweb-app  | ### AUTH USER ### requestUsername=test_1790218799161_31 | dbUsername=test_1790218799161_31 | userId=102
userweb-app  | ===========getbyname===================
userweb-app  | ----------------Optional[com.example.demo.model.User@38f65e64]
userweb-app  | ---------me 200---------
userweb-app  | ----------------Optional[com.example.demo.model.User@50faf4f3]
userweb-app  | ---------me 200---------
userweb-app  | ===========getbyname===================
userweb-app  | ===========getbyname===================
userweb-app  | ----------------Optional[com.example.demo.model.User@7b433f2e]
userweb-app  | ---------me 200---------
userweb-app  | ===========getbyname===================
userweb-app  | ----------------Optional[com.example.demo.model.User@59be2dd2]
userweb-app  | ===========getbyname===================
userweb-app  | ---------me 200---------
userweb-app  | ----------------Optional[com.example.demo.model.User@d8507a5]
userweb-app  | ===========getbyname===================
userweb-app  | ---------me 200---------
userweb-app  | ===========getbyname===================
userweb-app  | ===========getbyname===================
userweb-app  | ----------------Optional[com.example.demo.model.User@340f605d]
userweb-app  | ----------------Optional[com.example.demo.model.User@3edd752c]
userweb-app  | ===========getbyname===================
userweb-app  | -----------test_1790218799147_42------1234--------
userweb-app  | ### AUTH ### Thread=http-nio-8080-exec-47 | requestUsername=test_1790218799147_42
userweb-app  | ===========getbyname===================
userweb-app  | ----------------Optional[com.example.demo.model.User@d77364a]
userweb-app  | ----------finish-------------
userweb-app  | ### AUTH USER ### requestUsername=test_1790218799147_42 | dbUsername=test_1790218799147_42 | userId=105
userweb-app  | ===========getbyname===================
userweb-app  | ----------------Optional[com.example.demo.model.User@547324fa]
userweb-app  | ---------me 200---------
userweb-app  | ----------------Optional[com.example.demo.model.User@3f043760]
userweb-app  | ---------me 200---------
userweb-app  | ---------me 200---------
userweb-app  | -----------test_1790218799198_35------1234--------
userweb-app  | ### AUTH ### Thread=http-nio-8080-exec-14 | requestUsername=test_1790218799198_35
userweb-app  | ===========getbyname===================
userweb-app  | ----------------Optional[com.example.demo.model.User@67ef91c6]
userweb-app  | ----------finish-------------
userweb-app  | ### AUTH USER ### requestUsername=test_1790218799198_35 | dbUsername=test_1790218799198_35 | userId=110
userweb-app  | ---------me 200---------
userweb-app  | ===========getbyname===================
userweb-app  | ----------------Optional[com.example.demo.model.User@72974c28]
userweb-app  | ===========getbyname===================
userweb-app  | ----------------Optional[com.example.demo.model.User@adaaa42]
userweb-app  | ---------me 200---------
userweb-app  | ---------me 200---------
userweb-app  | ===========getbyname===================
userweb-app  | ===========getbyname===================
userweb-app  | ----------------Optional[com.example.demo.model.User@1d855651]
userweb-app  | ----------------Optional[com.example.demo.model.User@77b96566]
userweb-app  | ---------me 200---------
userweb-app  | ===========getbyname===================
userweb-app  | ---------me 200---------
userweb-app  | ----------------Optional[com.example.demo.model.User@3cf11235]
userweb-app  | ---------me 200---------
userweb-app  | ----------------Optional[com.example.demo.model.User@3ec2bce1]
userweb-app  | ---------me 200---------
userweb-app  | ---------me 200---------
userweb-app  | ===========getbyname===================
userweb-app  | ----------------Optional[com.example.demo.model.User@e0b0a63]
userweb-app  | ---------me 200---------
userweb-app  | ----------------Optional[com.example.demo.model.User@7199d2c5]
userweb-app  | ----------------Optional[com.example.demo.model.User@17435481]
userweb-app  | ---------me 200---------
userweb-app  | -----------test_1790218799178_27------1234--------
userweb-app  | ### AUTH ### Thread=http-nio-8080-exec-5 | requestUsername=test_1790218799178_27
userweb-app  | ===========getbyname===================
userweb-app  | ----------------Optional[com.example.demo.model.User@6c00c0d6]
userweb-app  | ----------finish-------------
userweb-app  | ### AUTH USER ### requestUsername=test_1790218799178_27 | dbUsername=test_1790218799178_27 | userId=120
userweb-app  | ===========getbyname===================
userweb-app  | ----------------Optional[com.example.demo.model.User@4748a19a]
userweb-app  | ---------me 200---------
userweb-app  | ---------me 200---------
userweb-app  | ===========getbyname===================
userweb-app  | ----------------Optional[com.example.demo.model.User@5af8c107]
userweb-app  | ===========getbyname===================
userweb-app  | ===========getbyname===================
userweb-app  | ---------me 200---------
userweb-app  | ===========getbyname===================
userweb-app  | ----------------Optional[com.example.demo.model.User@7e1b460a]
userweb-app  | ===========getbyname===================
userweb-app  | ---------me 200---------
userweb-app  | ===========getbyname===================
userweb-app  | ===========getbyname===================
userweb-app  | ===========getbyname===================
userweb-app  | ----------------Optional[com.example.demo.model.User@74efe071]
userweb-app  | ---------me 200---------
userweb-app  | ----------------Optional[com.example.demo.model.User@1813f25e]
userweb-app  | ===========getbyname===================
userweb-app  | ----------------Optional[com.example.demo.model.User@172e8f24]
userweb-app  | ---------me 200---------
userweb-app  | ===========getbyname===================
userweb-app  | ===========getbyname===================
userweb-app  | ===========getbyname===================
userweb-app  | -----------test_1790218799153_3------1234--------
userweb-app  | ### AUTH ### Thread=http-nio-8080-exec-39 | requestUsername=test_1790218799153_3
userweb-app  | ===========getbyname===================
userweb-app  | ---------me 200---------
userweb-app  | -----------test_1790218799252_23------1234--------
userweb-app  | ------------------------------
userweb-app  | ### AUTH ### Thread=http-nio-8080-exec-12 | requestUsername=test_1790218799252_23
userweb-app  | ===========getbyname===================
userweb-app  | ----------------Optional[com.example.demo.model.User@57f1968a]
userweb-app  | ===========getbyname===================
userweb-app  | ----------------Optional[com.example.demo.model.User@39cc00a6]
userweb-app  | ===========getbyname===================
userweb-app  | ---------me 200---------
userweb-app  | ===========getbyname===================
userweb-app  | ----------------Optional[com.example.demo.model.User@305f97da]
userweb-app  | ---------me 200---------
userweb-app  | ---------me 200---------
userweb-app  | ----------------Optional[com.example.demo.model.User@31f55e18]
userweb-app  | ---------me 200---------
userweb-app  | -----------test_1790218799427_36------1234--------
userweb-app  | ### AUTH ### Thread=http-nio-8080-exec-21 | requestUsername=test_1790218799427_36
userweb-app  | ===========getbyname===================
userweb-app  | ---------me 200---------
userweb-app  | ----------------Optional[com.example.demo.model.User@253cd42f]
userweb-app  | ----------------Optional[com.example.demo.model.User@4d79053]
userweb-app  | ------------------------------
userweb-app  | ---------me 200---------
userweb-app  | ===========getbyname===================
userweb-app  | ===========getbyname===================
userweb-app  | ===========getbyname===================
userweb-app  | -----------test_1790218799288_11------1234--------
userweb-app  | ### AUTH ### Thread=http-nio-8080-exec-44 | requestUsername=test_1790218799288_11
userweb-app  | ===========getbyname===================
userweb-app  | ----------------Optional[com.example.demo.model.User@5406c794]
userweb-app  | ----------------Optional[com.example.demo.model.User@1bfd3b50]
userweb-app  | ---------me 200---------
userweb-app  | ===========getbyname===================
userweb-app  | -----------test_1790218799367_38------1234--------
userweb-app  | ### AUTH ### Thread=http-nio-8080-exec-40 | requestUsername=test_1790218799367_38
userweb-app  | ===========getbyname===================
userweb-app  | ----------------Optional[com.example.demo.model.User@6b59bee0]
userweb-app  | ----------------Optional[com.example.demo.model.User@211bf2a3]
userweb-app  | ----------------Optional[com.example.demo.model.User@ff66dda]
userweb-app  | -----------test_1790218799297_4------1234--------
userweb-app  | ### AUTH ### Thread=http-nio-8080-exec-24 | requestUsername=test_1790218799297_4
userweb-app  | ===========getbyname===================
userweb-app  | ----------------Optional[com.example.demo.model.User@391408]
userweb-app  | ----------------Optional[com.example.demo.model.User@19df1b55]
userweb-app  | ----------------Optional[com.example.demo.model.User@2e487ae1]
userweb-app  | ---------me 200---------
userweb-app  | ----------------Optional[com.example.demo.model.User@35b31875]
userweb-app  | ----------finish-------------
userweb-app  | ### AUTH USER ### requestUsername=test_1790218799288_11 | dbUsername=test_1790218799288_11 | userId=116
userweb-app  | ---------me 200---------
userweb-app  | ----------finish-------------
userweb-app  | ### AUTH USER ### requestUsername=test_1790218799297_4 | dbUsername=test_1790218799297_4 | userId=119
userweb-app  | ---------me 200---------
userweb-app  | ===========getbyname===================
userweb-app  | ----------------Optional[com.example.demo.model.User@cebb03d]
userweb-app  | ===========getbyname===================
userweb-app  | ----------------Optional[com.example.demo.model.User@4dccb7ae]
userweb-app  | ------------------------------
userweb-app  | ===========getbyname===================
userweb-app  | ----------------Optional[com.example.demo.model.User@496f31a4]
userweb-app  | ---------me 200---------
userweb-app  | -----------test_1790218799468_30------1234--------
userweb-app  | ### AUTH ### Thread=http-nio-8080-exec-47 | requestUsername=test_1790218799468_30
userweb-app  | ===========getbyname===================
userweb-app  | ===========getbyname===================
userweb-app  | ----------------Optional[com.example.demo.model.User@13997c82]
userweb-app  | ---------me 200---------
userweb-app  | ---------me 200---------
userweb-app  | -----------test_1790218799153_15------1234--------
userweb-app  | ### AUTH ### Thread=http-nio-8080-exec-20 | requestUsername=test_1790218799153_15
userweb-app  | ===========getbyname===================
userweb-app  | -----------test_1790218799211_9------1234--------
userweb-app  | ---------me 200---------
userweb-app  | -----------test_1790218799171_19------1234--------
userweb-app  | ### AUTH ### Thread=http-nio-8080-exec-32 | requestUsername=test_1790218799171_19
userweb-app  | ===========getbyname===================
userweb-app  | ----------------Optional[com.example.demo.model.User@5884cf41]
userweb-app  | ----------finish-------------
userweb-app  | ### AUTH USER ### requestUsername=test_1790218799153_15 | dbUsername=test_1790218799153_15 | userId=118
userweb-app  | ----------------Optional[com.example.demo.model.User@5a4bb91]
userweb-app  | ----------------Optional[com.example.demo.model.User@32f0ca20]
userweb-app  | ----------------Optional[com.example.demo.model.User@2e8ce630]
userweb-app  | -----------test_1790218799211_33------1234--------
userweb-app  | ### AUTH ### Thread=http-nio-8080-exec-45 | requestUsername=test_1790218799211_33
userweb-app  | ===========getbyname===================
userweb-app  | -----------test_1790218799157_12------1234--------
userweb-app  | ### AUTH ### Thread=http-nio-8080-exec-49 | requestUsername=test_1790218799157_12
userweb-app  | ===========getbyname===================
userweb-app  | ----------------Optional[com.example.demo.model.User@6b5a96ce]
userweb-app  | ----------finish-------------
userweb-app  | ### AUTH USER ### requestUsername=test_1790218799157_12 | dbUsername=test_1790218799157_12 | userId=103
userweb-app  | ----------------Optional[com.example.demo.model.User@229fed1e]
userweb-app  | ---------me 200---------
userweb-app  | ---------me 200---------
userweb-app  | -----------test_1790218799150_45------1234--------
userweb-app  | ### AUTH ### Thread=http-nio-8080-exec-35 | requestUsername=test_1790218799150_45
userweb-app  | ===========getbyname===================
userweb-app  | ----------------Optional[com.example.demo.model.User@370ec156]
userweb-app  | ----------------Optional[com.example.demo.model.User@62de2df7]
userweb-app  | ---------me 200---------
userweb-app  | ----------finish-------------
userweb-app  | ### AUTH USER ### requestUsername=test_1790218799211_33 | dbUsername=test_1790218799211_33 | userId=123
userweb-app  | ===========getbyname===================
userweb-app  | ----------------Optional[com.example.demo.model.User@583e0496]
userweb-app  | ----------finish-------------
userweb-app  | ### AUTH USER ### requestUsername=test_1790218799150_45 | dbUsername=test_1790218799150_45 | userId=107
userweb-app  | -----------test_1790218799236_44------1234--------
userweb-app  | ### AUTH ### Thread=http-nio-8080-exec-29 | requestUsername=test_1790218799236_44
userweb-app  | ===========getbyname===================
userweb-app  | ----------------Optional[com.example.demo.model.User@5f0f5a5f]
userweb-app  | ----------finish-------------
userweb-app  | ### AUTH USER ### requestUsername=test_1790218799236_44 | dbUsername=test_1790218799236_44 | userId=109
userweb-app  | -----------test_1790218799277_21------1234--------
userweb-app  | ### AUTH ### Thread=http-nio-8080-exec-51 | requestUsername=test_1790218799277_21
userweb-app  | ===========getbyname===================
userweb-app  | ----------------Optional[com.example.demo.model.User@33eeb315]
userweb-app  | ---------me 200---------
userweb-app  | -----------test_1790218799183_7------1234--------
userweb-app  | ### AUTH ### Thread=http-nio-8080-exec-43 | requestUsername=test_1790218799183_7
userweb-app  | ===========getbyname===================
userweb-app  | ----------------Optional[com.example.demo.model.User@493a2fce]
userweb-app  | ===========getbyname===================
userweb-app  | ----------------Optional[com.example.demo.model.User@546b5d39]
userweb-app  | ---------me 200---------
userweb-app  | ----------------Optional[com.example.demo.model.User@4018e942]
userweb-app  | ----------finish-------------
userweb-app  | ### AUTH USER ### requestUsername=test_1790218799153_3 | dbUsername=test_1790218799153_3 | userId=104
userweb-app  | ===========getbyname===================
userweb-app  | ----------------Optional[com.example.demo.model.User@4fd63bb5]
userweb-app  | ----------finish-------------
userweb-app  | ### AUTH USER ### requestUsername=test_1790218799252_23 | dbUsername=test_1790218799252_23 | userId=125
userweb-app  | ----------------Optional[com.example.demo.model.User@769905fa]
userweb-app  | ---------me 200---------
userweb-app  | ----------finish-------------
userweb-app  | ### AUTH USER ### requestUsername=test_1790218799427_36 | dbUsername=test_1790218799427_36 | userId=115
userweb-app  | ----------------Optional[com.example.demo.model.User@fed6d2a]
userweb-app  | ===========getbyname===================
userweb-app  | ----------------Optional[com.example.demo.model.User@64f17662]
userweb-app  | ---------me 200---------
userweb-app  | -----------test_1790218799241_8------1234--------
userweb-app  | ### AUTH ### Thread=http-nio-8080-exec-4 | requestUsername=test_1790218799241_8
userweb-app  | ===========getbyname===================
userweb-app  | ----------------Optional[com.example.demo.model.User@7a1c1290]
userweb-app  | -----------test_1790218799424_5------1234--------
userweb-app  | ### AUTH ### Thread=http-nio-8080-exec-16 | requestUsername=test_1790218799424_5
userweb-app  | ===========getbyname===================
userweb-app  | ----------------Optional[com.example.demo.model.User@7467a30e]
userweb-app  | ===========getbyname===================
userweb-app  | ----------finish-------------
userweb-app  | ### AUTH USER ### requestUsername=test_1790218799241_8 | dbUsername=test_1790218799241_8 | userId=114
userweb-app  | ----------finish-------------
userweb-app  | ### AUTH USER ### requestUsername=test_1790218799424_5 | dbUsername=test_1790218799424_5 | userId=112
userweb-app  | ----------------Optional[com.example.demo.model.User@2f69cb3]
userweb-app  | ------------------------------
userweb-app  | ----------------Optional[com.example.demo.model.User@67bca54d]
userweb-app  | ---------me 200---------
userweb-app  | ----------finish-------------
userweb-app  | ### AUTH USER ### requestUsername=test_1790218799367_38 | dbUsername=test_1790218799367_38 | userId=129
userweb-app  | ---------me 200---------
userweb-app  | -----------test_1790218799154_28------1234--------
userweb-app  | ### AUTH ### Thread=http-nio-8080-exec-36 | requestUsername=test_1790218799154_28
userweb-app  | ===========getbyname===================
userweb-app  | ----------------Optional[com.example.demo.model.User@5538b1b7]
userweb-app  | ===========getbyname===================
userweb-app  | ----------------Optional[com.example.demo.model.User@131c5e04]
userweb-app  | ------------------------------
userweb-app  | ----------finish-------------
userweb-app  | ### AUTH USER ### requestUsername=test_1790218799154_28 | dbUsername=test_1790218799154_28 | userId=117
userweb-app  | ===========getbyname===================
userweb-app  | ===========getbyname===================
userweb-app  | ----------------Optional[com.example.demo.model.User@61119841]
userweb-app  | ---------me 200---------
userweb-app  | ===========getbyname===================
userweb-app  | ----------------Optional[com.example.demo.model.User@6046fc9f]
userweb-app  | ----------------Optional[com.example.demo.model.User@329f6502]
userweb-app  | ---------me 200---------
userweb-app  | -----------test_1790218799281_29------1234--------
userweb-app  | ### AUTH ### Thread=http-nio-8080-exec-24 | requestUsername=test_1790218799281_29
userweb-app  | ===========getbyname===================
userweb-app  | -----------test_1790218799285_2------1234--------
userweb-app  | ### AUTH ### Thread=http-nio-8080-exec-23 | requestUsername=test_1790218799285_2
userweb-app  | ===========getbyname===================
userweb-app  | ----------------Optional[com.example.demo.model.User@758e8cbc]
userweb-app  | ----------finish-------------
userweb-app  | ### AUTH USER ### requestUsername=test_1790218799281_29 | dbUsername=test_1790218799281_29 | userId=126
userweb-app  | ------------------------------
userweb-app  | -----------test_1790218799244_48------1234--------
userweb-app  | ### AUTH ### Thread=http-nio-8080-exec-35 | requestUsername=test_1790218799244_48
userweb-app  | ===========getbyname===================
userweb-app  | ===========getbyname===================
userweb-app  | -----------test_1790218799190_49------1234--------
userweb-app  | ### AUTH ### Thread=http-nio-8080-exec-2 | requestUsername=test_1790218799190_49
userweb-app  | ===========getbyname===================
userweb-app  | -----------test_1790218799262_41------1234--------
userweb-app  | ### AUTH ### Thread=http-nio-8080-exec-18 | requestUsername=test_1790218799262_41
userweb-app  | ===========getbyname===================
userweb-app  | ----------------Optional[com.example.demo.model.User@121e022a]
userweb-app  | ----------------Optional[com.example.demo.model.User@31fb8d79]
userweb-app  | ----------finish-------------
userweb-app  | ### AUTH USER ### requestUsername=test_1790218799262_41 | dbUsername=test_1790218799262_41 | userId=106
userweb-app  | ----------------Optional[com.example.demo.model.User@1a3ccfe8]
userweb-app  | ----------finish-------------
userweb-app  | ### AUTH USER ### requestUsername=test_1790218799244_48 | dbUsername=test_1790218799244_48 | userId=130
userweb-app  | ===========getbyname===================
userweb-app  | ----------------Optional[com.example.demo.model.User@422d1970]
userweb-app  | ----------------Optional[com.example.demo.model.User@2c41c119]
userweb-app  | ----------finish-------------
userweb-app  | ### AUTH USER ### requestUsername=test_1790218799190_49 | dbUsername=test_1790218799190_49 | userId=131
userweb-app  | ----------------Optional[com.example.demo.model.User@40d521a1]
userweb-app  | ---------me 200---------
userweb-app  | ----------------Optional[com.example.demo.model.User@487cfc75]
userweb-app  | ---------me 200---------
userweb-app  | -----------test_1790218799445_24------1234--------
userweb-app  | ### AUTH ### Thread=http-nio-8080-exec-13 | requestUsername=test_1790218799445_24
userweb-app  | ===========getbyname===================
userweb-app  | ----------------Optional[com.example.demo.model.User@21d810ee]
userweb-app  | ----------finish-------------
userweb-app  | ### AUTH USER ### requestUsername=test_1790218799445_24 | dbUsername=test_1790218799445_24 | userId=128
userweb-app  | ===========getbyname===================
userweb-app  | ### AUTH ### Thread=http-nio-8080-exec-9 | requestUsername=test_1790218799211_9
userweb-app  | ===========getbyname===================
userweb-app  | ----------------Optional[com.example.demo.model.User@1ad7149f]
userweb-app  | ----------finish-------------
userweb-app  | ### AUTH USER ### requestUsername=test_1790218799211_9 | dbUsername=test_1790218799211_9 | userId=121
userweb-app  | ----------finish-------------
userweb-app  | ### AUTH USER ### requestUsername=test_1790218799171_19 | dbUsername=test_1790218799171_19 | userId=108
userweb-app  | ===========getbyname===================
userweb-app  | ----------------Optional[com.example.demo.model.User@3472a5ae]
userweb-app  | ---------me 200---------
userweb-app  | ===========getbyname===================
userweb-app  | ===========getbyname===================
userweb-app  | -----------test_1790218799699_34------1234--------
userweb-app  | ### AUTH ### Thread=http-nio-8080-exec-3 | requestUsername=test_1790218799699_34
userweb-app  | ===========getbyname===================
userweb-app  | ----------------Optional[com.example.demo.model.User@7e0430ad]
userweb-app  | ===========getbyname===================
userweb-app  | ----------------Optional[com.example.demo.model.User@14360d2d]
userweb-app  | ===========getbyname===================
userweb-app  | ---------me 200---------
userweb-app  | -----------test_1790218799635_39------1234--------
userweb-app  | ### AUTH ### Thread=http-nio-8080-exec-15 | requestUsername=test_1790218799635_39
userweb-app  | ===========getbyname===================
userweb-app  | ----------------Optional[com.example.demo.model.User@662aaae7]
userweb-app  | ----------------Optional[com.example.demo.model.User@19df8aae]
userweb-app  | ----------finish-------------
userweb-app  | ### AUTH USER ### requestUsername=test_1790218799183_7 | dbUsername=test_1790218799183_7 | userId=122
userweb-app  | ----------finish-------------
userweb-app  | ----------finish-------------
userweb-app  | ### AUTH USER ### requestUsername=test_1790218799277_21 | dbUsername=test_1790218799277_21 | userId=124
userweb-app  | ### AUTH USER ### requestUsername=test_1790218799635_39 | dbUsername=test_1790218799635_39 | userId=142
userweb-app  | ----------------Optional[com.example.demo.model.User@8f88ba4]
userweb-app  | ----------------Optional[com.example.demo.model.User@470b6bb4]
userweb-app  | ---------me 200---------
userweb-app  | ----------finish-------------
userweb-app  | ### AUTH USER ### requestUsername=test_1790218799285_2 | dbUsername=test_1790218799285_2 | userId=132
userweb-app  | ----------------Optional[com.example.demo.model.User@1288afda]
userweb-app  | ----------finish-------------
userweb-app  | ### AUTH USER ### requestUsername=test_1790218799699_34 | dbUsername=test_1790218799699_34 | userId=137
userweb-app  | ===========getbyname===================
userweb-app  | ----------finish-------------
userweb-app  | ### AUTH USER ### requestUsername=test_1790218799468_30 | dbUsername=test_1790218799468_30 | userId=113
userweb-app  | ----------------Optional[com.example.demo.model.User@18c70aaf]
userweb-app  | ---------me 200---------
userweb-app  | -----------test_1790218799189_47------1234--------
userweb-app  | ### AUTH ### Thread=http-nio-8080-exec-22 | requestUsername=test_1790218799189_47
userweb-app  | ===========getbyname===================
userweb-app  | ----------------Optional[com.example.demo.model.User@16cc3ce7]
userweb-app  | ----------finish-------------
userweb-app  | ### AUTH USER ### requestUsername=test_1790218799189_47 | dbUsername=test_1790218799189_47 | userId=133
userweb-app  | ===========getbyname===================
userweb-app  | ----------------Optional[com.example.demo.model.User@8e2a56a]
userweb-app  | -----------test_1790218799533_46------1234--------
userweb-app  | ### AUTH ### Thread=http-nio-8080-exec-17 | requestUsername=test_1790218799533_46
userweb-app  | ===========getbyname===================
userweb-app  | ===========getbyname===================
userweb-app  | ----------------Optional[com.example.demo.model.User@32a3f2c3]
userweb-app  | ---------me 200---------
userweb-app  | ===========getbyname===================
userweb-app  | ----------------Optional[com.example.demo.model.User@7ec1c4bf]
userweb-app  | ===========getbyname===================
userweb-app  | ------------------------------
userweb-app  | ----------------Optional[com.example.demo.model.User@3a9c528a]
userweb-app  | ---------me 200---------
userweb-app  | ===========getbyname===================
userweb-app  | ===========getbyname===================
userweb-app  | ----------------Optional[com.example.demo.model.User@55f06b0]
userweb-app  | ---------me 200---------
userweb-app  | ----------------Optional[com.example.demo.model.User@6733d237]
userweb-app  | ----------finish-------------
userweb-app  | ### AUTH USER ### requestUsername=test_1790218799533_46 | dbUsername=test_1790218799533_46 | userId=134
userweb-app  | ----------------Optional[com.example.demo.model.User@5bf8e74e]
userweb-app  | ---------me 200---------
userweb-app  | ----------------Optional[com.example.demo.model.User@76deb635]
userweb-app  | -----------test_1790218799593_26------1234--------
userweb-app  | ### AUTH ### Thread=http-nio-8080-exec-37 | requestUsername=test_1790218799593_26
userweb-app  | ===========getbyname===================
userweb-app  | -----------test_1790218799821_17------1234--------
userweb-app  | ### AUTH ### Thread=http-nio-8080-exec-33 | requestUsername=test_1790218799821_17
userweb-app  | ===========getbyname===================
userweb-app  | ----------------Optional[com.example.demo.model.User@3e6d488e]
userweb-app  | ----------finish-------------
userweb-app  | ### AUTH USER ### requestUsername=test_1790218799593_26 | dbUsername=test_1790218799593_26 | userId=135
userweb-app  | -----------test_1790218799330_32------1234--------
userweb-app  | ### AUTH ### Thread=http-nio-8080-exec-30 | requestUsername=test_1790218799330_32
userweb-app  | ===========getbyname===================
userweb-app  | ===========getbyname===================
userweb-app  | ===========getbyname===================
userweb-app  | ----------------Optional[com.example.demo.model.User@7419be0f]
userweb-app  | ----------------Optional[com.example.demo.model.User@24c81978]
userweb-app  | ------------------------------
userweb-app  | -----------test_1790218799222_25------1234--------
userweb-app  | ### AUTH ### Thread=http-nio-8080-exec-41 | requestUsername=test_1790218799222_25
userweb-app  | ===========getbyname===================
userweb-app  | ----------------Optional[com.example.demo.model.User@46129eb]
userweb-app  | ----------finish-------------
userweb-app  | ### AUTH USER ### requestUsername=test_1790218799222_25 | dbUsername=test_1790218799222_25 | userId=127
userweb-app  | -----------test_1790218799616_6------1234--------
userweb-app  | ### AUTH ### Thread=http-nio-8080-exec-46 | requestUsername=test_1790218799616_6
userweb-app  | ===========getbyname===================
userweb-app  | ----------------Optional[com.example.demo.model.User@247b041f]
userweb-app  | ----------------Optional[com.example.demo.model.User@67a9e9df]
userweb-app  | ---------me 200---------
userweb-app  | ----------finish-------------
userweb-app  | ### AUTH USER ### requestUsername=test_1790218799616_6 | dbUsername=test_1790218799616_6 | userId=136
userweb-app  | ===========getbyname===================
userweb-app  | ===========getbyname===================
userweb-app  | ----------------Optional[com.example.demo.model.User@30a26982]
userweb-app  | ===========getbyname===================
userweb-app  | ----------------Optional[com.example.demo.model.User@5676cf7a]
userweb-app  | ----------------Optional[com.example.demo.model.User@4153a1e0]
userweb-app  | ---------me 200---------
userweb-app  | -----------test_1790218799740_20------1234--------
userweb-app  | -----------test_1790218799880_22------1234--------
userweb-app  | ### AUTH ### Thread=http-nio-8080-exec-24 | requestUsername=test_1790218799740_20
userweb-app  | ### AUTH ### Thread=http-nio-8080-exec-38 | requestUsername=test_1790218799880_22
userweb-app  | ===========getbyname===================
userweb-app  | ===========getbyname===================
userweb-app  | ----------------Optional[com.example.demo.model.User@7e7eb7fe]
userweb-app  | ----------finish-------------
userweb-app  | ### AUTH USER ### requestUsername=test_1790218799740_20 | dbUsername=test_1790218799740_20 | userId=138
userweb-app  | ------------------------------
userweb-app  | -----------test_1790218799732_10------1234--------
userweb-app  | ### AUTH ### Thread=http-nio-8080-exec-48 | requestUsername=test_1790218799732_10
userweb-app  | ===========getbyname===================
userweb-app  | ----------------Optional[com.example.demo.model.User@5a8a7801]
userweb-app  | ----------finish-------------
userweb-app  | ### AUTH USER ### requestUsername=test_1790218799732_10 | dbUsername=test_1790218799732_10 | userId=148
userweb-app  | -----------test_1790218799673_50------1234--------
userweb-app  | ### AUTH ### Thread=http-nio-8080-exec-8 | requestUsername=test_1790218799673_50
userweb-app  | ===========getbyname===================
userweb-app  | ----------------Optional[com.example.demo.model.User@54db93d7]
userweb-app  | ----------finish-------------
userweb-app  | ### AUTH USER ### requestUsername=test_1790218799673_50 | dbUsername=test_1790218799673_50 | userId=146
userweb-app  | -----------test_1790218799229_18------1234--------
userweb-app  | ### AUTH ### Thread=http-nio-8080-exec-50 | requestUsername=test_1790218799229_18
userweb-app  | ===========getbyname===================
userweb-app  | ----------------Optional[com.example.demo.model.User@161f8e9]
userweb-app  | ----------------Optional[com.example.demo.model.User@35db6729]
userweb-app  | ----------finish-------------
userweb-app  | ### AUTH USER ### requestUsername=test_1790218799880_22 | dbUsername=test_1790218799880_22 | userId=145
userweb-app  | ----------finish-------------
userweb-app  | ### AUTH USER ### requestUsername=test_1790218799229_18 | dbUsername=test_1790218799229_18 | userId=111
userweb-app  | ===========getbyname===================
userweb-app  | ----------------Optional[com.example.demo.model.User@79606771]
userweb-app  | ---------me 200---------
userweb-app  | -----------test_1790218799745_16------1234--------
userweb-app  | ### AUTH ### Thread=http-nio-8080-exec-7 | requestUsername=test_1790218799745_16
userweb-app  | ===========getbyname===================
userweb-app  | ----------------Optional[com.example.demo.model.User@57019413]
userweb-app  | ===========getbyname===================
userweb-app  | -----------test_1790218799768_1------1234--------
userweb-app  | ### AUTH ### Thread=http-nio-8080-exec-27 | requestUsername=test_1790218799768_1
userweb-app  | ===========getbyname===================
userweb-app  | ----------------Optional[com.example.demo.model.User@7dfe32e5]
userweb-app  | ----------finish-------------
userweb-app  | ### AUTH USER ### requestUsername=test_1790218799768_1 | dbUsername=test_1790218799768_1 | userId=144
userweb-app  | ===========getbyname===================
userweb-app  | ----------------Optional[com.example.demo.model.User@660e3919]
userweb-app  | ---------me 200---------
userweb-app  | ----------------Optional[com.example.demo.model.User@10e2836e]
userweb-app  | ----------finish-------------
userweb-app  | ### AUTH USER ### requestUsername=test_1790218799821_17 | dbUsername=test_1790218799821_17 | userId=143
userweb-app  | ===========getbyname===================
userweb-app  | -----------test_1790218799735_14------1234--------
userweb-app  | ### AUTH ### Thread=http-nio-8080-exec-25 | requestUsername=test_1790218799735_14
userweb-app  | ===========getbyname===================
userweb-app  | ----------------Optional[com.example.demo.model.User@6a26287e]
userweb-app  | ------------------------------
userweb-app  | ===========getbyname===================
userweb-app  | ----------------Optional[com.example.demo.model.User@3cb49b15]
userweb-app  | ------------------------------
userweb-app  | -----------test_1790218799829_40------1234--------
userweb-app  | ### AUTH ### Thread=http-nio-8080-exec-11 | requestUsername=test_1790218799829_40
userweb-app  | ===========getbyname===================
userweb-app  | ===========getbyname===================
userweb-app  | ----------------Optional[com.example.demo.model.User@43a2360e]
userweb-app  | ----------finish-------------
userweb-app  | ### AUTH USER ### requestUsername=test_1790218799330_32 | dbUsername=test_1790218799330_32 | userId=141
userweb-app  | ===========getbyname===================
userweb-app  | ----------------Optional[com.example.demo.model.User@5dabd1f3]
userweb-app  | ----------------Optional[com.example.demo.model.User@532b6c37]
userweb-app  | ----------finish-------------
userweb-app  | ### AUTH USER ### requestUsername=test_1790218799829_40 | dbUsername=test_1790218799829_40 | userId=147
userweb-app  | ===========getbyname===================
userweb-app  | ===========getbyname===================
userweb-app  | ----------------Optional[com.example.demo.model.User@3a48c243]
userweb-app  | ----------------Optional[com.example.demo.model.User@61c48752]
userweb-app  | ------------------------------
userweb-app  | ----------------Optional[com.example.demo.model.User@6e182fc3]
userweb-app  | ----------finish-------------
userweb-app  | ### AUTH USER ### requestUsername=test_1790218799735_14 | dbUsername=test_1790218799735_14 | userId=139
userweb-app  | ----------finish-------------
userweb-app  | ### AUTH USER ### requestUsername=test_1790218799745_16 | dbUsername=test_1790218799745_16 | userId=140
userweb-app  | ===========getbyname===================
userweb-app  | ----------------Optional[com.example.demo.model.User@34cdd8e8]
userweb-app  | ----------------Optional[com.example.demo.model.User@1415ddd2]
userweb-app  | ------------------------------
userweb-app  | ===========getbyname===================
userweb-app  | ------------------------------
userweb-app  | ----------------Optional[com.example.demo.model.User@d925f6f]
userweb-app  | ---------me 200---------
userweb-app  | ===========getbyname===================
userweb-app  | ----------------Optional[com.example.demo.model.User@2ac68aa8]
userweb-app  | ===========getbyname===================
userweb-app  | ===========getbyname===================
userweb-app  | ----------------Optional[com.example.demo.model.User@2cf7c2ac]
userweb-app  | ------------------------------
userweb-app  | ----------------Optional[com.example.demo.model.User@4af7e5cb]
userweb-app  | ===========getbyname===================
userweb-app  | ----------------Optional[com.example.demo.model.User@1980372]
userweb-app  | ------------------------------
userweb-app  | -----------test_1790218799921_37------1234--------
userweb-app  | ### AUTH ### Thread=http-nio-8080-exec-5 | requestUsername=test_1790218799921_37
userweb-app  | ===========getbyname===================
userweb-app  | ===========getbyname===================
userweb-app  | ----------------Optional[com.example.demo.model.User@4316c211]
userweb-app  | ----------------Optional[com.example.demo.model.User@74fd4f58]
userweb-app  | ------------------------------
userweb-app  | ----------finish-------------
userweb-app  | ### AUTH USER ### requestUsername=test_1790218799921_37 | dbUsername=test_1790218799921_37 | userId=149
userweb-app  | ===========getbyname===================
userweb-app  | ----------------Optional[com.example.demo.model.User@76ba0194]
userweb-app  | ------------------------------
userweb-app  | ===========getbyname===================
userweb-app  | ===========getbyname===================
userweb-app  | ===========getbyname===================
userweb-app  | ----------------Optional[com.example.demo.model.User@3d4a0a45]
userweb-app  | ------------------------------
userweb-app  | ----------------Optional[com.example.demo.model.User@2d3dbe4a]
userweb-app  | ----------------Optional[com.example.demo.model.User@4254842a]
userweb-app  | ------------------------------
userweb-app  | ------------------------------
userweb-app  | ===========getbyname===================
userweb-app  | ----------------Optional[com.example.demo.model.User@797e29b6]
userweb-app  | ------------------------------
userweb-app  | ===========getbyname===================
userweb-app  | ===========getbyname===================
userweb-app  | ----------------Optional[com.example.demo.model.User@7b77fb49]
userweb-app  | ===========getbyname===================
userweb-app  | ----------------Optional[com.example.demo.model.User@29ded397]
userweb-app  | ------------------------------
userweb-app  | ===========getbyname===================
userweb-app  | ===========getbyname===================
userweb-app  | ===========getbyname===================
userweb-app  | ===========getbyname===================
userweb-app  | ----------------Optional[com.example.demo.model.User@5035323a]
userweb-app  | ----------------Optional[com.example.demo.model.User@758d12a8]
userweb-app  | ===========getbyname===================
userweb-app  | ----------------Optional[com.example.demo.model.User@7ff046b2]
userweb-app  | ===========getbyname===================
userweb-app  | ----------------Optional[com.example.demo.model.User@b40f7c7]
userweb-app  | ----------------Optional[com.example.demo.model.User@21f5e26e]
userweb-app  | ===========getbyname===================
userweb-app  | ----------------Optional[com.example.demo.model.User@76fc1b64]
userweb-app  | ----------------Optional[com.example.demo.model.User@3d9e4732]
userweb-app  | ===========getbyname===================
userweb-app  | ----------------Optional[com.example.demo.model.User@111c9fc4]
userweb-app  | ------------------------------
userweb-app  | ----------------Optional[com.example.demo.model.User@cd61d32]
userweb-app  | ===========getbyname===================
userweb-app  | ----------------Optional[com.example.demo.model.User@6d73dc97]
userweb-app  | ===========getbyname===================
userweb-app  | ===========getbyname===================
userweb-app  | ===========getbyname===================
userweb-app  | ===========getbyname===================
userweb-app  | ----------------Optional[com.example.demo.model.User@54f9d913]
userweb-app  | ----------------Optional[com.example.demo.model.User@5db7c934]
userweb-app  | ----------------Optional[com.example.demo.model.User@3e6d6c9c]
userweb-app  | ------------------------------
userweb-app  | ------------------------------
userweb-app  | ------------------------------
userweb-app  | ===========getbyname===================
userweb-app  | ----------------Optional[com.example.demo.model.User@abc0e0d]
userweb-app  | ---------me 200---------
userweb-app  | ===========getbyname===================
userweb-app  | ----------------Optional[com.example.demo.model.User@55482768]
userweb-app  | ------------------------------
userweb-app  | ===========getbyname===================
userweb-app  | ===========getbyname===================
userweb-app  | ----------------Optional[com.example.demo.model.User@728aee7a]
userweb-app  | ----------------Optional[com.example.demo.model.User@7d06d1bd]
userweb-app  | ------------------------------
userweb-app  | ===========getbyname===================
userweb-app  | ----------------Optional[com.example.demo.model.User@527c82]
userweb-app  | ===========getbyname===================
userweb-app  | ----------------Optional[com.example.demo.model.User@2c60ebf]
userweb-app  | ===========getbyname===================
userweb-app  | -----------test_1790218800127_13------1234--------
userweb-app  | ### AUTH ### Thread=http-nio-8080-exec-49 | requestUsername=test_1790218800127_13
userweb-app  | ===========getbyname===================
userweb-app  | ----------------Optional[com.example.demo.model.User@139c7079]
userweb-app  | ===========getbyname===================
userweb-app  | ----------------Optional[com.example.demo.model.User@264723cc]
userweb-app  | ------------------------------
userweb-app  | ----------------Optional[com.example.demo.model.User@5eebfb5e]
userweb-app  | ===========getbyname===================
userweb-app  | ------------------------------
userweb-app  | ----------------Optional[com.example.demo.model.User@5a661c10]
userweb-app  | ----------------Optional[com.example.demo.model.User@36e54eaa]
userweb-app  | ----------finish-------------
userweb-app  | ### AUTH USER ### requestUsername=test_1790218800127_13 | dbUsername=test_1790218800127_13 | userId=150
userweb-app  | ===========getbyname===================
userweb-app  | ----------------Optional[com.example.demo.model.User@450c54a4]
userweb-app  | ===========getbyname===================
userweb-app  | ----------------Optional[com.example.demo.model.User@61261996]
userweb-app  | ===========getbyname===================
userweb-app  | ----------------Optional[com.example.demo.model.User@44723063]
userweb-app  | ------------------------------
userweb-app  | ===========getbyname===================
userweb-app  | ----------------Optional[com.example.demo.model.User@7afa9885]
userweb-app  | ===========getbyname===================
userweb-app  | ----------------Optional[com.example.demo.model.User@28b8a921]
userweb-app  | ------------------------------
userweb-app  | ------------------------------
userweb-app  | ===========getbyname===================
userweb-app  | ----------------Optional[com.example.demo.model.User@4c2b68dd]
userweb-app  | ===========getbyname===================
userweb-app  | ------------------------------
userweb-app  | ===========getbyname===================
userweb-app  | ----------------Optional[com.example.demo.model.User@452617d3]
userweb-app  | ===========getbyname===================
userweb-app  | ----------------Optional[com.example.demo.model.User@7afb71f]
userweb-app  | ===========getbyname===================
userweb-app  | ----------------Optional[com.example.demo.model.User@334810e4]
userweb-app  | ===========getbyname===================
userweb-app  | ------------------------------
userweb-app  | ----------------Optional[com.example.demo.model.User@1b48686b]
userweb-app  | ===========getbyname===================
userweb-app  | ----------------Optional[com.example.demo.model.User@3c91809f]
userweb-app  | ------------------------------
userweb-app  | ----------------Optional[com.example.demo.model.User@11df7fa2]
userweb-app  | ===========getbyname===================
userweb-app  | ----------------Optional[com.example.demo.model.User@6667dccd]
userweb-app  | ===========getbyname===================
userweb-app  | ===========getbyname===================
userweb-app  | ===========getbyname===================
userweb-app  | ===========getbyname===================
userweb-app  | ----------------Optional[com.example.demo.model.User@7441a3d5]
userweb-app  | ----------------Optional[com.example.demo.model.User@3fb0e5c0]
userweb-app  | ===========getbyname===================
userweb-app  | ------------------------------
userweb-app  | ----------------Optional[com.example.demo.model.User@469d8333]
userweb-app  | ------------------------------
userweb-app  | ----------------Optional[com.example.demo.model.User@5f7f3fe5]
userweb-app  | ===========getbyname===================
userweb-app  | ------------------------------
userweb-app  | ----------------Optional[com.example.demo.model.User@52950bf4]
userweb-app  | ----------------Optional[com.example.demo.model.User@2a6b397f]
userweb-app  | ------------------------------
userweb-app  | ------------------------------
userweb-app  | ===========getbyname===================
userweb-app  | ----------------Optional[com.example.demo.model.User@3006e2bb]
userweb-app  | ------------------------------
userweb-app  | ===========getbyname===================
userweb-app  | ===========getbyname===================
userweb-app  | ----------------Optional[com.example.demo.model.User@aa0861]
userweb-app  | ----------------Optional[com.example.demo.model.User@37fa72ff]
userweb-app  | ------------------------------
userweb-app  | ------------------------------
userweb-app  | ===========getbyname===================
userweb-app  | ===========getbyname===================
userweb-app  | ===========getbyname===================
userweb-app  | ===========getbyname===================
userweb-app  | ===========getbyname===================
userweb-app  | ----------------Optional[com.example.demo.model.User@2f90e35f]
userweb-app  | ----------------Optional[com.example.demo.model.User@2f8caf51]
userweb-app  | ----------------Optional[com.example.demo.model.User@272fb0]
userweb-app  | ===========getbyname===================
userweb-app  | ----------------Optional[com.example.demo.model.User@7320bbb9]
userweb-app  | ----------------Optional[com.example.demo.model.User@275fc3ff]
userweb-app  | ===========getbyname===================
userweb-app  | ----------------Optional[com.example.demo.model.User@7e06d539]
userweb-app  | ===========getbyname===================
userweb-app  | ------------------------------
userweb-app  | ===========getbyname===================
userweb-app  | ===========getbyname===================
userweb-app  | ----------------Optional[com.example.demo.model.User@39340151]
userweb-app  | ----------------Optional[com.example.demo.model.User@6958b86b]
userweb-app  | ----------------Optional[com.example.demo.model.User@41d12fa0]
userweb-app  | ----------------Optional[com.example.demo.model.User@647e0b40]
userweb-app  | ===========getbyname===================
userweb-app  | ----------------Optional[com.example.demo.model.User@4bcdddac]
userweb-app  | ------------------------------
userweb-app  | ------------------------------
userweb-app  | ===========getbyname===================
userweb-app  | ===========getbyname===================
userweb-app  | ===========getbyname===================
userweb-app  | ----------------Optional[com.example.demo.model.User@13f20087]
userweb-app  | ----------------Optional[com.example.demo.model.User@59f7b97a]
userweb-app  | ----------------Optional[com.example.demo.model.User@35d496b0]
userweb-app  | ===========getbyname===================
userweb-app  | ------------------------------
userweb-app  | ----------------Optional[com.example.demo.model.User@38225499]
userweb-app  | ===========getbyname===================
userweb-app  | ----------------Optional[com.example.demo.model.User@2ee4a200]
userweb-app  | ===========getbyname===================
userweb-app  | ----------------Optional[com.example.demo.model.User@4749d05a]
userweb-app  | ------------------------------
userweb-app  | ===========getbyname===================
userweb-app  | ----------------Optional[com.example.demo.model.User@1511b7f7]
