userweb-app  | 
userweb-app  |   .   ____          _            __ _ _
userweb-app  |  /\\ / ___'_ __ _ _(_)_ __  __ _ \ \ \ \
userweb-app  | ( ( )\___ | '_ | '_| | '_ \/ _` | \ \ \ \
userweb-app  |  \\/  ___)| |_)| | | | | || (_| |  ) ) ) )
userweb-app  |   '  |____| .__|_| |_|_| |_\__, | / / / /
userweb-app  |  =========|_|==============|___/=/_/_/_/
userweb-app  | 
userweb-app  |  :: Spring Boot ::                (v4.1.1)
userweb-app  | 
userweb-app  | 2026-09-19T10:38:01.521Z  INFO 1 --- [UserWeb20260907] [           main] c.e.demo.UserWeb20260907Application      : Starting UserWeb20260907Application v0.0.1-SNAPSHOT using Java 21.0.12 with PID 1 (/app/app.jar started by root in /app)
userweb-app  | 2026-09-19T10:38:01.527Z  INFO 1 --- [UserWeb20260907] [           main] c.e.demo.UserWeb20260907Application      : No active profile set, falling back to 1 default profile: "default"
userweb-app  | 2026-09-19T10:38:02.310Z  INFO 1 --- [UserWeb20260907] [           main] .s.d.r.c.RepositoryConfigurationDelegate : Bootstrapping Spring Data JPA repositories in DEFAULT mode.
userweb-app  | 2026-09-19T10:38:02.349Z  INFO 1 --- [UserWeb20260907] [           main] .s.d.r.c.RepositoryConfigurationDelegate : Finished Spring Data repository scanning in 31 ms. Found 2 JPA repository interfaces.
userweb-app  | 2026-09-19T10:38:02.879Z  INFO 1 --- [UserWeb20260907] [           main] o.s.boot.tomcat.TomcatWebServer          : Tomcat initialized with port 8080 (http)
userweb-app  | 2026-09-19T10:38:02.893Z  INFO 1 --- [UserWeb20260907] [           main] o.apache.catalina.core.StandardService   : Starting service [Tomcat]
userweb-app  | 2026-09-19T10:38:02.893Z  INFO 1 --- [UserWeb20260907] [           main] o.apache.catalina.core.StandardEngine    : Starting Servlet engine: [Apache Tomcat/11.0.24]
userweb-app  | 2026-09-19T10:38:02.916Z  INFO 1 --- [UserWeb20260907] [           main] b.w.c.s.WebApplicationContextInitializer : Root WebApplicationContext: initialization completed in 1320 ms
userweb-app  | 2026-09-19T10:38:03.241Z  INFO 1 --- [UserWeb20260907] [           main] org.hibernate.orm.jpa                    : HHH008540: Processing PersistenceUnitInfo [name: default]
userweb-app  | 2026-09-19T10:38:03.300Z  INFO 1 --- [UserWeb20260907] [           main] org.hibernate.orm.core                   : HHH000001: Hibernate ORM core version 7.4.5.Final
userweb-app  | 2026-09-19T10:38:03.818Z  INFO 1 --- [UserWeb20260907] [           main] o.s.o.j.p.SpringPersistenceUnitInfo      : No LoadTimeWeaver setup: ignoring JPA class transformer
userweb-app  | 2026-09-19T10:38:03.850Z  INFO 1 --- [UserWeb20260907] [           main] com.zaxxer.hikari.HikariDataSource       : HikariPool-1 - Starting...
userweb-app  | 2026-09-19T10:38:04.177Z  INFO 1 --- [UserWeb20260907] [           main] com.zaxxer.hikari.pool.HikariPool        : HikariPool-1 - Added connection com.mysql.cj.jdbc.ConnectionImpl@67396475
userweb-app  | 2026-09-19T10:38:04.179Z  INFO 1 --- [UserWeb20260907] [           main] com.zaxxer.hikari.HikariDataSource       : HikariPool-1 - Start completed.
userweb-app  | 2026-09-19T10:38:04.227Z  WARN 1 --- [UserWeb20260907] [           main] org.hibernate.orm.deprecation            : HHH90000025: MySQLDialect does not need to be specified explicitly using 'hibernate.dialect' (remove the property setting and it will be selected by default)
userweb-app  | 2026-09-19T10:38:04.247Z  INFO 1 --- [UserWeb20260907] [           main] org.hibernate.orm.connections.pooling    : HHH10001005: Database info:
userweb-app  | 	Database JDBC URL [jdbc:mysql://mysql-db:3306/company]
userweb-app  | 	Database driver: MySQL Connector/J
userweb-app  | 	Database dialect: MySQLDialect
userweb-app  | 	Database version: 9.7.2
userweb-app  | 	Default catalog/schema: company/undefined
userweb-app  | 	Autocommit mode: undefined/unknown
userweb-app  | 	Isolation level: REPEATABLE_READ [default REPEATABLE_READ]
userweb-app  | 	JDBC fetch size: none
userweb-app  | 	Pool: DataSourceConnectionProvider
userweb-app  | 	Minimum pool size: undefined/unknown
userweb-app  | 	Maximum pool size: undefined/unknown
userweb-app  | 2026-09-19T10:38:04.954Z  INFO 1 --- [UserWeb20260907] [           main] org.hibernate.orm.core                   : HHH000489: No JTA platform available (set 'hibernate.transaction.jta.platform' to enable JTA platform integration)
userweb-app  | 2026-09-19T10:38:05.041Z  WARN 1 --- [UserWeb20260907] [           main] o.h.t.s.i.ExceptionHandlerLoggedImpl     : GenerationTarget encountered exception accepting command : Error executing DDL "alter table usercontent drop foreign key FKctv61sdaeqrkd5nuloye8xmjm" via JDBC [Table 'company.usercontent' doesn't exist]
userweb-app  | 
userweb-app  | org.hibernate.tool.schema.spi.CommandAcceptanceException: Error executing DDL "alter table usercontent drop foreign key FKctv61sdaeqrkd5nuloye8xmjm" via JDBC [Table 'company.usercontent' doesn't exist]
userweb-app  | 	at org.hibernate.tool.schema.internal.exec.GenerationTargetToDatabase.accept(GenerationTargetToDatabase.java:91) ~[hibernate-core-7.4.5.Final.jar!/:7.4.5.Final]
userweb-app  | 	at org.hibernate.tool.schema.internal.Helper.applySqlString(Helper.java:218) ~[hibernate-core-7.4.5.Final.jar!/:7.4.5.Final]
userweb-app  | 	at org.hibernate.tool.schema.internal.Helper.applySqlStrings(Helper.java:204) ~[hibernate-core-7.4.5.Final.jar!/:7.4.5.Final]
userweb-app  | 	at org.hibernate.tool.schema.internal.SchemaDropperImpl.applyConstraintDropping(SchemaDropperImpl.java:473) ~[hibernate-core-7.4.5.Final.jar!/:7.4.5.Final]
userweb-app  | 	at org.hibernate.tool.schema.internal.SchemaDropperImpl.dropConstraintsTablesSequences(SchemaDropperImpl.java:237) ~[hibernate-core-7.4.5.Final.jar!/:7.4.5.Final]
userweb-app  | 	at org.hibernate.tool.schema.internal.SchemaDropperImpl.dropFromMetadata(SchemaDropperImpl.java:210) ~[hibernate-core-7.4.5.Final.jar!/:7.4.5.Final]
userweb-app  | 	at org.hibernate.tool.schema.internal.SchemaDropperImpl.performDrop(SchemaDropperImpl.java:182) ~[hibernate-core-7.4.5.Final.jar!/:7.4.5.Final]
userweb-app  | 	at org.hibernate.tool.schema.internal.SchemaDropperImpl.doDrop(SchemaDropperImpl.java:152) ~[hibernate-core-7.4.5.Final.jar!/:7.4.5.Final]
userweb-app  | 	at org.hibernate.tool.schema.internal.SchemaDropperImpl.doDrop(SchemaDropperImpl.java:112) ~[hibernate-core-7.4.5.Final.jar!/:7.4.5.Final]
userweb-app  | 	at org.hibernate.tool.schema.spi.SchemaManagementToolCoordinator.performDatabaseAction(SchemaManagementToolCoordinator.java:227) ~[hibernate-core-7.4.5.Final.jar!/:7.4.5.Final]
userweb-app  | 	at org.hibernate.tool.schema.spi.SchemaManagementToolCoordinator.lambda$process$1(SchemaManagementToolCoordinator.java:101) ~[hibernate-core-7.4.5.Final.jar!/:7.4.5.Final]
userweb-app  | 	at java.base/java.util.HashMap.forEach(Unknown Source) ~[na:na]
userweb-app  | 	at org.hibernate.tool.schema.spi.SchemaManagementToolCoordinator.process(SchemaManagementToolCoordinator.java:100) ~[hibernate-core-7.4.5.Final.jar!/:7.4.5.Final]
userweb-app  | 	at org.hibernate.boot.internal.SessionFactoryObserverForSchemaExport.sessionFactoryCreated(SessionFactoryObserverForSchemaExport.java:35) ~[hibernate-core-7.4.5.Final.jar!/:7.4.5.Final]
userweb-app  | 	at org.hibernate.internal.SessionFactoryObserverChain.sessionFactoryCreated(SessionFactoryObserverChain.java:33) ~[hibernate-core-7.4.5.Final.jar!/:7.4.5.Final]
userweb-app  | 	at org.hibernate.internal.SessionFactoryImpl.<init>(SessionFactoryImpl.java:327) ~[hibernate-core-7.4.5.Final.jar!/:7.4.5.Final]
userweb-app  | 	at org.hibernate.internal.SessionFactoryRegistry.instantiateSessionFactory(SessionFactoryRegistry.java:64) ~[hibernate-core-7.4.5.Final.jar!/:7.4.5.Final]
userweb-app  | 	at org.hibernate.boot.internal.SessionFactoryBuilderImpl.build(SessionFactoryBuilderImpl.java:458) ~[hibernate-core-7.4.5.Final.jar!/:7.4.5.Final]
userweb-app  | 	at org.hibernate.jpa.boot.internal.EntityManagerFactoryBuilderImpl.build(EntityManagerFactoryBuilderImpl.java:1452) ~[hibernate-core-7.4.5.Final.jar!/:7.4.5.Final]
userweb-app  | 	at org.springframework.orm.jpa.vendor.SpringHibernateJpaPersistenceProvider.createContainerEntityManagerFactory(SpringHibernateJpaPersistenceProvider.java:93) ~[spring-orm-7.0.9.jar!/:7.0.9]
userweb-app  | 	at org.springframework.orm.jpa.LocalContainerEntityManagerFactoryBean.createNativeEntityManagerFactory(LocalContainerEntityManagerFactoryBean.java:443) ~[spring-orm-7.0.9.jar!/:7.0.9]
userweb-app  | 	at org.springframework.orm.jpa.AbstractEntityManagerFactoryBean.buildNativeEntityManagerFactory(AbstractEntityManagerFactoryBean.java:436) ~[spring-orm-7.0.9.jar!/:7.0.9]
userweb-app  | 	at org.springframework.orm.jpa.AbstractEntityManagerFactoryBean.afterPropertiesSet(AbstractEntityManagerFactoryBean.java:411) ~[spring-orm-7.0.9.jar!/:7.0.9]
userweb-app  | 	at org.springframework.orm.jpa.LocalContainerEntityManagerFactoryBean.afterPropertiesSet(LocalContainerEntityManagerFactoryBean.java:419) ~[spring-orm-7.0.9.jar!/:7.0.9]
userweb-app  | 	at org.springframework.beans.factory.support.AbstractAutowireCapableBeanFactory.invokeInitMethods(AbstractAutowireCapableBeanFactory.java:1862) ~[spring-beans-7.0.9.jar!/:7.0.9]
userweb-app  | 	at org.springframework.beans.factory.support.AbstractAutowireCapableBeanFactory.initializeBean(AbstractAutowireCapableBeanFactory.java:1811) ~[spring-beans-7.0.9.jar!/:7.0.9]
userweb-app  | 	at org.springframework.beans.factory.support.AbstractAutowireCapableBeanFactory.doCreateBean(AbstractAutowireCapableBeanFactory.java:603) ~[spring-beans-7.0.9.jar!/:7.0.9]
userweb-app  | 	at org.springframework.beans.factory.support.AbstractAutowireCapableBeanFactory.createBean(AbstractAutowireCapableBeanFactory.java:525) ~[spring-beans-7.0.9.jar!/:7.0.9]
userweb-app  | 	at org.springframework.beans.factory.support.AbstractBeanFactory.lambda$doGetBean$0(AbstractBeanFactory.java:333) ~[spring-beans-7.0.9.jar!/:7.0.9]
userweb-app  | 	at org.springframework.beans.factory.support.DefaultSingletonBeanRegistry.getSingleton(DefaultSingletonBeanRegistry.java:371) ~[spring-beans-7.0.9.jar!/:7.0.9]
userweb-app  | 	at org.springframework.beans.factory.support.AbstractBeanFactory.doGetBean(AbstractBeanFactory.java:331) ~[spring-beans-7.0.9.jar!/:7.0.9]
userweb-app  | 	at org.springframework.beans.factory.support.AbstractBeanFactory.getBean(AbstractBeanFactory.java:201) ~[spring-beans-7.0.9.jar!/:7.0.9]
userweb-app  | 	at org.springframework.context.support.AbstractApplicationContext.finishBeanFactoryInitialization(AbstractApplicationContext.java:977) ~[spring-context-7.0.9.jar!/:7.0.9]
userweb-app  | 	at org.springframework.context.support.AbstractApplicationContext.refresh(AbstractApplicationContext.java:621) ~[spring-context-7.0.9.jar!/:7.0.9]
userweb-app  | 	at org.springframework.boot.web.server.servlet.context.ServletWebServerApplicationContext.refresh(ServletWebServerApplicationContext.java:143) ~[spring-boot-web-server-4.1.1.jar!/:4.1.1]
userweb-app  | 	at org.springframework.boot.SpringApplication.refresh(SpringApplication.java:756) ~[spring-boot-4.1.1.jar!/:4.1.1]
userweb-app  | 	at org.springframework.boot.SpringApplication.refreshContext(SpringApplication.java:445) ~[spring-boot-4.1.1.jar!/:4.1.1]
userweb-app  | 	at org.springframework.boot.SpringApplication.run(SpringApplication.java:321) ~[spring-boot-4.1.1.jar!/:4.1.1]
userweb-app  | 	at org.springframework.boot.SpringApplication.run(SpringApplication.java:1365) ~[spring-boot-4.1.1.jar!/:4.1.1]
userweb-app  | 	at org.springframework.boot.SpringApplication.run(SpringApplication.java:1354) ~[spring-boot-4.1.1.jar!/:4.1.1]
userweb-app  | 	at com.example.demo.UserWeb20260907Application.main(UserWeb20260907Application.java:11) ~[!/:0.0.1-SNAPSHOT]
userweb-app  | 	at java.base/jdk.internal.reflect.DirectMethodHandleAccessor.invoke(Unknown Source) ~[na:na]
userweb-app  | 	at java.base/java.lang.reflect.Method.invoke(Unknown Source) ~[na:na]
userweb-app  | 	at org.springframework.boot.loader.launch.Launcher.launch(Launcher.java:106) ~[app.jar:0.0.1-SNAPSHOT]
userweb-app  | 	at org.springframework.boot.loader.launch.Launcher.launch(Launcher.java:64) ~[app.jar:0.0.1-SNAPSHOT]
userweb-app  | 	at org.springframework.boot.loader.launch.JarLauncher.main(JarLauncher.java:40) ~[app.jar:0.0.1-SNAPSHOT]
userweb-app  | Caused by: java.sql.SQLSyntaxErrorException: Table 'company.usercontent' doesn't exist
userweb-app  | 	at com.mysql.cj.jdbc.exceptions.SQLError.createSQLException(SQLError.java:112) ~[mysql-connector-j-9.7.0.jar!/:9.7.0]
userweb-app  | 	at com.mysql.cj.jdbc.exceptions.SQLExceptionsMapping.translateException(SQLExceptionsMapping.java:114) ~[mysql-connector-j-9.7.0.jar!/:9.7.0]
userweb-app  | 	at com.mysql.cj.jdbc.StatementImpl.executeInternal(StatementImpl.java:839) ~[mysql-connector-j-9.7.0.jar!/:9.7.0]
userweb-app  | 	at com.mysql.cj.jdbc.StatementImpl.execute(StatementImpl.java:687) ~[mysql-connector-j-9.7.0.jar!/:9.7.0]
userweb-app  | 	at com.zaxxer.hikari.pool.ProxyStatement.execute(ProxyStatement.java:95) ~[HikariCP-7.0.2.jar!/:na]
userweb-app  | 	at com.zaxxer.hikari.pool.HikariProxyStatement.execute(HikariProxyStatement.java) ~[HikariCP-7.0.2.jar!/:na]
userweb-app  | 	at org.hibernate.tool.schema.internal.exec.GenerationTargetToDatabase.accept(GenerationTargetToDatabase.java:86) ~[hibernate-core-7.4.5.Final.jar!/:7.4.5.Final]
userweb-app  | 	... 45 common frames omitted
userweb-app  | 
userweb-app  | 2026-09-19T10:38:05.190Z  INFO 1 --- [UserWeb20260907] [           main] j.LocalContainerEntityManagerFactoryBean : Initialized JPA EntityManagerFactory for persistence unit 'default'
userweb-app  | 2026-09-19T10:38:05.254Z  INFO 1 --- [UserWeb20260907] [           main] o.s.d.j.r.query.QueryEnhancerFactories   : Hibernate is in classpath; If applicable, HQL parser will be used.
userweb-app  | 2026-09-19T10:38:05.839Z  INFO 1 --- [UserWeb20260907] [           main] r$InitializeUserDetailsManagerConfigurer : Global AuthenticationManager configured with UserDetailsService bean with name customUserDetailsService
userweb-app  | 2026-09-19T10:38:05.897Z  WARN 1 --- [UserWeb20260907] [           main] JpaBaseConfiguration$JpaWebConfiguration : spring.jpa.open-in-view is enabled by default. Therefore, database queries may be performed during view rendering. Explicitly configure spring.jpa.open-in-view to disable this warning
userweb-app  | 2026-09-19T10:38:06.518Z  INFO 1 --- [UserWeb20260907] [           main] o.s.boot.tomcat.TomcatWebServer          : Tomcat started on port 8080 (http) with context path '/'
userweb-app  | 2026-09-19T10:38:06.531Z  INFO 1 --- [UserWeb20260907] [           main] c.e.demo.UserWeb20260907Application      : Started UserWeb20260907Application in 5.78 seconds (process running for 6.703)
userweb-app  | 2026-09-19T10:38:08.218Z  INFO 1 --- [UserWeb20260907] [nio-8080-exec-1] o.a.c.c.C.[Tomcat].[localhost].[/]       : Initializing Spring DispatcherServlet 'dispatcherServlet'
userweb-app  | 2026-09-19T10:38:08.219Z  INFO 1 --- [UserWeb20260907] [nio-8080-exec-1] o.s.web.servlet.DispatcherServlet        : Initializing Servlet 'dispatcherServlet'
userweb-app  | 2026-09-19T10:38:08.220Z  INFO 1 --- [UserWeb20260907] [nio-8080-exec-1] o.s.web.servlet.DispatcherServlet        : Completed initialization in 1 ms
userweb-app  | -----------test6------1234--------
userweb-app  | -----------test5------1234--------
userweb-app  | -----------test2------1234--------
userweb-app  | -----------test3------1234--------
userweb-app  | -----------test4------1234--------
userweb-app  | -----------test1------1234--------
userweb-app  | -----------test7------1234--------
userweb-app  | -----------test8------1234--------
userweb-app  | ### AUTH ### Thread=http-nio-8080-exec-6 | requestUsername=test3
userweb-app  | ===========getbyname===================
userweb-app  | ### AUTH ### Thread=http-nio-8080-exec-5 | requestUsername=test2
userweb-app  | ===========getbyname===================
userweb-app  | -----------test9------1234--------
userweb-app  | ### AUTH ### Thread=http-nio-8080-exec-1 | requestUsername=test9
userweb-app  | ===========getbyname===================
userweb-app  | -----------test10------1234--------
userweb-app  | ### AUTH ### Thread=http-nio-8080-exec-2 | requestUsername=test10
userweb-app  | ===========getbyname===================
userweb-app  | ----------------Optional[com.example.demo.model.User@5a75059c]
userweb-app  | ----------------Optional[com.example.demo.model.User@772a70c5]
userweb-app  | ----------finish-------------
userweb-app  | ### AUTH USER ### requestUsername=test9 | dbUsername=test9 | userId=9
userweb-app  | ----------------Optional[com.example.demo.model.User@2e662f7e]
userweb-app  | ----------finish-------------
userweb-app  | ### AUTH USER ### requestUsername=test10 | dbUsername=test10 | userId=10
userweb-app  | ----------------Optional[com.example.demo.model.User@362e2199]
userweb-app  | ----------finish-------------
userweb-app  | ### AUTH USER ### requestUsername=test2 | dbUsername=test2 | userId=2
userweb-app  | ----------finish-------------
userweb-app  | ### AUTH USER ### requestUsername=test3 | dbUsername=test3 | userId=3
userweb-app  | ### AUTH ### Thread=http-nio-8080-exec-9 | requestUsername=test7
userweb-app  | ===========getbyname===================
userweb-app  | ----------------Optional[com.example.demo.model.User@2a5531d2]
userweb-app  | -----------test11------1234--------
userweb-app  | ### AUTH ### Thread=http-nio-8080-exec-11 | requestUsername=test11
userweb-app  | ===========getbyname===================
userweb-app  | ----------finish-------------
userweb-app  | ### AUTH USER ### requestUsername=test7 | dbUsername=test7 | userId=7
userweb-app  | ----------------Optional[com.example.demo.model.User@7e50c1c7]
userweb-app  | ----------finish-------------
userweb-app  | ### AUTH USER ### requestUsername=test11 | dbUsername=test11 | userId=11
userweb-app  | ### AUTH ### Thread=http-nio-8080-exec-4 | requestUsername=test5
userweb-app  | ===========getbyname===================
userweb-app  | ### AUTH ### Thread=http-nio-8080-exec-3 | requestUsername=test1
userweb-app  | ===========getbyname===================
userweb-app  | ----------------Optional[com.example.demo.model.User@78a621d1]
userweb-app  | ### AUTH ### Thread=http-nio-8080-exec-7 | requestUsername=test4
userweb-app  | ===========getbyname===================
userweb-app  | ----------finish-------------
userweb-app  | ### AUTH USER ### requestUsername=test1 | dbUsername=test1 | userId=1
userweb-app  | -----------test12------1234--------
userweb-app  | ### AUTH ### Thread=http-nio-8080-exec-12 | requestUsername=test12
userweb-app  | ===========getbyname===================
userweb-app  | ----------------Optional[com.example.demo.model.User@1209b587]
userweb-app  | ----------------Optional[com.example.demo.model.User@1224b79e]
userweb-app  | ----------------Optional[com.example.demo.model.User@2f4fb404]
userweb-app  | ----------finish-------------
userweb-app  | ### AUTH USER ### requestUsername=test5 | dbUsername=test5 | userId=5
userweb-app  | ----------finish-------------
userweb-app  | ### AUTH USER ### requestUsername=test12 | dbUsername=test12 | userId=12
userweb-app  | ----------finish-------------
userweb-app  | ### AUTH USER ### requestUsername=test4 | dbUsername=test4 | userId=4
userweb-app  | -----------test13------1234--------
userweb-app  | ### AUTH ### Thread=http-nio-8080-exec-13 | requestUsername=test13
userweb-app  | ===========getbyname===================
userweb-app  | ----------------Optional[com.example.demo.model.User@cdec7da]
userweb-app  | ----------finish-------------
userweb-app  | ### AUTH USER ### requestUsername=test13 | dbUsername=test13 | userId=13
userweb-app  | ### AUTH ### Thread=http-nio-8080-exec-8 | requestUsername=test6
userweb-app  | ===========getbyname===================
userweb-app  | ----------------Optional[com.example.demo.model.User@2b72b3c]
userweb-app  | ----------finish-------------
userweb-app  | ### AUTH USER ### requestUsername=test6 | dbUsername=test6 | userId=6
userweb-app  | -----------test14------1234--------
userweb-app  | ### AUTH ### Thread=http-nio-8080-exec-14 | requestUsername=test14
userweb-app  | ===========getbyname===================
userweb-app  | ----------------Optional[com.example.demo.model.User@684656e8]
userweb-app  | ----------finish-------------
userweb-app  | ### AUTH USER ### requestUsername=test14 | dbUsername=test14 | userId=14
userweb-app  | ### AUTH ### Thread=http-nio-8080-exec-10 | requestUsername=test8
userweb-app  | ===========getbyname===================
userweb-app  | ----------------Optional[com.example.demo.model.User@627b8eac]
userweb-app  | ----------finish-------------
userweb-app  | ### AUTH USER ### requestUsername=test8 | dbUsername=test8 | userId=8
userweb-app  | -----------test15------1234--------
userweb-app  | ### AUTH ### Thread=http-nio-8080-exec-15 | requestUsername=test15
userweb-app  | ===========getbyname===================
userweb-app  | ----------------Optional[com.example.demo.model.User@27751e09]
userweb-app  | ----------finish-------------
userweb-app  | ### AUTH USER ### requestUsername=test15 | dbUsername=test15 | userId=15
userweb-app  | -----------test16------1234--------
userweb-app  | ### AUTH ### Thread=http-nio-8080-exec-16 | requestUsername=test16
userweb-app  | ===========getbyname===================
userweb-app  | ----------------Optional[com.example.demo.model.User@7d4cb7c6]
userweb-app  | ----------finish-------------
userweb-app  | ### AUTH USER ### requestUsername=test16 | dbUsername=test16 | userId=16
userweb-app  | -----------test17------1234--------
userweb-app  | ### AUTH ### Thread=http-nio-8080-exec-17 | requestUsername=test17
userweb-app  | ===========getbyname===================
userweb-app  | ----------------Optional[com.example.demo.model.User@55400723]
userweb-app  | ----------finish-------------
userweb-app  | ### AUTH USER ### requestUsername=test17 | dbUsername=test17 | userId=17
userweb-app  | -----------test18------1234--------
userweb-app  | ### AUTH ### Thread=http-nio-8080-exec-18 | requestUsername=test18
userweb-app  | ===========getbyname===================
userweb-app  | ----------------Optional[com.example.demo.model.User@26e8d9e1]
userweb-app  | ----------finish-------------
userweb-app  | ### AUTH USER ### requestUsername=test18 | dbUsername=test18 | userId=18
userweb-app  | -----------test19------1234--------
userweb-app  | ### AUTH ### Thread=http-nio-8080-exec-19 | requestUsername=test19
userweb-app  | ===========getbyname===================
userweb-app  | ----------------Optional[com.example.demo.model.User@4eb53516]
userweb-app  | ----------finish-------------
userweb-app  | ### AUTH USER ### requestUsername=test19 | dbUsername=test19 | userId=19
userweb-app  | -----------test20------1234--------
userweb-app  | ### AUTH ### Thread=http-nio-8080-exec-20 | requestUsername=test20
userweb-app  | ===========getbyname===================
userweb-app  | ----------------Optional[com.example.demo.model.User@2d1b04bc]
userweb-app  | ----------finish-------------
userweb-app  | ### AUTH USER ### requestUsername=test20 | dbUsername=test20 | userId=20
userweb-app  | ===========getbyname===================
userweb-app  | -----------test21------1234--------
userweb-app  | ----------------Optional[com.example.demo.model.User@6fef3d5]
userweb-app  | ===========getbyname===================
userweb-app  | ===========getbyname===================
userweb-app  | ### AUTH ### Thread=http-nio-8080-exec-21 | requestUsername=test21
userweb-app  | ===========getbyname===================
userweb-app  | ------------------------------
userweb-app  | ----------------Optional[com.example.demo.model.User@755420eb]
userweb-app  | ----------------Optional[com.example.demo.model.User@e987644]
userweb-app  | ------------------------------
userweb-app  | ----------finish-------------
userweb-app  | ### AUTH USER ### requestUsername=test21 | dbUsername=test21 | userId=21
userweb-app  | ===========getbyname===================
userweb-app  | ----------------Optional[com.example.demo.model.User@5a9cfac6]
userweb-app  | ===========getbyname===================
userweb-app  | ===========getbyname===================
userweb-app  | ------------------------------
userweb-app  | -----------test22------1234--------
userweb-app  | ===========getbyname===================
userweb-app  | ### AUTH ### Thread=http-nio-8080-exec-22 | requestUsername=test22
userweb-app  | ===========getbyname===================
userweb-app  | ===========getbyname===================
userweb-app  | ----------------Optional[com.example.demo.model.User@5dc47f66]
userweb-app  | ===========getbyname===================
userweb-app  | ----------------Optional[com.example.demo.model.User@49d9d92f]
userweb-app  | ----------------Optional[com.example.demo.model.User@448c2dd1]
userweb-app  | ------------------------------
userweb-app  | ------------------------------
userweb-app  | ----------------Optional[com.example.demo.model.User@586e8d39]
userweb-app  | ------------------------------
userweb-app  | ------------------------------
userweb-app  | ----------------Optional[com.example.demo.model.User@1677afea]
userweb-app  | ----------------Optional[com.example.demo.model.User@42b30e50]
userweb-app  | ----------------Optional[com.example.demo.model.User@15ede0db]
userweb-app  | ===========getbyname===================
userweb-app  | ------------------------------
userweb-app  | ------------------------------
userweb-app  | ----------finish-------------
userweb-app  | ### AUTH USER ### requestUsername=test22 | dbUsername=test22 | userId=22
userweb-app  | -----------test23------1234--------
userweb-app  | ### AUTH ### Thread=http-nio-8080-exec-23 | requestUsername=test23
userweb-app  | ===========getbyname===================
userweb-app  | ----------------Optional[com.example.demo.model.User@5446103a]
userweb-app  | ------------------------------
userweb-app  | ----------------Optional[com.example.demo.model.User@7e5b73ed]
userweb-app  | ===========getbyname===================
userweb-app  | ===========getbyname===================
userweb-app  | ===========getbyname===================
userweb-app  | ----------finish-------------
userweb-app  | ### AUTH USER ### requestUsername=test23 | dbUsername=test23 | userId=23
userweb-app  | ----------------Optional[com.example.demo.model.User@2c9fe391]
userweb-app  | ===========getbyname===================
userweb-app  | ----------------Optional[com.example.demo.model.User@44dc0d07]
userweb-app  | ------------------------------
userweb-app  | ===========getbyname===================
userweb-app  | ----------------Optional[com.example.demo.model.User@78e00b1]
userweb-app  | ------------------------------
userweb-app  | ===========getbyname===================
userweb-app  | ------------------------------
userweb-app  | ----------------Optional[com.example.demo.model.User@4d6719d5]
userweb-app  | ----------------Optional[com.example.demo.model.User@609fa3dc]
userweb-app  | ------------------------------
userweb-app  | ----------------Optional[com.example.demo.model.User@4896497c]
userweb-app  | ------------------------------
userweb-app  | ------------------------------
userweb-app  | -----------test24------1234--------
userweb-app  | ### AUTH ### Thread=http-nio-8080-exec-24 | requestUsername=test24
userweb-app  | ===========getbyname===================
userweb-app  | ----------------Optional[com.example.demo.model.User@7e6eaec0]
userweb-app  | ----------finish-------------
userweb-app  | ### AUTH USER ### requestUsername=test24 | dbUsername=test24 | userId=24
userweb-app  | ===========getbyname===================
userweb-app  | ===========getbyname===================
userweb-app  | ----------------Optional[com.example.demo.model.User@28cb7cf2]
userweb-app  | ----------------Optional[com.example.demo.model.User@5190393d]
userweb-app  | ------------------------------
userweb-app  | ------------------------------
userweb-app  | -----------test25------1234--------
userweb-app  | ### AUTH ### Thread=http-nio-8080-exec-25 | requestUsername=test25
userweb-app  | ===========getbyname===================
userweb-app  | ----------------Optional[com.example.demo.model.User@25ffdaee]
userweb-app  | ----------finish-------------
userweb-app  | ### AUTH USER ### requestUsername=test25 | dbUsername=test25 | userId=25
userweb-app  | ===========getbyname===================
userweb-app  | ----------------Optional[com.example.demo.model.User@700f634e]
userweb-app  | ------------------------------
userweb-app  | ===========getbyname===================
userweb-app  | ----------------Optional[com.example.demo.model.User@5937c437]
userweb-app  | -----------test26------1234--------
userweb-app  | ### AUTH ### Thread=http-nio-8080-exec-11 | requestUsername=test26
userweb-app  | ===========getbyname===================
userweb-app  | ------------------------------
userweb-app  | ----------------Optional[com.example.demo.model.User@77d84788]
userweb-app  | ----------finish-------------
userweb-app  | ### AUTH USER ### requestUsername=test26 | dbUsername=test26 | userId=26
userweb-app  | ===========getbyname===================
userweb-app  | ----------------Optional[com.example.demo.model.User@36bff626]
userweb-app  | ------------------------------
userweb-app  | -----------test27------1234--------
userweb-app  | ### AUTH ### Thread=http-nio-8080-exec-14 | requestUsername=test27
userweb-app  | ===========getbyname===================
userweb-app  | ----------------Optional[com.example.demo.model.User@6e7db5a0]
userweb-app  | ----------finish-------------
userweb-app  | ### AUTH USER ### requestUsername=test27 | dbUsername=test27 | userId=27
userweb-app  | ===========getbyname===================
userweb-app  | ===========getbyname===================
userweb-app  | ===========getbyname===================
userweb-app  | ----------------Optional[com.example.demo.model.User@626c720d]
userweb-app  | ----------------Optional[com.example.demo.model.User@2b721d47]
userweb-app  | ----------------Optional[com.example.demo.model.User@53519d2]
userweb-app  | ------------------------------
userweb-app  | ------------------------------
userweb-app  | ------------------------------
userweb-app  | -----------test28------1234--------
userweb-app  | ### AUTH ### Thread=http-nio-8080-exec-12 | requestUsername=test28
userweb-app  | ===========getbyname===================
userweb-app  | ----------------Optional[com.example.demo.model.User@7355f186]
userweb-app  | ----------finish-------------
userweb-app  | ### AUTH USER ### requestUsername=test28 | dbUsername=test28 | userId=28
userweb-app  | -----------test29------1234--------
userweb-app  | ### AUTH ### Thread=http-nio-8080-exec-16 | requestUsername=test29
userweb-app  | ===========getbyname===================
userweb-app  | ----------------Optional[com.example.demo.model.User@170abe01]
userweb-app  | ----------finish-------------
userweb-app  | ### AUTH USER ### requestUsername=test29 | dbUsername=test29 | userId=29
userweb-app  | ===========getbyname===================
userweb-app  | ----------------Optional[com.example.demo.model.User@e1f924d]
userweb-app  | ------------------------------
userweb-app  | ===========getbyname===================
userweb-app  | -----------test30------1234--------
userweb-app  | ### AUTH ### Thread=http-nio-8080-exec-3 | requestUsername=test30
userweb-app  | ===========getbyname===================
userweb-app  | ----------------Optional[com.example.demo.model.User@6e439ffa]
userweb-app  | ------------------------------
userweb-app  | ----------------Optional[com.example.demo.model.User@30eafd21]
userweb-app  | ----------finish-------------
userweb-app  | ### AUTH USER ### requestUsername=test30 | dbUsername=test30 | userId=30
userweb-app  | -----------test31------1234--------
userweb-app  | ### AUTH ### Thread=http-nio-8080-exec-1 | requestUsername=test31
userweb-app  | ===========getbyname===================
userweb-app  | ----------------Optional[com.example.demo.model.User@5550a03b]
userweb-app  | ----------finish-------------
userweb-app  | ### AUTH USER ### requestUsername=test31 | dbUsername=test31 | userId=31
userweb-app  | ===========getbyname===================
userweb-app  | ----------------Optional[com.example.demo.model.User@5f86d71]
userweb-app  | ------------------------------
userweb-app  | ===========getbyname===================
userweb-app  | ----------------Optional[com.example.demo.model.User@5ccb4a85]
userweb-app  | ------------------------------
userweb-app  | -----------test32------1234--------
userweb-app  | ### AUTH ### Thread=http-nio-8080-exec-7 | requestUsername=test32
userweb-app  | ===========getbyname===================
userweb-app  | ===========getbyname===================
userweb-app  | ----------------Optional[com.example.demo.model.User@3af8ec8b]
userweb-app  | ----------------Optional[com.example.demo.model.User@42f0868c]
userweb-app  | ------------------------------
userweb-app  | ----------finish-------------
userweb-app  | ### AUTH USER ### requestUsername=test32 | dbUsername=test32 | userId=32
userweb-app  | -----------test33------1234--------
userweb-app  | ### AUTH ### Thread=http-nio-8080-exec-8 | requestUsername=test33
userweb-app  | ===========getbyname===================
userweb-app  | ----------------Optional[com.example.demo.model.User@7d523b04]
userweb-app  | ----------finish-------------
userweb-app  | ### AUTH USER ### requestUsername=test33 | dbUsername=test33 | userId=33
userweb-app  | ===========getbyname===================
userweb-app  | ----------------Optional[com.example.demo.model.User@447f1ba6]
userweb-app  | ------------------------------
userweb-app  | -----------test34------1234--------
userweb-app  | ### AUTH ### Thread=http-nio-8080-exec-5 | requestUsername=test34
userweb-app  | ===========getbyname===================
userweb-app  | ----------------Optional[com.example.demo.model.User@2b3f7354]
userweb-app  | ----------finish-------------
userweb-app  | ### AUTH USER ### requestUsername=test34 | dbUsername=test34 | userId=34
userweb-app  | ===========getbyname===================
userweb-app  | ----------------Optional[com.example.demo.model.User@1e4bf1fa]
userweb-app  | ------------------------------
userweb-app  | -----------test35------1234--------
userweb-app  | ### AUTH ### Thread=http-nio-8080-exec-2 | requestUsername=test35
userweb-app  | ===========getbyname===================
userweb-app  | ----------------Optional[com.example.demo.model.User@741841b8]
userweb-app  | ----------finish-------------
userweb-app  | ### AUTH USER ### requestUsername=test35 | dbUsername=test35 | userId=35
userweb-app  | ===========getbyname===================
userweb-app  | ----------------Optional[com.example.demo.model.User@50eb5489]
userweb-app  | ------------------------------
userweb-app  | -----------test36------1234--------
userweb-app  | ### AUTH ### Thread=http-nio-8080-exec-10 | requestUsername=test36
userweb-app  | ===========getbyname===================
userweb-app  | ----------------Optional[com.example.demo.model.User@7ac2a64]
userweb-app  | ----------finish-------------
userweb-app  | ### AUTH USER ### requestUsername=test36 | dbUsername=test36 | userId=36
userweb-app  | -----------test37------1234--------
userweb-app  | ### AUTH ### Thread=http-nio-8080-exec-6 | requestUsername=test37
userweb-app  | ===========getbyname===================
userweb-app  | ----------------Optional[com.example.demo.model.User@2a29198f]
userweb-app  | ----------finish-------------
userweb-app  | ### AUTH USER ### requestUsername=test37 | dbUsername=test37 | userId=37
userweb-app  | ===========getbyname===================
userweb-app  | ----------------Optional[com.example.demo.model.User@5af55cd9]
userweb-app  | ------------------------------
userweb-app  | -----------test38------1234--------
userweb-app  | ### AUTH ### Thread=http-nio-8080-exec-4 | requestUsername=test38
userweb-app  | ===========getbyname===================
userweb-app  | ----------------Optional[com.example.demo.model.User@5d6e9d8]
userweb-app  | ===========getbyname===================
userweb-app  | ----------finish-------------
userweb-app  | ### AUTH USER ### requestUsername=test38 | dbUsername=test38 | userId=38
userweb-app  | ----------------Optional[com.example.demo.model.User@1b60607a]
userweb-app  | ------------------------------
userweb-app  | -----------test39------1234--------
userweb-app  | ### AUTH ### Thread=http-nio-8080-exec-15 | requestUsername=test39
userweb-app  | ===========getbyname===================
userweb-app  | ===========getbyname===================
userweb-app  | ----------------Optional[com.example.demo.model.User@33fb700f]
userweb-app  | ----------finish-------------
userweb-app  | ### AUTH USER ### requestUsername=test39 | dbUsername=test39 | userId=39
userweb-app  | ----------------Optional[com.example.demo.model.User@33ec2967]
userweb-app  | ------------------------------
userweb-app  | -----------test40------1234--------
userweb-app  | ### AUTH ### Thread=http-nio-8080-exec-9 | requestUsername=test40
userweb-app  | ===========getbyname===================
userweb-app  | ===========getbyname===================
userweb-app  | ----------------Optional[com.example.demo.model.User@102cf84f]
userweb-app  | ----------------Optional[com.example.demo.model.User@52b60f26]
userweb-app  | ----------finish-------------
userweb-app  | ### AUTH USER ### requestUsername=test40 | dbUsername=test40 | userId=40
userweb-app  | ------------------------------
userweb-app  | ===========getbyname===================
userweb-app  | ===========getbyname===================
userweb-app  | ----------------Optional[com.example.demo.model.User@392d9c22]
userweb-app  | ----------------Optional[com.example.demo.model.User@dd53cf1]
userweb-app  | ------------------------------
userweb-app  | ------------------------------
userweb-app  | -----------test41------1234--------
userweb-app  | ### AUTH ### Thread=http-nio-8080-exec-21 | requestUsername=test41
userweb-app  | ===========getbyname===================
userweb-app  | ----------------Optional[com.example.demo.model.User@4cf47fb]
userweb-app  | ----------finish-------------
userweb-app  | ### AUTH USER ### requestUsername=test41 | dbUsername=test41 | userId=41
userweb-app  | ===========getbyname===================
userweb-app  | ----------------Optional[com.example.demo.model.User@320555ef]
userweb-app  | ------------------------------
userweb-app  | -----------test42------1234--------
userweb-app  | ### AUTH ### Thread=http-nio-8080-exec-13 | requestUsername=test42
userweb-app  | ===========getbyname===================
userweb-app  | ----------------Optional[com.example.demo.model.User@12dea3c5]
userweb-app  | ----------finish-------------
userweb-app  | ### AUTH USER ### requestUsername=test42 | dbUsername=test42 | userId=42
userweb-app  | ===========getbyname===================
userweb-app  | ----------------Optional[com.example.demo.model.User@5e521e7]
userweb-app  | ------------------------------
userweb-app  | -----------test43------1234--------
userweb-app  | ### AUTH ### Thread=http-nio-8080-exec-20 | requestUsername=test43
userweb-app  | ===========getbyname===================
userweb-app  | ----------------Optional[com.example.demo.model.User@465dc4b7]
userweb-app  | ----------finish-------------
userweb-app  | ### AUTH USER ### requestUsername=test43 | dbUsername=test43 | userId=43
userweb-app  | ===========getbyname===================
userweb-app  | ----------------Optional[com.example.demo.model.User@50086d68]
userweb-app  | ------------------------------
userweb-app  | -----------test44------1234--------
userweb-app  | ### AUTH ### Thread=http-nio-8080-exec-17 | requestUsername=test44
userweb-app  | ===========getbyname===================
userweb-app  | ----------------Optional[com.example.demo.model.User@7fccea80]
userweb-app  | ----------finish-------------
userweb-app  | ### AUTH USER ### requestUsername=test44 | dbUsername=test44 | userId=44
userweb-app  | -----------test45------1234--------
userweb-app  | ### AUTH ### Thread=http-nio-8080-exec-19 | requestUsername=test45
userweb-app  | ===========getbyname===================
userweb-app  | ----------------Optional[com.example.demo.model.User@856a7dd]
userweb-app  | ----------finish-------------
userweb-app  | ### AUTH USER ### requestUsername=test45 | dbUsername=test45 | userId=45
userweb-app  | ===========getbyname===================
userweb-app  | ----------------Optional[com.example.demo.model.User@6c55c5b9]
userweb-app  | ------------------------------
userweb-app  | ===========getbyname===================
userweb-app  | ----------------Optional[com.example.demo.model.User@1f6266da]
userweb-app  | ------------------------------
userweb-app  | -----------test46------1234--------
userweb-app  | ### AUTH ### Thread=http-nio-8080-exec-18 | requestUsername=test46
userweb-app  | ===========getbyname===================
userweb-app  | ----------------Optional[com.example.demo.model.User@4ebdf48a]
userweb-app  | ----------finish-------------
userweb-app  | ### AUTH USER ### requestUsername=test46 | dbUsername=test46 | userId=46
userweb-app  | ===========getbyname===================
userweb-app  | ----------------Optional[com.example.demo.model.User@701c6aa4]
userweb-app  | ------------------------------
userweb-app  | -----------test47------1234--------
userweb-app  | ### AUTH ### Thread=http-nio-8080-exec-22 | requestUsername=test47
userweb-app  | ===========getbyname===================
userweb-app  | ----------------Optional[com.example.demo.model.User@67fb2f95]
userweb-app  | ----------finish-------------
userweb-app  | ### AUTH USER ### requestUsername=test47 | dbUsername=test47 | userId=47
userweb-app  | ===========getbyname===================
userweb-app  | ----------------Optional[com.example.demo.model.User@6be9db6c]
userweb-app  | ------------------------------
userweb-app  | ===========getbyname===================
userweb-app  | ----------------Optional[com.example.demo.model.User@3b4d7d6]
userweb-app  | -----------test48------1234--------
userweb-app  | ### AUTH ### Thread=http-nio-8080-exec-24 | requestUsername=test48
userweb-app  | ===========getbyname===================
userweb-app  | ------------------------------
userweb-app  | ----------------Optional[com.example.demo.model.User@72aa3200]
userweb-app  | ----------finish-------------
userweb-app  | ### AUTH USER ### requestUsername=test48 | dbUsername=test48 | userId=48
userweb-app  | -----------test49------1234--------
userweb-app  | ### AUTH ### Thread=http-nio-8080-exec-23 | requestUsername=test49
userweb-app  | ===========getbyname===================
userweb-app  | ----------------Optional[com.example.demo.model.User@646a3012]
userweb-app  | ----------finish-------------
userweb-app  | ### AUTH USER ### requestUsername=test49 | dbUsername=test49 | userId=49
userweb-app  | ===========getbyname===================
userweb-app  | ----------------Optional[com.example.demo.model.User@67e86c09]
userweb-app  | ------------------------------
userweb-app  | -----------test50------1234--------
userweb-app  | ### AUTH ### Thread=http-nio-8080-exec-25 | requestUsername=test50
userweb-app  | ===========getbyname===================
userweb-app  | ----------------Optional[com.example.demo.model.User@769248b0]
userweb-app  | ----------finish-------------
userweb-app  | ### AUTH USER ### requestUsername=test50 | dbUsername=test50 | userId=50
userweb-app  | ===========getbyname===================
userweb-app  | ----------------Optional[com.example.demo.model.User@5b32e069]
userweb-app  | ------------------------------
userweb-app  | ===========getbyname===================
userweb-app  | ----------------Optional[com.example.demo.model.User@5b07bd61]
userweb-app  | ------------------------------
userweb-app  | ===========getbyname===================
userweb-app  | ----------------Optional[com.example.demo.model.User@a3d7de]
userweb-app  | ------------------------------
userweb-app  | ===========getbyname===================
userweb-app  | ===========getbyname===================
userweb-app  | ===========getbyname===================
userweb-app  | ===========getbyname===================
userweb-app  | ===========getbyname===================
userweb-app  | ===========getbyname===================
userweb-app  | ===========getbyname===================
userweb-app  | ===========getbyname===================
userweb-app  | ===========getbyname===================
userweb-app  | ===========getbyname===================
userweb-app  | ===========getbyname===================
userweb-app  | ----------------Optional[com.example.demo.model.User@683c1094]
userweb-app  | ----------------Optional[com.example.demo.model.User@486dcaef]
userweb-app  | ----------------Optional[com.example.demo.model.User@46f59a44]
userweb-app  | ===========getbyname===================
userweb-app  | ===========getbyname===================
userweb-app  | ===========getbyname===================
userweb-app  | ===========getbyname===================
userweb-app  | ===========getbyname===================
userweb-app  | ===========getbyname===================
userweb-app  | ===========getbyname===================
userweb-app  | ----------------Optional[com.example.demo.model.User@1443a198]
userweb-app  | ===========getbyname===================
userweb-app  | ===========getbyname===================
userweb-app  | ----------------Optional[com.example.demo.model.User@60183974]
userweb-app  | ----------------Optional[com.example.demo.model.User@5739d192]
userweb-app  | ===========getbyname===================
userweb-app  | ----------------Optional[com.example.demo.model.User@4a0c988d]
userweb-app  | ===========getbyname===================
userweb-app  | ----------------Optional[com.example.demo.model.User@681b923c]
userweb-app  | ===========getbyname===================
userweb-app  | ----------------Optional[com.example.demo.model.User@5576ddd8]
userweb-app  | ----------------Optional[com.example.demo.model.User@42a30cf1]
userweb-app  | ----------------Optional[com.example.demo.model.User@64331]
userweb-app  | ===========getbyname===================
userweb-app  | ----------------Optional[com.example.demo.model.User@5135d722]
userweb-app  | ----------------Optional[com.example.demo.model.User@355a5097]
userweb-app  | ----------------Optional[com.example.demo.model.User@6cfb8081]
userweb-app  | ----------------Optional[com.example.demo.model.User@5f5fa7ef]
userweb-app  | ----------------Optional[com.example.demo.model.User@2fef0a4]
userweb-app  | ===========getbyname===================
userweb-app  | ----------------Optional[com.example.demo.model.User@373d148b]
userweb-app  | ===========getbyname===================
userweb-app  | ----------------Optional[com.example.demo.model.User@5fe12414]
userweb-app  | ===========getbyname===================
userweb-app  | ----------------Optional[com.example.demo.model.User@4e25d085]
userweb-app  | ----------------Optional[com.example.demo.model.User@dff37f8]
userweb-app  | ----------------Optional[com.example.demo.model.User@38d6c0de]
userweb-app  | ----------------Optional[com.example.demo.model.User@3fe820e]
userweb-app  | ===========getbyname===================
userweb-app  | ----------------Optional[com.example.demo.model.User@412b71d0]
userweb-app  | ----------------Optional[com.example.demo.model.User@1444ce4e]
userweb-app  | ----------------Optional[com.example.demo.model.User@5a336b4d]
userweb-app  | ----------------Optional[com.example.demo.model.User@19f095bb]
userweb-app  | ----------------Optional[com.example.demo.model.User@7a8d5c74]
userweb-app  | ===========getbyname===================
userweb-app  | ===========getbyname===================
userweb-app  | ----------------Optional[com.example.demo.model.User@bb59dd5]
userweb-app  | ----------------Optional[com.example.demo.model.User@1efbb5ce]
userweb-app  | ===========getbyname===================
userweb-app  | ===========getbyname===================
userweb-app  | ===========getbyname===================
userweb-app  | ===========getbyname===================
userweb-app  | ----------------Optional[com.example.demo.model.User@705a02ff]
userweb-app  | ===========getbyname===================
userweb-app  | ===========getbyname===================
userweb-app  | ----------------Optional[com.example.demo.model.User@2e98fd88]
userweb-app  | ===========getbyname===================
userweb-app  | ----------------Optional[com.example.demo.model.User@68dcb8c4]
userweb-app  | ----------------Optional[com.example.demo.model.User@62db2cc7]
userweb-app  | ===========getbyname===================
userweb-app  | ===========getbyname===================
userweb-app  | ----------------Optional[com.example.demo.model.User@36982ecb]
userweb-app  | ----------------Optional[com.example.demo.model.User@419a5b3a]
userweb-app  | ----------------Optional[com.example.demo.model.User@1335e81]
userweb-app  | ===========getbyname===================
userweb-app  | ----------------Optional[com.example.demo.model.User@10d7ee6f]
userweb-app  | ----------------Optional[com.example.demo.model.User@3295ee54]
userweb-app  | ===========getbyname===================
userweb-app  | ===========getbyname===================
userweb-app  | ----------------Optional[com.example.demo.model.User@5bdf3c7d]
userweb-app  | ----------------Optional[com.example.demo.model.User@90adfc7]
userweb-app  | ===========getbyname===================
userweb-app  | ===========getbyname===================
userweb-app  | ----------------Optional[com.example.demo.model.User@3238fa08]
userweb-app  | ===========getbyname===================
userweb-app  | ===========getbyname===================
userweb-app  | ===========getbyname===================
userweb-app  | ----------------Optional[com.example.demo.model.User@65ccb871]
userweb-app  | ===========getbyname===================
userweb-app  | ===========getbyname===================
userweb-app  | ----------------Optional[com.example.demo.model.User@7e0b26ff]
userweb-app  | ----------------Optional[com.example.demo.model.User@5bcdace7]
userweb-app  | ===========getbyname===================
userweb-app  | ===========getbyname===================
userweb-app  | ----------------Optional[com.example.demo.model.User@1a405a38]
userweb-app  | ===========getbyname===================
userweb-app  | ===========getbyname===================
userweb-app  | ===========getbyname===================
userweb-app  | ===========getbyname===================
userweb-app  | ===========getbyname===================
userweb-app  | ===========getbyname===================
userweb-app  | ----------------Optional[com.example.demo.model.User@4ce65ccb]
userweb-app  | ----------------Optional[com.example.demo.model.User@59e82bcd]
userweb-app  | ===========getbyname===================
userweb-app  | ----------------Optional[com.example.demo.model.User@298311fe]
userweb-app  | ===========getbyname===================
userweb-app  | ===========getbyname===================
userweb-app  | ----------------Optional[com.example.demo.model.User@4e2d6f0e]
userweb-app  | ----------------Optional[com.example.demo.model.User@1548ac82]
userweb-app  | ===========getbyname===================
userweb-app  | ===========getbyname===================
userweb-app  | ===========getbyname===================
userweb-app  | ----------------Optional[com.example.demo.model.User@64ebc1f]
userweb-app  | ===========getbyname===================
userweb-app  | ===========getbyname===================
userweb-app  | ----------------Optional[com.example.demo.model.User@cae65e5]
userweb-app  | ===========getbyname===================
userweb-app  | ----------------Optional[com.example.demo.model.User@73f9baa2]
userweb-app  | ===========getbyname===================
userweb-app  | ----------------Optional[com.example.demo.model.User@7f4f83ac]
userweb-app  | ----------------Optional[com.example.demo.model.User@3d539abf]
userweb-app  | ===========getbyname===================
userweb-app  | ===========getbyname===================
userweb-app  | ----------------Optional[com.example.demo.model.User@71c79a2a]
userweb-app  | ===========getbyname===================
userweb-app  | ----------------Optional[com.example.demo.model.User@2270825a]
userweb-app  | ----------------Optional[com.example.demo.model.User@6e8534dc]
userweb-app  | ===========getbyname===================
userweb-app  | ----------------Optional[com.example.demo.model.User@43d222d9]
userweb-app  | ----------------Optional[com.example.demo.model.User@77865ef9]
userweb-app  | ===========getbyname===================
userweb-app  | ===========getbyname===================
userweb-app  | ===========getbyname===================
userweb-app  | ----------------Optional[com.example.demo.model.User@55d66bc1]
userweb-app  | ----------------Optional[com.example.demo.model.User@399eaaed]
userweb-app  | ----------------Optional[com.example.demo.model.User@3919fe84]
userweb-app  | ----------------Optional[com.example.demo.model.User@67413ff5]
userweb-app  | ----------------Optional[com.example.demo.model.User@76084f32]
userweb-app  | ----------------Optional[com.example.demo.model.User@6582ba6c]
userweb-app  | ===========getbyname===================
userweb-app  | ===========getbyname===================
userweb-app  | ----------------Optional[com.example.demo.model.User@1b46a459]
userweb-app  | ===========getbyname===================
userweb-app  | ----------------Optional[com.example.demo.model.User@5aa14afb]
userweb-app  | ===========getbyname===================
userweb-app  | ----------------Optional[com.example.demo.model.User@12aaf34b]
userweb-app  | ----------------Optional[com.example.demo.model.User@74c977e7]
userweb-app  | ===========getbyname===================
userweb-app  | ===========getbyname===================
userweb-app  | ----------------Optional[com.example.demo.model.User@563800c0]
userweb-app  | ----------------Optional[com.example.demo.model.User@758bbb26]
userweb-app  | ===========getbyname===================
userweb-app  | ===========getbyname===================
userweb-app  | ----------------Optional[com.example.demo.model.User@35c7389]
userweb-app  | ----------------Optional[com.example.demo.model.User@6c75e68f]
userweb-app  | ===========getbyname===================
userweb-app  | ===========getbyname===================
userweb-app  | ===========getbyname===================
userweb-app  | ----------------Optional[com.example.demo.model.User@27ebb764]
userweb-app  | ----------------Optional[com.example.demo.model.User@7368b0cf]
userweb-app  | ===========getbyname===================
userweb-app  | ----------------Optional[com.example.demo.model.User@778a0c18]
userweb-app  | ===========getbyname===================
userweb-app  | ===========getbyname===================
userweb-app  | ===========getbyname===================
userweb-app  | ----------------Optional[com.example.demo.model.User@59586677]
userweb-app  | ----------------Optional[com.example.demo.model.User@534ba49b]
userweb-app  | ===========getbyname===================
userweb-app  | ----------------Optional[com.example.demo.model.User@491bf504]
userweb-app  | ===========getbyname===================
userweb-app  | ===========getbyname===================
userweb-app  | ===========getbyname===================
userweb-app  | ----------------Optional[com.example.demo.model.User@252b221a]
userweb-app  | ===========getbyname===================
userweb-app  | ===========getbyname===================
userweb-app  | ===========getbyname===================
userweb-app  | ===========getbyname===================
userweb-app  | ===========getbyname===================
userweb-app  | ----------------Optional[com.example.demo.model.User@4eeaa56c]
userweb-app  | ----------------Optional[com.example.demo.model.User@14b57c4a]
userweb-app  | ----------------Optional[com.example.demo.model.User@7296f268]
userweb-app  | ----------------Optional[com.example.demo.model.User@621ceae5]
userweb-app  | ----------------Optional[com.example.demo.model.User@14943c44]
userweb-app  | ===========getbyname===================
userweb-app  | ===========getbyname===================
userweb-app  | ----------------Optional[com.example.demo.model.User@62eae9ef]
userweb-app  | ===========getbyname===================
userweb-app  | ===========getbyname===================
userweb-app  | ===========getbyname===================
userweb-app  | ===========getbyname===================
userweb-app  | ===========getbyname===================
userweb-app  | ----------------Optional[com.example.demo.model.User@1e134339]
userweb-app  | ===========getbyname===================
userweb-app  | ===========getbyname===================
userweb-app  | ===========getbyname===================
userweb-app  | ----------------Optional[com.example.demo.model.User@53ffcd5a]
userweb-app  | ===========getbyname===================
userweb-app  | ===========getbyname===================
userweb-app  | ----------------Optional[com.example.demo.model.User@4e11015b]
userweb-app  | ===========getbyname===================
userweb-app  | ----------------Optional[com.example.demo.model.User@7a2a8788]
userweb-app  | ----------------Optional[com.example.demo.model.User@18fded73]
userweb-app  | ----------------Optional[com.example.demo.model.User@462860e3]
userweb-app  | ----------------Optional[com.example.demo.model.User@539b1be7]
userweb-app  | ----------------Optional[com.example.demo.model.User@590c8ce3]
userweb-app  | ----------------Optional[com.example.demo.model.User@61d04264]
userweb-app  | ===========getbyname===================
userweb-app  | ----------------Optional[com.example.demo.model.User@6512f530]
userweb-app  | ===========getbyname===================
userweb-app  | ===========getbyname===================
userweb-app  | ===========getbyname===================
userweb-app  | ----------------Optional[com.example.demo.model.User@7f9c04b1]
userweb-app  | ----------------Optional[com.example.demo.model.User@4a44fed7]
userweb-app  | ----------------Optional[com.example.demo.model.User@d213261]
userweb-app  | ===========getbyname===================
userweb-app  | ===========getbyname===================
userweb-app  | ===========getbyname===================
userweb-app  | ===========getbyname===================
userweb-app  | ----------------Optional[com.example.demo.model.User@56a5ff37]
userweb-app  | ===========getbyname===================
userweb-app  | ----------------Optional[com.example.demo.model.User@8212215]
userweb-app  | ----------------Optional[com.example.demo.model.User@6ed42f37]
userweb-app  | ===========getbyname===================
userweb-app  | ----------------Optional[com.example.demo.model.User@7453b299]
userweb-app  | ===========getbyname===================
userweb-app  | ----------------Optional[com.example.demo.model.User@405452d6]
userweb-app  | ===========getbyname===================
userweb-app  | ----------------Optional[com.example.demo.model.User@34cb0bce]
userweb-app  | ----------------Optional[com.example.demo.model.User@17159d64]
userweb-app  | ===========getbyname===================
userweb-app  | ===========getbyname===================
userweb-app  | ===========getbyname===================
userweb-app  | ===========getbyname===================
userweb-app  | ===========getbyname===================
userweb-app  | ===========getbyname===================
userweb-app  | ===========getbyname===================
userweb-app  | ----------------Optional[com.example.demo.model.User@1b38e8d5]
userweb-app  | ===========getbyname===================
userweb-app  | ----------------Optional[com.example.demo.model.User@38e1dd17]
userweb-app  | ===========getbyname===================
userweb-app  | ----------------Optional[com.example.demo.model.User@6bcf0026]
userweb-app  | ----------------Optional[com.example.demo.model.User@65810fd9]
userweb-app  | ===========getbyname===================
userweb-app  | ----------------Optional[com.example.demo.model.User@48aef2af]
userweb-app  | ===========getbyname===================
userweb-app  | ----------------Optional[com.example.demo.model.User@1ab1843c]
userweb-app  | ----------------Optional[com.example.demo.model.User@4ad514ba]
userweb-app  | ===========getbyname===================
userweb-app  | ===========getbyname===================
userweb-app  | ===========getbyname===================
userweb-app  | ===========getbyname===================
userweb-app  | ----------------Optional[com.example.demo.model.User@5a13cc24]
userweb-app  | ===========getbyname===================
userweb-app  | ----------------Optional[com.example.demo.model.User@27a066f7]
userweb-app  | ----------------Optional[com.example.demo.model.User@57c93388]
userweb-app  | ===========getbyname===================
userweb-app  | ===========getbyname===================
userweb-app  | ----------------Optional[com.example.demo.model.User@6e47788d]
userweb-app  | ----------------Optional[com.example.demo.model.User@2ef82ded]
userweb-app  | ----------------Optional[com.example.demo.model.User@619b74e]
userweb-app  | ===========getbyname===================
userweb-app  | ===========getbyname===================
userweb-app  | ===========getbyname===================
userweb-app  | ----------------Optional[com.example.demo.model.User@1762b09c]
userweb-app  | ===========getbyname===================
userweb-app  | ----------------Optional[com.example.demo.model.User@1f50de25]
userweb-app  | ----------------Optional[com.example.demo.model.User@39fc665a]
userweb-app  | ===========getbyname===================
userweb-app  | ----------------Optional[com.example.demo.model.User@29614b26]
userweb-app  | ===========getbyname===================
userweb-app  | ===========getbyname===================
userweb-app  | ----------------Optional[com.example.demo.model.User@3d5be05a]
userweb-app  | ----------------Optional[com.example.demo.model.User@164d69]
userweb-app  | ----------------Optional[com.example.demo.model.User@89bd49b]
userweb-app  | ----------------Optional[com.example.demo.model.User@1c94f20d]
userweb-app  | ----------------Optional[com.example.demo.model.User@548ba997]
userweb-app  | ===========getbyname===================
userweb-app  | ===========getbyname===================
userweb-app  | ===========getbyname===================
userweb-app  | ----------------Optional[com.example.demo.model.User@749ea8d2]
userweb-app  | ===========getbyname===================
userweb-app  | ===========getbyname===================
userweb-app  | ----------------Optional[com.example.demo.model.User@4b88612c]
userweb-app  | ----------------Optional[com.example.demo.model.User@188c5f99]
userweb-app  | ===========getbyname===================
userweb-app  | ----------------Optional[com.example.demo.model.User@1e6ad777]
userweb-app  | ===========getbyname===================
userweb-app  | ----------------Optional[com.example.demo.model.User@15aa5652]
userweb-app  | ----------------Optional[com.example.demo.model.User@47df9e0f]
userweb-app  | ===========getbyname===================
userweb-app  | ----------------Optional[com.example.demo.model.User@fc5369c]
userweb-app  | ----------------Optional[com.example.demo.model.User@229fed1e]
userweb-app  | ===========getbyname===================
userweb-app  | ===========getbyname===================
userweb-app  | ----------------Optional[com.example.demo.model.User@473bdad2]
userweb-app  | ===========getbyname===================
userweb-app  | ----------------Optional[com.example.demo.model.User@3f0119cf]
userweb-app  | ----------------Optional[com.example.demo.model.User@ca9e983]
userweb-app  | ----------------Optional[com.example.demo.model.User@24725312]
userweb-app  | ===========getbyname===================
userweb-app  | ===========getbyname===================
userweb-app  | ----------------Optional[com.example.demo.model.User@44e357e6]
userweb-app  | ===========getbyname===================
userweb-app  | ----------------Optional[com.example.demo.model.User@2a02f3ab]
userweb-app  | ----------------Optional[com.example.demo.model.User@7e4b8e01]
userweb-app  | ----------------Optional[com.example.demo.model.User@3b0aeed0]
userweb-app  | ----------------Optional[com.example.demo.model.User@550dec72]
userweb-app  | ----------------Optional[com.example.demo.model.User@5063c3ce]
userweb-app  | ----------------Optional[com.example.demo.model.User@50cf2]
userweb-app  | ----------------Optional[com.example.demo.model.User@f5f1861]
userweb-app  | ----------------Optional[com.example.demo.model.User@19935445]
userweb-app  | ===========getbyname===================
userweb-app  | ===========getbyname===================
userweb-app  | ----------------Optional[com.example.demo.model.User@132ee3ca]
userweb-app  | ----------------Optional[com.example.demo.model.User@2053acc3]
userweb-app  | ===========getbyname===================
userweb-app  | ----------------Optional[com.example.demo.model.User@99b97fc]
userweb-app  | ===========getbyname===================
userweb-app  | ===========getbyname===================
userweb-app  | ----------------Optional[com.example.demo.model.User@2b645f57]
userweb-app  | ----------------Optional[com.example.demo.model.User@41818fc3]
userweb-app  | ----------------Optional[com.example.demo.model.User@66e94aeb]
userweb-app  | ----------------Optional[com.example.demo.model.User@1ac23678]
userweb-app  | ----------------Optional[com.example.demo.model.User@6b40e368]
userweb-app  | ----------------Optional[com.example.demo.model.User@4a1aa301]
userweb-app  | ----------------Optional[com.example.demo.model.User@55a623a2]
userweb-app  | ===========getbyname===================
userweb-app  | ===========getbyname===================
userweb-app  | ----------------Optional[com.example.demo.model.User@69bc07db]
userweb-app  | ===========getbyname===================
userweb-app  | ----------------Optional[com.example.demo.model.User@741c02f8]
userweb-app  | ===========getbyname===================
userweb-app  | ===========getbyname===================
userweb-app  | ===========getbyname===================
userweb-app  | ----------------Optional[com.example.demo.model.User@3aaad99a]
userweb-app  | ----------------Optional[com.example.demo.model.User@3f6c277b]
userweb-app  | ===========getbyname===================
userweb-app  | ===========getbyname===================
userweb-app  | ----------------Optional[com.example.demo.model.User@6283711f]
userweb-app  | ----------------Optional[com.example.demo.model.User@5485728b]
userweb-app  | ===========getbyname===================
userweb-app  | ----------------Optional[com.example.demo.model.User@186ba000]
userweb-app  | ===========getbyname===================
userweb-app  | ===========getbyname===================
userweb-app  | ----------------Optional[com.example.demo.model.User@1f0c6309]
userweb-app  | ===========getbyname===================
userweb-app  | ----------------Optional[com.example.demo.model.User@46d567f6]
userweb-app  | ===========getbyname===================
userweb-app  | ----------------Optional[com.example.demo.model.User@e0e2cbe]
userweb-app  | ----------------Optional[com.example.demo.model.User@510ffe1d]
userweb-app  | ----------------Optional[com.example.demo.model.User@1f9f9399]
userweb-app  | ===========getbyname===================
userweb-app  | ===========getbyname===================
userweb-app  | ===========getbyname===================
userweb-app  | ===========getbyname===================
userweb-app  | ===========getbyname===================
userweb-app  | ----------------Optional[com.example.demo.model.User@63bb04c4]
userweb-app  | ----------------Optional[com.example.demo.model.User@5907a155]
userweb-app  | ===========getbyname===================
userweb-app  | ===========getbyname===================
userweb-app  | ----------------Optional[com.example.demo.model.User@49292a35]
userweb-app  | ===========getbyname===================
userweb-app  | ===========getbyname===================
userweb-app  | ----------------Optional[com.example.demo.model.User@48c76c85]
userweb-app  | ----------------Optional[com.example.demo.model.User@6fec1841]
userweb-app  | ----------------Optional[com.example.demo.model.User@6babded3]
userweb-app  | ----------------Optional[com.example.demo.model.User@2375bf3f]
userweb-app  | ===========getbyname===================
userweb-app  | ----------------Optional[com.example.demo.model.User@1dd0889c]
userweb-app  | ===========getbyname===================
userweb-app  | ===========getbyname===================
userweb-app  | ----------------Optional[com.example.demo.model.User@1562a5d2]
userweb-app  | ----------------Optional[com.example.demo.model.User@22f30463]
userweb-app  | ----------------Optional[com.example.demo.model.User@71648984]
userweb-app  | ===========getbyname===================
userweb-app  | ===========getbyname===================
userweb-app  | ----------------Optional[com.example.demo.model.User@1bed85d8]
userweb-app  | ===========getbyname===================
userweb-app  | ===========getbyname===================
userweb-app  | ----------------Optional[com.example.demo.model.User@1ab0161d]
userweb-app  | ----------------Optional[com.example.demo.model.User@450085a6]
userweb-app  | ===========getbyname===================
userweb-app  | ----------------Optional[com.example.demo.model.User@3ed46f77]
userweb-app  | ===========getbyname===================
userweb-app  | ===========getbyname===================
userweb-app  | ----------------Optional[com.example.demo.model.User@3e8c7ee8]
userweb-app  | ----------------Optional[com.example.demo.model.User@716bdb06]
userweb-app  | ----------------Optional[com.example.demo.model.User@5946ab2b]
userweb-app  | ===========getbyname===================
userweb-app  | ----------------Optional[com.example.demo.model.User@7364ee27]
userweb-app  | ===========getbyname===================
userweb-app  | ===========getbyname===================
userweb-app  | ===========getbyname===================
userweb-app  | ----------------Optional[com.example.demo.model.User@4c7c47f3]
userweb-app  | ----------------Optional[com.example.demo.model.User@404e38e5]
userweb-app  | ----------------Optional[com.example.demo.model.User@5e3a5cd4]
userweb-app  | ===========getbyname===================
userweb-app  | ----------------Optional[com.example.demo.model.User@45e7e0ce]
userweb-app  | ----------------Optional[com.example.demo.model.User@61cdf6cb]
userweb-app  | ===========getbyname===================
userweb-app  | ----------------Optional[com.example.demo.model.User@130ca376]
userweb-app  | ===========getbyname===================
userweb-app  | ===========getbyname===================
userweb-app  | ----------------Optional[com.example.demo.model.User@59cefc8a]
userweb-app  | ----------------Optional[com.example.demo.model.User@50d77662]
userweb-app  | ===========getbyname===================
userweb-app  | ===========getbyname===================
userweb-app  | ===========getbyname===================
userweb-app  | ----------------Optional[com.example.demo.model.User@6e111531]
userweb-app  | ===========getbyname===================
userweb-app  | ===========getbyname===================
userweb-app  | ----------------Optional[com.example.demo.model.User@2a7b2ebd]
userweb-app  | ----------------Optional[com.example.demo.model.User@30bbaaa7]
userweb-app  | ===========getbyname===================
userweb-app  | ===========getbyname===================
userweb-app  | ----------------Optional[com.example.demo.model.User@2d2cca5b]
userweb-app  | ===========getbyname===================
userweb-app  | ===========getbyname===================
userweb-app  | ----------------Optional[com.example.demo.model.User@292c8605]
userweb-app  | ===========getbyname===================
userweb-app  | ===========getbyname===================
userweb-app  | ----------------Optional[com.example.demo.model.User@218f5a65]
userweb-app  | ===========getbyname===================
userweb-app  | ===========getbyname===================
userweb-app  | ----------------Optional[com.example.demo.model.User@4758be87]
userweb-app  | ===========getbyname===================
userweb-app  | ===========getbyname===================
userweb-app  | ----------------Optional[com.example.demo.model.User@10e8e746]
userweb-app  | ===========getbyname===================
userweb-app  | ----------------Optional[com.example.demo.model.User@325f9488]
userweb-app  | ===========getbyname===================
userweb-app  | ===========getbyname===================
userweb-app  | ===========getbyname===================
userweb-app  | ===========getbyname===================
userweb-app  | ===========getbyname===================
userweb-app  | ===========getbyname===================
userweb-app  | ===========getbyname===================
userweb-app  | ----------------Optional[com.example.demo.model.User@1560440f]
userweb-app  | ===========getbyname===================
userweb-app  | ===========getbyname===================
userweb-app  | ----------------Optional[com.example.demo.model.User@ff09d13]
userweb-app  | ----------------Optional[com.example.demo.model.User@5b17c08d]
userweb-app  | ----------------Optional[com.example.demo.model.User@58773c1b]
userweb-app  | ----------------Optional[com.example.demo.model.User@16da9dc2]
userweb-app  | ----------------Optional[com.example.demo.model.User@668ec9cc]
userweb-app  | ----------------Optional[com.example.demo.model.User@5ac05f6b]
userweb-app  | ===========getbyname===================
userweb-app  | ===========getbyname===================
userweb-app  | ===========getbyname===================
userweb-app  | ----------------Optional[com.example.demo.model.User@2600581a]
userweb-app  | ----------------Optional[com.example.demo.model.User@5993c219]
userweb-app  | ===========getbyname===================
userweb-app  | ----------------Optional[com.example.demo.model.User@29f545fd]
userweb-app  | ===========getbyname===================
userweb-app  | ----------------Optional[com.example.demo.model.User@c448be5]
userweb-app  | ----------------Optional[com.example.demo.model.User@22c02834]
userweb-app  | ===========getbyname===================
userweb-app  | ----------------Optional[com.example.demo.model.User@81314af]
userweb-app  | ===========getbyname===================
userweb-app  | ----------------Optional[com.example.demo.model.User@47ab2ee]
userweb-app  | ----------------Optional[com.example.demo.model.User@21d43cf1]
userweb-app  | ===========getbyname===================
userweb-app  | ===========getbyname===================
userweb-app  | ===========getbyname===================
userweb-app  | ----------------Optional[com.example.demo.model.User@59537466]
userweb-app  | ----------------Optional[com.example.demo.model.User@6938af58]
userweb-app  | ===========getbyname===================
userweb-app  | ----------------Optional[com.example.demo.model.User@1b155099]
userweb-app  | ----------------Optional[com.example.demo.model.User@32ab5802]
userweb-app  | ===========getbyname===================
userweb-app  | ----------------Optional[com.example.demo.model.User@6cdfecc1]
userweb-app  | ===========getbyname===================
userweb-app  | ----------------Optional[com.example.demo.model.User@7506af66]
userweb-app  | ----------------Optional[com.example.demo.model.User@665eb1bf]
userweb-app  | ===========getbyname===================
userweb-app  | ----------------Optional[com.example.demo.model.User@2af0eb22]
userweb-app  | ===========getbyname===================
userweb-app  | ----------------Optional[com.example.demo.model.User@62dba28a]
userweb-app  | ===========getbyname===================
userweb-app  | ===========getbyname===================
userweb-app  | ===========getbyname===================
userweb-app  | ----------------Optional[com.example.demo.model.User@5a59596f]
userweb-app  | ----------------Optional[com.example.demo.model.User@4ab52311]
userweb-app  | ----------------Optional[com.example.demo.model.User@64c97fb8]
userweb-app  | ===========getbyname===================
userweb-app  | ===========getbyname===================
userweb-app  | ===========getbyname===================
userweb-app  | ----------------Optional[com.example.demo.model.User@11324c50]
userweb-app  | ===========getbyname===================
userweb-app  | ----------------Optional[com.example.demo.model.User@39cb64c5]
userweb-app  | ===========getbyname===================
userweb-app  | ----------------Optional[com.example.demo.model.User@68393cb7]
userweb-app  | ===========getbyname===================
userweb-app  | ===========getbyname===================
userweb-app  | ----------------Optional[com.example.demo.model.User@15834617]
userweb-app  | ===========getbyname===================
userweb-app  | ----------------Optional[com.example.demo.model.User@56b60a99]
userweb-app  | ----------------Optional[com.example.demo.model.User@2097b77a]
userweb-app  | ===========getbyname===================
userweb-app  | ----------------Optional[com.example.demo.model.User@41bc09fb]
userweb-app  | ----------------Optional[com.example.demo.model.User@49e65a94]
userweb-app  | ===========getbyname===================
userweb-app  | ===========getbyname===================
userweb-app  | ===========getbyname===================
userweb-app  | ===========getbyname===================
userweb-app  | ----------------Optional[com.example.demo.model.User@184fa7bf]
userweb-app  | ===========getbyname===================
userweb-app  | ----------------Optional[com.example.demo.model.User@535481f5]
userweb-app  | ----------------Optional[com.example.demo.model.User@5f3db29b]
userweb-app  | ----------------Optional[com.example.demo.model.User@2eb8f154]
userweb-app  | ===========getbyname===================
userweb-app  | ----------------Optional[com.example.demo.model.User@5768c99b]
userweb-app  | ===========getbyname===================
userweb-app  | ----------------Optional[com.example.demo.model.User@5b4b2303]
userweb-app  | ===========getbyname===================
userweb-app  | ===========getbyname===================
userweb-app  | ----------------Optional[com.example.demo.model.User@101dabf1]
userweb-app  | ----------------Optional[com.example.demo.model.User@349b3a96]
userweb-app  | ----------------Optional[com.example.demo.model.User@13203590]
userweb-app  | ===========getbyname===================
userweb-app  | ----------------Optional[com.example.demo.model.User@5309a4df]
userweb-app  | ----------------Optional[com.example.demo.model.User@41b66bcb]
userweb-app  | ----------------Optional[com.example.demo.model.User@72df31b4]
userweb-app  | ----------------Optional[com.example.demo.model.User@7fadcfc9]
userweb-app  | ===========getbyname===================
userweb-app  | ----------------Optional[com.example.demo.model.User@45c5c4]
userweb-app  | ===========getbyname===================
userweb-app  | ===========getbyname===================
userweb-app  | ----------------Optional[com.example.demo.model.User@727cc206]
userweb-app  | ===========getbyname===================
userweb-app  | ----------------Optional[com.example.demo.model.User@16efb11b]
userweb-app  | ===========getbyname===================
userweb-app  | ----------------Optional[com.example.demo.model.User@31fe2d25]
userweb-app  | ----------------Optional[com.example.demo.model.User@6b892bfb]
userweb-app  | ----------------Optional[com.example.demo.model.User@6fc5402]
userweb-app  | ----------------Optional[com.example.demo.model.User@74433cd6]
userweb-app  | ===========getbyname===================
userweb-app  | ===========getbyname===================
userweb-app  | ===========getbyname===================
userweb-app  | ----------------Optional[com.example.demo.model.User@6183c125]
userweb-app  | ----------------Optional[com.example.demo.model.User@30959d70]
userweb-app  | ===========getbyname===================
userweb-app  | ----------------Optional[com.example.demo.model.User@6f69f6f2]
userweb-app  | ===========getbyname===================
userweb-app  | ===========getbyname===================
userweb-app  | ===========getbyname===================
userweb-app  | ----------------Optional[com.example.demo.model.User@27f35781]
userweb-app  | ----------------Optional[com.example.demo.model.User@664f76b1]
userweb-app  | ----------------Optional[com.example.demo.model.User@e9c2b07]
userweb-app  | ===========getbyname===================
userweb-app  | ----------------Optional[com.example.demo.model.User@57ca3829]
userweb-app  | ===========getbyname===================
userweb-app  | ----------------Optional[com.example.demo.model.User@74ebc1b0]
userweb-app  | ===========getbyname===================
userweb-app  | ----------------Optional[com.example.demo.model.User@6d45dccb]
userweb-app  | ----------------Optional[com.example.demo.model.User@669ede75]
userweb-app  | ----------------Optional[com.example.demo.model.User@33c33177]
userweb-app  | ----------------Optional[com.example.demo.model.User@28853bc3]
userweb-app  | ----------------Optional[com.example.demo.model.User@1f6ed87f]
userweb-app  | ----------------Optional[com.example.demo.model.User@14d00110]
userweb-app  | ----------------Optional[com.example.demo.model.User@2aada7e5]
userweb-app  | ----------------Optional[com.example.demo.model.User@3e1a0fd0]
userweb-app  | ----------------Optional[com.example.demo.model.User@2e946a93]
userweb-app  | ----------------Optional[com.example.demo.model.User@6c171835]
userweb-app  | ===========getbyname===================
userweb-app  | ===========getbyname===================
userweb-app  | ----------------Optional[com.example.demo.model.User@73ef1059]
userweb-app  | ===========getbyname===================
userweb-app  | ===========getbyname===================
userweb-app  | ----------------Optional[com.example.demo.model.User@5d7fdea6]
userweb-app  | ----------------Optional[com.example.demo.model.User@30eb1834]
userweb-app  | ----------------Optional[com.example.demo.model.User@7b9278ae]
userweb-app  | ===========getbyname===================
userweb-app  | ===========getbyname===================
userweb-app  | ----------------Optional[com.example.demo.model.User@63b6475e]
userweb-app  | ===========getbyname===================
userweb-app  | ===========getbyname===================
userweb-app  | ----------------Optional[com.example.demo.model.User@6fc61da]
userweb-app  | ----------------Optional[com.example.demo.model.User@4e166ad7]
userweb-app  | ----------------Optional[com.example.demo.model.User@5f1be63f]
userweb-app  | ----------------Optional[com.example.demo.model.User@136753c2]
userweb-app  | ----------------Optional[com.example.demo.model.User@44b9c986]
userweb-app  | ----------------Optional[com.example.demo.model.User@4152ee60]
userweb-app  | ===========getbyname===================
userweb-app  | ----------------Optional[com.example.demo.model.User@3018e048]
userweb-app  | ===========getbyname===================
userweb-app  | ===========getbyname===================
userweb-app  | ===========getbyname===================
userweb-app  | ===========getbyname===================
userweb-app  | ===========getbyname===================
userweb-app  | ===========getbyname===================
userweb-app  | ----------------Optional[com.example.demo.model.User@65729b2]
userweb-app  | ===========getbyname===================
userweb-app  | ----------------Optional[com.example.demo.model.User@382645bc]
userweb-app  | ----------------Optional[com.example.demo.model.User@5b0aa73f]
userweb-app  | ----------------Optional[com.example.demo.model.User@359dc25d]
userweb-app  | ----------------Optional[com.example.demo.model.User@7ed6f21d]
userweb-app  | ----------------Optional[com.example.demo.model.User@2ed68d6a]
userweb-app  | ----------------Optional[com.example.demo.model.User@2e31c4a1]
userweb-app  | ===========getbyname===================
userweb-app  | ===========getbyname===================
userweb-app  | ----------------Optional[com.example.demo.model.User@bc8db26]
userweb-app  | ===========getbyname===================
userweb-app  | ===========getbyname===================
userweb-app  | ===========getbyname===================
userweb-app  | ----------------Optional[com.example.demo.model.User@38c214c2]
userweb-app  | ===========getbyname===================
userweb-app  | ===========getbyname===================
userweb-app  | ----------------Optional[com.example.demo.model.User@5eb5a932]
userweb-app  | ----------------Optional[com.example.demo.model.User@a5e3071]
userweb-app  | ----------------Optional[com.example.demo.model.User@2e89bc01]
userweb-app  | ----------------Optional[com.example.demo.model.User@6da6dff8]
userweb-app  | ===========getbyname===================
userweb-app  | ===========getbyname===================
userweb-app  | ----------------Optional[com.example.demo.model.User@627d03a5]
userweb-app  | ===========getbyname===================
userweb-app  | ===========getbyname===================
userweb-app  | ===========getbyname===================
userweb-app  | ----------------Optional[com.example.demo.model.User@7bdcbfaf]
userweb-app  | ----------------Optional[com.example.demo.model.User@3556f5dc]
userweb-app  | ----------------Optional[com.example.demo.model.User@4d3d335]
userweb-app  | ===========getbyname===================
userweb-app  | ----------------Optional[com.example.demo.model.User@3a243f79]
userweb-app  | ===========getbyname===================
userweb-app  | ===========getbyname===================
userweb-app  | ===========getbyname===================
userweb-app  | ===========getbyname===================
userweb-app  | ----------------Optional[com.example.demo.model.User@41d0aa31]
userweb-app  | ----------------Optional[com.example.demo.model.User@a134258]
userweb-app  | ----------------Optional[com.example.demo.model.User@4e353a5b]
userweb-app  | ----------------Optional[com.example.demo.model.User@4a36a55]
userweb-app  | ----------------Optional[com.example.demo.model.User@2fdd35c7]
userweb-app  | ----------------Optional[com.example.demo.model.User@649dc962]
userweb-app  | ===========getbyname===================
userweb-app  | ----------------Optional[com.example.demo.model.User@649efb4f]
userweb-app  | ===========getbyname===================
userweb-app  | ===========getbyname===================
userweb-app  | ===========getbyname===================
userweb-app  | ----------------Optional[com.example.demo.model.User@3566b350]
userweb-app  | ----------------Optional[com.example.demo.model.User@a2a9eb0]
userweb-app  | ===========getbyname===================
userweb-app  | ===========getbyname===================
userweb-app  | ===========getbyname===================
userweb-app  | ----------------Optional[com.example.demo.model.User@28089071]
userweb-app  | ----------------Optional[com.example.demo.model.User@61f3ea09]
userweb-app  | ----------------Optional[com.example.demo.model.User@6a8f95ed]
userweb-app  | ===========getbyname===================
userweb-app  | ----------------Optional[com.example.demo.model.User@3173890f]
userweb-app  | ===========getbyname===================
userweb-app  | ===========getbyname===================
userweb-app  | ===========getbyname===================
userweb-app  | ----------------Optional[com.example.demo.model.User@2a2be689]
userweb-app  | ----------------Optional[com.example.demo.model.User@6bd514fd]
userweb-app  | ===========getbyname===================
userweb-app  | ===========getbyname===================
userweb-app  | ===========getbyname===================
userweb-app  | ===========getbyname===================
userweb-app  | ===========getbyname===================
userweb-app  | ===========getbyname===================
userweb-app  | ===========getbyname===================
userweb-app  | ===========getbyname===================
userweb-app  | ===========getbyname===================
userweb-app  | ----------------Optional[com.example.demo.model.User@7e7ad788]
userweb-app  | ===========getbyname===================
userweb-app  | ----------------Optional[com.example.demo.model.User@13cb072e]
userweb-app  | ----------------Optional[com.example.demo.model.User@4e864452]
userweb-app  | ===========getbyname===================
userweb-app  | ===========getbyname===================
userweb-app  | ----------------Optional[com.example.demo.model.User@7881116d]
userweb-app  | ===========getbyname===================
userweb-app  | ===========getbyname===================
userweb-app  | ----------------Optional[com.example.demo.model.User@77f65ae1]
userweb-app  | ----------------Optional[com.example.demo.model.User@28d473a]
userweb-app  | ===========getbyname===================
userweb-app  | ----------------Optional[com.example.demo.model.User@148019ed]
userweb-app  | ----------------Optional[com.example.demo.model.User@7bfd151d]
userweb-app  | ----------------Optional[com.example.demo.model.User@521cddea]
userweb-app  | ===========getbyname===================
userweb-app  | ----------------Optional[com.example.demo.model.User@b613bc9]
userweb-app  | ----------------Optional[com.example.demo.model.User@28dec8ed]
userweb-app  | ===========getbyname===================
userweb-app  | ----------------Optional[com.example.demo.model.User@6ffffc0c]
userweb-app  | ----------------Optional[com.example.demo.model.User@387b398f]
userweb-app  | ----------------Optional[com.example.demo.model.User@60a00ee]
userweb-app  | ===========getbyname===================
userweb-app  | ----------------Optional[com.example.demo.model.User@3ad5e249]
userweb-app  | ----------------Optional[com.example.demo.model.User@3d88ad2]
userweb-app  | ===========getbyname===================
userweb-app  | ===========getbyname===================
userweb-app  | ----------------Optional[com.example.demo.model.User@6bf3ad34]
userweb-app  | ===========getbyname===================
userweb-app  | ===========getbyname===================
userweb-app  | ----------------Optional[com.example.demo.model.User@48e4df50]
userweb-app  | ===========getbyname===================
userweb-app  | ===========getbyname===================
userweb-app  | ----------------Optional[com.example.demo.model.User@13e9b1c1]
userweb-app  | ===========getbyname===================
userweb-app  | ----------------Optional[com.example.demo.model.User@88384ad]
userweb-app  | ----------------Optional[com.example.demo.model.User@2c66a8cb]
userweb-app  | ----------------Optional[com.example.demo.model.User@72c1ee71]
userweb-app  | ----------------Optional[com.example.demo.model.User@7ed42b7b]
userweb-app  | ===========getbyname===================
userweb-app  | ===========getbyname===================
userweb-app  | ----------------Optional[com.example.demo.model.User@52ca7f24]
userweb-app  | ===========getbyname===================
userweb-app  | ===========getbyname===================
userweb-app  | ----------------Optional[com.example.demo.model.User@1f239aea]
userweb-app  | ===========getbyname===================
userweb-app  | ===========getbyname===================
userweb-app  | ----------------Optional[com.example.demo.model.User@290d93ca]
userweb-app  | ===========getbyname===================
userweb-app  | ===========getbyname===================
userweb-app  | ----------------Optional[com.example.demo.model.User@34cb44b]
userweb-app  | ===========getbyname===================
userweb-app  | ----------------Optional[com.example.demo.model.User@7a38f38e]
userweb-app  | ----------------Optional[com.example.demo.model.User@359ead9f]
userweb-app  | ===========getbyname===================
userweb-app  | ===========getbyname===================
userweb-app  | ----------------Optional[com.example.demo.model.User@15d8f6ab]
userweb-app  | ===========getbyname===================
userweb-app  | ----------------Optional[com.example.demo.model.User@3ef5d77b]
userweb-app  | ----------------Optional[com.example.demo.model.User@50b59619]
userweb-app  | ----------------Optional[com.example.demo.model.User@247f0fd7]
userweb-app  | ===========getbyname===================
userweb-app  | ===========getbyname===================
userweb-app  | ----------------Optional[com.example.demo.model.User@4f663071]
userweb-app  | ===========getbyname===================
userweb-app  | ----------------Optional[com.example.demo.model.User@1f9d8805]
userweb-app  | ----------------Optional[com.example.demo.model.User@44ae560]
userweb-app  | ===========getbyname===================
userweb-app  | ===========getbyname===================
userweb-app  | ===========getbyname===================
userweb-app  | ----------------Optional[com.example.demo.model.User@53ed08ab]
userweb-app  | ----------------Optional[com.example.demo.model.User@258d86d]
userweb-app  | ----------------Optional[com.example.demo.model.User@7c07d62c]
userweb-app  | ----------------Optional[com.example.demo.model.User@540ebbcf]
userweb-app  | ----------------Optional[com.example.demo.model.User@10680fa]
userweb-app  | ----------------Optional[com.example.demo.model.User@48cffbbc]
userweb-app  | ===========getbyname===================
userweb-app  | ===========getbyname===================
userweb-app  | ----------------Optional[com.example.demo.model.User@529aee43]
userweb-app  | ===========getbyname===================
userweb-app  | ----------------Optional[com.example.demo.model.User@5ac13bc]
userweb-app  | ----------------Optional[com.example.demo.model.User@12ee11d1]
userweb-app  | ----------------Optional[com.example.demo.model.User@35b4b97f]
userweb-app  | ===========getbyname===================
userweb-app  | ----------------Optional[com.example.demo.model.User@1e9ef151]
userweb-app  | ===========getbyname===================
userweb-app  | ----------------Optional[com.example.demo.model.User@abeefe6]
userweb-app  | ----------------Optional[com.example.demo.model.User@d7a279c]
userweb-app  | ----------------Optional[com.example.demo.model.User@a2b21c2]
userweb-app  | ===========getbyname===================
userweb-app  | ===========getbyname===================
userweb-app  | ===========getbyname===================
userweb-app  | ===========getbyname===================
userweb-app  | ----------------Optional[com.example.demo.model.User@3fd4bfbc]
userweb-app  | ----------------Optional[com.example.demo.model.User@aa0cdd7]
userweb-app  | ===========getbyname===================
userweb-app  | ----------------Optional[com.example.demo.model.User@74fc10cb]
userweb-app  | ----------------Optional[com.example.demo.model.User@62df3416]
userweb-app  | ===========getbyname===================
userweb-app  | ===========getbyname===================
userweb-app  | ----------------Optional[com.example.demo.model.User@527c4be1]
userweb-app  | ----------------Optional[com.example.demo.model.User@676f5e4]
userweb-app  | ----------------Optional[com.example.demo.model.User@29d2e167]
userweb-app  | ===========getbyname===================
userweb-app  | ===========getbyname===================
userweb-app  | ----------------Optional[com.example.demo.model.User@5661a886]
userweb-app  | ===========getbyname===================
userweb-app  | ----------------Optional[com.example.demo.model.User@4b1e330a]
userweb-app  | ----------------Optional[com.example.demo.model.User@6ece7991]
userweb-app  | ===========getbyname===================
userweb-app  | ----------------Optional[com.example.demo.model.User@16cd7f27]
userweb-app  | ===========getbyname===================
userweb-app  | ===========getbyname===================
userweb-app  | ===========getbyname===================
userweb-app  | ----------------Optional[com.example.demo.model.User@51e6b259]
userweb-app  | ===========getbyname===================
userweb-app  | ----------------Optional[com.example.demo.model.User@6c197c8c]
userweb-app  | ----------------Optional[com.example.demo.model.User@1f329f54]
userweb-app  | ===========getbyname===================
userweb-app  | ===========getbyname===================
userweb-app  | ----------------Optional[com.example.demo.model.User@73ba3a63]
userweb-app  | ----------------Optional[com.example.demo.model.User@3ee6ffbe]
userweb-app  | ===========getbyname===================
userweb-app  | ===========getbyname===================
userweb-app  | ----------------Optional[com.example.demo.model.User@196fb266]
userweb-app  | ----------------Optional[com.example.demo.model.User@1ffb67f0]
userweb-app  | ----------------Optional[com.example.demo.model.User@3021a249]
userweb-app  | ===========getbyname===================
userweb-app  | ===========getbyname===================
userweb-app  | ----------------Optional[com.example.demo.model.User@45331d83]
userweb-app  | ===========getbyname===================
userweb-app  | ----------------Optional[com.example.demo.model.User@284aa3df]
userweb-app  | ===========getbyname===================
userweb-app  | ----------------Optional[com.example.demo.model.User@3da0783]
userweb-app  | ===========getbyname===================
userweb-app  | ----------------Optional[com.example.demo.model.User@6f716cf]
userweb-app  | ===========getbyname===================
userweb-app  | ----------------Optional[com.example.demo.model.User@3529be05]
userweb-app  | ===========getbyname===================
userweb-app  | ===========getbyname===================
userweb-app  | ===========getbyname===================
userweb-app  | ----------------Optional[com.example.demo.model.User@8028590]
userweb-app  | ===========getbyname===================
userweb-app  | ===========getbyname===================
userweb-app  | ----------------Optional[com.example.demo.model.User@45d1a673]
userweb-app  | ----------------Optional[com.example.demo.model.User@6f4ce532]
userweb-app  | ----------------Optional[com.example.demo.model.User@6b08ca5c]
userweb-app  | ----------------Optional[com.example.demo.model.User@2cc74f09]
userweb-app  | ===========getbyname===================
userweb-app  | ----------------Optional[com.example.demo.model.User@2db4f57b]
userweb-app  | ===========getbyname===================
userweb-app  | ===========getbyname===================
userweb-app  | ----------------Optional[com.example.demo.model.User@cc009ac]
userweb-app  | ----------------Optional[com.example.demo.model.User@22dd01c7]
userweb-app  | ===========getbyname===================
userweb-app  | ----------------Optional[com.example.demo.model.User@172e658]
userweb-app  | ===========getbyname===================
userweb-app  | ----------------Optional[com.example.demo.model.User@73807f6]
userweb-app  | ===========getbyname===================
userweb-app  | ----------------Optional[com.example.demo.model.User@6205efc2]
userweb-app  | ===========getbyname===================
userweb-app  | ----------------Optional[com.example.demo.model.User@146540d9]
userweb-app  | ===========getbyname===================
userweb-app  | ===========getbyname===================
userweb-app  | ----------------Optional[com.example.demo.model.User@7c177946]
userweb-app  | === USERS === http-nio-8080-exec-10 JWT成功 username=test22
userweb-app  | === USERS AUTH === http-nio-8080-exec-10 username=test22
userweb-app  | ===========getbyname===================
userweb-app  | ----------------Optional[com.example.demo.model.User@206fd909]
userweb-app  | ===========getbyname===================
userweb-app  | ===========getbyname===================
userweb-app  | ----------------Optional[com.example.demo.model.User@4442ee74]
userweb-app  | ===========getbyname===================
userweb-app  | ===========getbyname===================
userweb-app  | ===========getbyname===================
userweb-app  | ----------------Optional[com.example.demo.model.User@5f6ce0f1]
userweb-app  | ----------------Optional[com.example.demo.model.User@6ada566c]
userweb-app  | ===========getbyname===================
userweb-app  | ----------------Optional[com.example.demo.model.User@20203655]
userweb-app  | ----------------Optional[com.example.demo.model.User@29684edb]
userweb-app  | ===========getbyname===================
userweb-app  | ----------------Optional[com.example.demo.model.User@632434b6]
userweb-app  | ----------------Optional[com.example.demo.model.User@5486c67b]
userweb-app  | ----------------Optional[com.example.demo.model.User@6d59e5c9]
userweb-app  | === USERS === http-nio-8080-exec-5 JWT成功 username=test10
userweb-app  | === USERS AUTH === http-nio-8080-exec-5 username=test10
userweb-app  | ===========getbyname===================
userweb-app  | ----------------Optional[com.example.demo.model.User@4dd34f7f]
userweb-app  | ===========getbyname===================
userweb-app  | ===========getbyname===================
userweb-app  | ===========getbyname===================
userweb-app  | ----------------Optional[com.example.demo.model.User@6f639a4a]
userweb-app  | === USERS === http-nio-8080-exec-7 JWT成功 username=test39
userweb-app  | === USERS AUTH === http-nio-8080-exec-7 username=test39
userweb-app  | ----------------Optional[com.example.demo.model.User@6d5663f3]
userweb-app  | ===========getbyname===================
userweb-app  | ===========getbyname===================
userweb-app  | ----------------Optional[com.example.demo.model.User@286c8a2f]
userweb-app  | ----------------Optional[com.example.demo.model.User@6680312f]
userweb-app  | ===========getbyname===================
userweb-app  | ----------------Optional[com.example.demo.model.User@70c2fca]
userweb-app  | ===========getbyname===================
userweb-app  | ----------------Optional[com.example.demo.model.User@6356376]
userweb-app  | ===========getbyname===================
userweb-app  | ===========getbyname===================
userweb-app  | ===========getbyname===================
userweb-app  | ----------------Optional[com.example.demo.model.User@56efebbb]
userweb-app  | ----------------Optional[com.example.demo.model.User@50c1c07e]
userweb-app  | ----------------Optional[com.example.demo.model.User@5e4546d6]
userweb-app  | ----------------Optional[com.example.demo.model.User@6185b912]
userweb-app  | ===========getbyname===================
userweb-app  | ===========getbyname===================
userweb-app  | ===========getbyname===================
userweb-app  | ===========getbyname===================
userweb-app  | ===========getbyname===================
userweb-app  | ----------------Optional[com.example.demo.model.User@45e42dcc]
userweb-app  | ----------------Optional[com.example.demo.model.User@4d50e75d]
userweb-app  | ===========getbyname===================
userweb-app  | ===========getbyname===================
userweb-app  | ----------------Optional[com.example.demo.model.User@6c854168]
userweb-app  | ===========getbyname===================
userweb-app  | ===========getbyname===================
userweb-app  | ===========getbyname===================
userweb-app  | ----------------Optional[com.example.demo.model.User@5cb75231]
userweb-app  | ----------------Optional[com.example.demo.model.User@41044407]
userweb-app  | === USERS === http-nio-8080-exec-43 JWT成功 username=test6
userweb-app  | === USERS AUTH === http-nio-8080-exec-43 username=test6
userweb-app  | ===========getbyname===================
userweb-app  | ----------------Optional[com.example.demo.model.User@774e96fc]
userweb-app  | ----------------Optional[com.example.demo.model.User@52519a3f]
userweb-app  | ===========getbyname===================
userweb-app  | ===========getbyname===================
userweb-app  | ===========getbyname===================
userweb-app  | ----------------Optional[com.example.demo.model.User@1daad846]
userweb-app  | === USERS === http-nio-8080-exec-44 JWT成功 username=test24
userweb-app  | === USERS AUTH === http-nio-8080-exec-44 username=test24
userweb-app  | ----------------Optional[com.example.demo.model.User@5b8cb89b]
userweb-app  | ----------------Optional[com.example.demo.model.User@7e270fa5]
userweb-app  | === USERS === http-nio-8080-exec-29 JWT成功 username=test34
userweb-app  | === USERS AUTH === http-nio-8080-exec-29 username=test34
userweb-app  | ===========getbyname===================
userweb-app  | ===========getbyname===================
userweb-app  | === USERS === http-nio-8080-exec-14 JWT成功 username=test36
userweb-app  | === USERS AUTH === http-nio-8080-exec-14 username=test36
userweb-app  | ===========getbyname===================
userweb-app  | ===========getbyname===================
userweb-app  | === USERS === http-nio-8080-exec-2 JWT成功 username=test17
userweb-app  | === USERS AUTH === http-nio-8080-exec-2 username=test17
userweb-app  | ===========getbyname===================
userweb-app  | ===========getbyname===================
userweb-app  | === USERS === http-nio-8080-exec-1 JWT成功 username=test16
userweb-app  | === USERS AUTH === http-nio-8080-exec-1 username=test16
userweb-app  | ===========getbyname===================
userweb-app  | ===========getbyname===================
userweb-app  | ----------------Optional[com.example.demo.model.User@31e4d8c3]
userweb-app  | ----------------Optional[com.example.demo.model.User@4179d78e]
userweb-app  | ----------------Optional[com.example.demo.model.User@6068d97c]
userweb-app  | ----------------Optional[com.example.demo.model.User@277784a4]
userweb-app  | ===========getbyname===================
userweb-app  | ----------------Optional[com.example.demo.model.User@584120c8]
userweb-app  | === USERS === http-nio-8080-exec-33 JWT成功 username=test40
userweb-app  | === USERS AUTH === http-nio-8080-exec-33 username=test40
userweb-app  | ===========getbyname===================
userweb-app  | ===========getbyname===================
userweb-app  | ===========getbyname===================
userweb-app  | ----------------Optional[com.example.demo.model.User@4886b77b]
userweb-app  | ----------------Optional[com.example.demo.model.User@7238db5a]
userweb-app  | ===========getbyname===================
userweb-app  | ----------------Optional[com.example.demo.model.User@7821583d]
userweb-app  | ===========getbyname===================
userweb-app  | ----------------Optional[com.example.demo.model.User@4aa9d5c6]
userweb-app  | ===========getbyname===================
userweb-app  | === USERS === http-nio-8080-exec-46 JWT成功 username=test37
userweb-app  | === USERS AUTH === http-nio-8080-exec-46 username=test37
userweb-app  | ----------------Optional[com.example.demo.model.User@7dc12dcf]
userweb-app  | ----------------Optional[com.example.demo.model.User@13ebf808]
userweb-app  | ----------------Optional[com.example.demo.model.User@5edbfaca]
userweb-app  | ===========getbyname===================
userweb-app  | ===========getbyname===================
userweb-app  | ----------------Optional[com.example.demo.model.User@42934b6b]
userweb-app  | ----------------Optional[com.example.demo.model.User@1b12c227]
userweb-app  | ===========getbyname===================
userweb-app  | ----------------Optional[com.example.demo.model.User@756eaf4f]
userweb-app  | ----------------Optional[com.example.demo.model.User@2a47cb10]
userweb-app  | ----------------Optional[com.example.demo.model.User@6c668ad7]
userweb-app  | ===========getbyname===================
userweb-app  | ===========getbyname===================
userweb-app  | ===========getbyname===================
userweb-app  | ----------------Optional[com.example.demo.model.User@12ea0152]
userweb-app  | === USERS === http-nio-8080-exec-51 JWT成功 username=test50
userweb-app  | === USERS AUTH === http-nio-8080-exec-51 username=test50
userweb-app  | ----------------Optional[com.example.demo.model.User@5a48ae25]
userweb-app  | ===========getbyname===================
userweb-app  | ----------------Optional[com.example.demo.model.User@4d3e22d4]
userweb-app  | ----------------Optional[com.example.demo.model.User@8e4f757]
userweb-app  | ===========getbyname===================
userweb-app  | ===========getbyname===================
userweb-app  | ===========getbyname===================
userweb-app  | ----------------Optional[com.example.demo.model.User@33e67ebc]
userweb-app  | ----------------Optional[com.example.demo.model.User@2e0a2cd6]
userweb-app  | ----------------Optional[com.example.demo.model.User@15736b15]
userweb-app  | === USERS === http-nio-8080-exec-48 JWT成功 username=test41
userweb-app  | === USERS AUTH === http-nio-8080-exec-48 username=test41
userweb-app  | ===========getbyname===================
userweb-app  | === USERS === http-nio-8080-exec-36 JWT成功 username=test2
userweb-app  | === USERS AUTH === http-nio-8080-exec-36 username=test2
userweb-app  | ===========getbyname===================
userweb-app  | ===========getbyname===================
userweb-app  | === USERS === http-nio-8080-exec-17 JWT成功 username=test13
userweb-app  | === USERS AUTH === http-nio-8080-exec-17 username=test13
userweb-app  | ===========getbyname===================
userweb-app  | ----------------Optional[com.example.demo.model.User@e237074]
userweb-app  | ----------------Optional[com.example.demo.model.User@95b0d58]
userweb-app  | ----------------Optional[com.example.demo.model.User@6fbfac96]
userweb-app  | ===========getbyname===================
userweb-app  | ----------------Optional[com.example.demo.model.User@59217433]
userweb-app  | ===========getbyname===================
userweb-app  | === USERS === http-nio-8080-exec-50 JWT成功 username=test47
userweb-app  | === USERS AUTH === http-nio-8080-exec-50 username=test47
userweb-app  | ===========getbyname===================
userweb-app  | ----------------Optional[com.example.demo.model.User@15f2939c]
userweb-app  | ----------------Optional[com.example.demo.model.User@6b6faa68]
userweb-app  | ----------------Optional[com.example.demo.model.User@62326fb0]
userweb-app  | ----------------Optional[com.example.demo.model.User@36e13c5b]
userweb-app  | ----------------Optional[com.example.demo.model.User@259b34ae]
userweb-app  | ===========getbyname===================
userweb-app  | ----------------Optional[com.example.demo.model.User@105442af]
userweb-app  | ===========getbyname===================
userweb-app  | ===========getbyname===================
userweb-app  | ----------------Optional[com.example.demo.model.User@6a817a48]
userweb-app  | === USERS === http-nio-8080-exec-26 JWT成功 username=test27
userweb-app  | === USERS AUTH === http-nio-8080-exec-26 username=test27
userweb-app  | ===========getbyname===================
userweb-app  | ----------------Optional[com.example.demo.model.User@6411e3bf]
userweb-app  | ----------------Optional[com.example.demo.model.User@6c786237]
userweb-app  | === USERS === http-nio-8080-exec-32 JWT成功 username=test43
userweb-app  | === USERS AUTH === http-nio-8080-exec-32 username=test43
userweb-app  | ===========getbyname===================
userweb-app  | ===========getbyname===================
userweb-app  | ----------------Optional[com.example.demo.model.User@36abddfb]
userweb-app  | ----------------Optional[com.example.demo.model.User@1dbdbce6]
userweb-app  | ----------------Optional[com.example.demo.model.User@5852e551]
userweb-app  | ===========getbyname===================
userweb-app  | ===========getbyname===================
userweb-app  | ===========getbyname===================
userweb-app  | ===========getbyname===================
userweb-app  | ----------------Optional[com.example.demo.model.User@54db93d7]
userweb-app  | ----------------Optional[com.example.demo.model.User@28d2bb00]
userweb-app  | ===========getbyname===================
userweb-app  | ===========getbyname===================
userweb-app  | ----------------Optional[com.example.demo.model.User@1e26693b]
userweb-app  | ===========getbyname===================
userweb-app  | ----------------Optional[com.example.demo.model.User@7b805bf8]
userweb-app  | ----------------Optional[com.example.demo.model.User@6ecf2269]
userweb-app  | ===========getbyname===================
userweb-app  | ----------------Optional[com.example.demo.model.User@706fb3dd]
userweb-app  | === USERS === http-nio-8080-exec-38 JWT成功 username=test42
userweb-app  | === USERS AUTH === http-nio-8080-exec-38 username=test42
userweb-app  | === USERS === http-nio-8080-exec-49 JWT成功 username=test25
userweb-app  | === USERS AUTH === http-nio-8080-exec-49 username=test25
userweb-app  | ===========getbyname===================
userweb-app  | ----------------Optional[com.example.demo.model.User@ca6209b]
userweb-app  | ===========getbyname===================
userweb-app  | === USERS === http-nio-8080-exec-3 JWT成功 username=test23
userweb-app  | === USERS AUTH === http-nio-8080-exec-3 username=test23
userweb-app  | ===========getbyname===================
userweb-app  | ===========getbyname===================
userweb-app  | ===========getbyname===================
userweb-app  | ----------------Optional[com.example.demo.model.User@6e786ad3]
userweb-app  | ----------------Optional[com.example.demo.model.User@3690e89]
userweb-app  | ===========getbyname===================
userweb-app  | ===========getbyname===================
userweb-app  | ----------------Optional[com.example.demo.model.User@19ea9aff]
userweb-app  | === USERS === http-nio-8080-exec-23 JWT成功 username=test21
userweb-app  | === USERS AUTH === http-nio-8080-exec-23 username=test21
userweb-app  | === USERS === http-nio-8080-exec-27 JWT成功 username=test3
userweb-app  | === USERS AUTH === http-nio-8080-exec-27 username=test3
userweb-app  | ===========getbyname===================
userweb-app  | ===========getbyname===================
userweb-app  | ----------------Optional[com.example.demo.model.User@59355d3e]
userweb-app  | ----------------Optional[com.example.demo.model.User@fd7f69]
userweb-app  | ----------------Optional[com.example.demo.model.User@2d8e8fde]
userweb-app  | ===========getbyname===================
userweb-app  | ----------------Optional[com.example.demo.model.User@7e397881]
userweb-app  | ----------------Optional[com.example.demo.model.User@3086776a]
userweb-app  | === USERS === http-nio-8080-exec-28 JWT成功 username=test46
userweb-app  | === USERS AUTH === http-nio-8080-exec-28 username=test46
userweb-app  | ===========getbyname===================
userweb-app  | ----------------Optional[com.example.demo.model.User@75e59cbd]
userweb-app  | === USERS === http-nio-8080-exec-42 JWT成功 username=test33
userweb-app  | === USERS AUTH === http-nio-8080-exec-42 username=test33
userweb-app  | ===========getbyname===================
userweb-app  | ----------------Optional[com.example.demo.model.User@19afa0c2]
userweb-app  | ----------------Optional[com.example.demo.model.User@6d0e32b]
userweb-app  | === USERS === http-nio-8080-exec-4 JWT成功 username=test20
userweb-app  | === USERS AUTH === http-nio-8080-exec-4 username=test20
userweb-app  | === USERS === http-nio-8080-exec-30 JWT成功 username=test18
userweb-app  | === USERS AUTH === http-nio-8080-exec-30 username=test18
userweb-app  | ===========getbyname===================
userweb-app  | ----------------Optional[com.example.demo.model.User@6dd40f5]
userweb-app  | ----------------Optional[com.example.demo.model.User@24d55189]
userweb-app  | ===========getbyname===================
userweb-app  | === USERS === http-nio-8080-exec-24 JWT成功 username=test44
userweb-app  | === USERS AUTH === http-nio-8080-exec-24 username=test44
userweb-app  | ----------------Optional[com.example.demo.model.User@5ae01809]
userweb-app  | ===========getbyname===================
userweb-app  | ----------------Optional[com.example.demo.model.User@3d0e120c]
userweb-app  | ----------------Optional[com.example.demo.model.User@356420f0]
userweb-app  | ===========getbyname===================
userweb-app  | ===========getbyname===================
userweb-app  | ===========getbyname===================
userweb-app  | ===========getbyname===================
userweb-app  | ===========getbyname===================
userweb-app  | ===========getbyname===================
userweb-app  | ----------------Optional[com.example.demo.model.User@2b2e758d]
userweb-app  | ----------------Optional[com.example.demo.model.User@7797a1de]
userweb-app  | ===========getbyname===================
userweb-app  | ----------------Optional[com.example.demo.model.User@224c26ea]
userweb-app  | ----------------Optional[com.example.demo.model.User@4b3e504b]
userweb-app  | ===========getbyname===================
userweb-app  | ----------------Optional[com.example.demo.model.User@2efe532c]
userweb-app  | === USERS === http-nio-8080-exec-18 JWT成功 username=test49
userweb-app  | === USERS AUTH === http-nio-8080-exec-18 username=test49
userweb-app  | ===========getbyname===================
userweb-app  | ----------------Optional[com.example.demo.model.User@5548d355]
userweb-app  | === USERS === http-nio-8080-exec-16 JWT成功 username=test38
userweb-app  | === USERS AUTH === http-nio-8080-exec-16 username=test38
userweb-app  | ===========getbyname===================
userweb-app  | ----------------Optional[com.example.demo.model.User@5409be3b]
userweb-app  | ----------------Optional[com.example.demo.model.User@f89555]
userweb-app  | ----------------Optional[com.example.demo.model.User@553e6db3]
userweb-app  | ===========getbyname===================
userweb-app  | ----------------Optional[com.example.demo.model.User@2bc49628]
userweb-app  | === USERS === http-nio-8080-exec-12 JWT成功 username=test11
userweb-app  | ----------------Optional[com.example.demo.model.User@30cde668]
userweb-app  | === USERS AUTH === http-nio-8080-exec-12 username=test11
userweb-app  | ===========getbyname===================
userweb-app  | ----------------Optional[com.example.demo.model.User@c6ba4ee]
userweb-app  | ----------------Optional[com.example.demo.model.User@4b9a6207]
userweb-app  | ===========getbyname===================
userweb-app  | ----------------Optional[com.example.demo.model.User@6f5f8878]
userweb-app  | ----------------Optional[com.example.demo.model.User@7a12ae9]
userweb-app  | ===========getbyname===================
userweb-app  | ----------------Optional[com.example.demo.model.User@4167fbb9]
userweb-app  | === USERS === http-nio-8080-exec-21 JWT成功 username=test4
userweb-app  | === USERS AUTH === http-nio-8080-exec-21 username=test4
userweb-app  | === USERS === http-nio-8080-exec-11 JWT成功 username=test32
userweb-app  | === USERS AUTH === http-nio-8080-exec-11 username=test32
userweb-app  | ===========getbyname===================
userweb-app  | === USERS === http-nio-8080-exec-39 JWT成功 username=test48
userweb-app  | === USERS AUTH === http-nio-8080-exec-39 username=test48
userweb-app  | ===========getbyname===================
userweb-app  | ----------------Optional[com.example.demo.model.User@3322b3a8]
userweb-app  | === USERS === http-nio-8080-exec-6 JWT成功 username=test19
userweb-app  | === USERS AUTH === http-nio-8080-exec-6 username=test19
userweb-app  | ===========getbyname===================
userweb-app  | ===========getbyname===================
userweb-app  | === USERS === http-nio-8080-exec-25 JWT成功 username=test26
userweb-app  | === USERS AUTH === http-nio-8080-exec-25 username=test26
userweb-app  | ----------------Optional[com.example.demo.model.User@6eb121cb]
userweb-app  | ===========getbyname===================
userweb-app  | ----------------Optional[com.example.demo.model.User@50a0b562]
userweb-app  | ===========getbyname===================
userweb-app  | ===========getbyname===================
userweb-app  | ----------------Optional[com.example.demo.model.User@359f66c1]
userweb-app  | ----------------Optional[com.example.demo.model.User@6ac68e58]
userweb-app  | ===========getbyname===================
userweb-app  | ----------------Optional[com.example.demo.model.User@23b026c]
userweb-app  | === USERS === http-nio-8080-exec-19 JWT成功 username=test5
userweb-app  | === USERS AUTH === http-nio-8080-exec-19 username=test5
userweb-app  | ----------------Optional[com.example.demo.model.User@d0de7db]
userweb-app  | ----------------Optional[com.example.demo.model.User@36838d68]
userweb-app  | ----------------Optional[com.example.demo.model.User@589b4fab]
userweb-app  | ===========getbyname===================
userweb-app  | === USERS === http-nio-8080-exec-9 JWT成功 username=test31
userweb-app  | === USERS AUTH === http-nio-8080-exec-9 username=test31
userweb-app  | ===========getbyname===================
userweb-app  | ----------------Optional[com.example.demo.model.User@3575b2e2]
userweb-app  | ===========getbyname===================
userweb-app  | ----------------Optional[com.example.demo.model.User@3bf17538]
userweb-app  | ----------------Optional[com.example.demo.model.User@275df4f4]
userweb-app  | ===========getbyname===================
userweb-app  | ===========getbyname===================
userweb-app  | ----------------Optional[com.example.demo.model.User@51d4264]
userweb-app  | === USERS === http-nio-8080-exec-41 JWT成功 username=test7
userweb-app  | === USERS === http-nio-8080-exec-31 JWT成功 username=test1
userweb-app  | === USERS AUTH === http-nio-8080-exec-31 username=test1
userweb-app  | ===========getbyname===================
userweb-app  | ===========getbyname===================
userweb-app  | === USERS === http-nio-8080-exec-40 JWT成功 username=test35
userweb-app  | === USERS AUTH === http-nio-8080-exec-40 username=test35
userweb-app  | ----------------Optional[com.example.demo.model.User@58e91911]
userweb-app  | ===========getbyname===================
userweb-app  | ----------------Optional[com.example.demo.model.User@3d4f5c78]
userweb-app  | === USERS === http-nio-8080-exec-8 JWT成功 username=test28
userweb-app  | === USERS AUTH === http-nio-8080-exec-8 username=test28
userweb-app  | ===========getbyname===================
userweb-app  | ===========getbyname===================
userweb-app  | === USERS AUTH === http-nio-8080-exec-41 username=test7
userweb-app  | === USERS === http-nio-8080-exec-13 JWT成功 username=test45
userweb-app  | === USERS AUTH === http-nio-8080-exec-13 username=test45
userweb-app  | === USERS === http-nio-8080-exec-22 JWT成功 username=test14
userweb-app  | === USERS AUTH === http-nio-8080-exec-22 username=test14
userweb-app  | ----------------Optional[com.example.demo.model.User@7fbb23b9]
userweb-app  | ===========getbyname===================
userweb-app  | ----------------Optional[com.example.demo.model.User@56e02f32]
userweb-app  | ----------------Optional[com.example.demo.model.User@1976456b]
userweb-app  | ===========getbyname===================
userweb-app  | === USERS === http-nio-8080-exec-34 JWT成功 username=test15
userweb-app  | === USERS AUTH === http-nio-8080-exec-34 username=test15
userweb-app  | ----------------Optional[com.example.demo.model.User@28730637]
userweb-app  | ----------------Optional[com.example.demo.model.User@3eb1e79b]
userweb-app  | ===========getbyname===================
userweb-app  | ----------------Optional[com.example.demo.model.User@46eef3c2]
userweb-app  | === USERS === http-nio-8080-exec-15 JWT成功 username=test29
userweb-app  | === USERS AUTH === http-nio-8080-exec-15 username=test29
userweb-app  | ===========getbyname===================
userweb-app  | ===========getbyname===================
userweb-app  | === USERS === http-nio-8080-exec-47 JWT成功 username=test30
userweb-app  | === USERS AUTH === http-nio-8080-exec-47 username=test30
userweb-app  | ----------------Optional[com.example.demo.model.User@2d185ec2]
userweb-app  | ----------------Optional[com.example.demo.model.User@689db9fa]
userweb-app  | ----------------Optional[com.example.demo.model.User@7020d093]
userweb-app  | ===========getbyname===================
userweb-app  | === USERS === http-nio-8080-exec-20 JWT成功 username=test9
userweb-app  | === USERS AUTH === http-nio-8080-exec-20 username=test9
userweb-app  | ----------------Optional[com.example.demo.model.User@4a9fd1a9]
userweb-app  | ===========getbyname===================
userweb-app  | === USERS === http-nio-8080-exec-45 JWT成功 username=test12
userweb-app  | === USERS AUTH === http-nio-8080-exec-45 username=test12
userweb-app  | ===========getbyname===================
userweb-app  | ----------------Optional[com.example.demo.model.User@6a6a024f]
userweb-app  | === USERS === http-nio-8080-exec-37 JWT成功 username=test8
userweb-app  | === USERS AUTH === http-nio-8080-exec-37 username=test8
userweb-app  | ----------------Optional[com.example.demo.model.User@651d6266]
userweb-app  | ===========getbyname===================
userweb-app  | ----------------Optional[com.example.demo.model.User@fbe6f3b]
userweb-app  | User 初始資料建立完成
userweb-app  | ===========getbyname===================
userweb-app  | ===========getbyname===================
userweb-app  | ===========getbyname===================
userweb-app  | ----------------Optional[com.example.demo.model.User@b16eb12]
userweb-app  | ===========getbyname===================
userweb-app  | ----------------Optional[com.example.demo.model.User@52b29b66]
userweb-app  | ----------------Optional[com.example.demo.model.User@3ac931aa]
userweb-app  | ----------------Optional[com.example.demo.model.User@1f42f03c]
userweb-app  | ===========getbyname===================
userweb-app  | ----------------Optional[com.example.demo.model.User@10acf10]
userweb-app  | ===========getbyname===================
userweb-app  | ----------------Optional[com.example.demo.model.User@59beaf18]
userweb-app  | ===========getbyname===================
userweb-app  | ----------------Optional[com.example.demo.model.User@7e8e20d0]
userweb-app  | ===========getbyname===================
userweb-app  | ===========getbyname===================
userweb-app  | ----------------Optional[com.example.demo.model.User@18ace1f1]
userweb-app  | ----------------Optional[com.example.demo.model.User@3a32ba99]
userweb-app  | ===========getbyname===================
userweb-app  | ----------------Optional[com.example.demo.model.User@29197d84]
userweb-app  | ===========getbyname===================
userweb-app  | ===========getbyname===================
userweb-app  | ----------------Optional[com.example.demo.model.User@133074d3]
userweb-app  | ----------------Optional[com.example.demo.model.User@79bfdf4b]
userweb-app  | ===========getbyname===================
userweb-app  | ----------------Optional[com.example.demo.model.User@ec4302f]
userweb-app  | ===========getbyname===================
userweb-app  | ----------------Optional[com.example.demo.model.User@13a971b2]
userweb-app  | ===========getbyname===================
userweb-app  | ===========getbyname===================
userweb-app  | ===========getbyname===================
userweb-app  | ===========getbyname===================
userweb-app  | ----------------Optional[com.example.demo.model.User@130c5307]
userweb-app  | ===========getbyname===================
userweb-app  | ----------------Optional[com.example.demo.model.User@45288abb]
userweb-app  | ===========getbyname===================
userweb-app  | ----------------Optional[com.example.demo.model.User@489a3aa2]
userweb-app  | ----------------Optional[com.example.demo.model.User@e2d2372]
userweb-app  | ===========getbyname===================
userweb-app  | ----------------Optional[com.example.demo.model.User@3ea1aabf]
userweb-app  | ===========getbyname===================
userweb-app  | ===========getbyname===================
userweb-app  | ===========getbyname===================
userweb-app  | ----------------Optional[com.example.demo.model.User@612f8d89]
userweb-app  | ===========getbyname===================
userweb-app  | ----------------Optional[com.example.demo.model.User@46d5e7be]
userweb-app  | ===========getbyname===================
userweb-app  | ----------------Optional[com.example.demo.model.User@5a7f89b8]
userweb-app  | ===========getbyname===================
userweb-app  | ----------------Optional[com.example.demo.model.User@1b761f25]
userweb-app  | ----------------Optional[com.example.demo.model.User@3b8fa3fd]
userweb-app  | ===========getbyname===================
userweb-app  | ===========getbyname===================
userweb-app  | ----------------Optional[com.example.demo.model.User@240a7daa]
userweb-app  | ----------------Optional[com.example.demo.model.User@2840ee4c]
userweb-app  | ----------------Optional[com.example.demo.model.User@5afef56b]
userweb-app  | ----------------Optional[com.example.demo.model.User@4b88bd20]
userweb-app  | ----------------Optional[com.example.demo.model.User@2293bb5a]
userweb-app  | ===========getbyname===================
userweb-app  | ===========getbyname===================
userweb-app  | ----------------Optional[com.example.demo.model.User@20012b3d]
userweb-app  | ===========getbyname===================
userweb-app  | ===========getbyname===================
userweb-app  | ===========getbyname===================
userweb-app  | ----------------Optional[com.example.demo.model.User@7032d767]
userweb-app  | ===========getbyname===================
userweb-app  | ===========getbyname===================
userweb-app  | ----------------Optional[com.example.demo.model.User@40374717]
userweb-app  | ----------------Optional[com.example.demo.model.User@3932dc5b]
userweb-app  | ===========getbyname===================
userweb-app  | ===========getbyname===================
userweb-app  | ----------------Optional[com.example.demo.model.User@3c0a12]
userweb-app  | ----------------Optional[com.example.demo.model.User@10ca9a71]
userweb-app  | ----------------Optional[com.example.demo.model.User@4b40debb]
userweb-app  | ===========getbyname===================
userweb-app  | ===========getbyname===================
userweb-app  | ----------------Optional[com.example.demo.model.User@3f161b7d]
userweb-app  | ----------------Optional[com.example.demo.model.User@c488387]
userweb-app  | ===========getbyname===================
userweb-app  | ===========getbyname===================
userweb-app  | ----------------Optional[com.example.demo.model.User@58f88263]
userweb-app  | ----------------Optional[com.example.demo.model.User@79cd6c67]
userweb-app  | ===========getbyname===================
userweb-app  | ===========getbyname===================
userweb-app  | ----------------Optional[com.example.demo.model.User@470ab876]
userweb-app  | ----------------Optional[com.example.demo.model.User@19e751a8]
userweb-app  | ===========getbyname===================
userweb-app  | ----------------Optional[com.example.demo.model.User@27e01385]
userweb-app  | ----------------Optional[com.example.demo.model.User@2522c7c1]
userweb-app  | ----------------Optional[com.example.demo.model.User@1501939e]
userweb-app  | ===========getbyname===================
userweb-app  | ===========getbyname===================
userweb-app  | ----------------Optional[com.example.demo.model.User@5439601c]
userweb-app  | ----------------Optional[com.example.demo.model.User@22c40c33]
userweb-app  | ===========getbyname===================
userweb-app  | ===========getbyname===================
userweb-app  | ===========getbyname===================
userweb-app  | ----------------Optional[com.example.demo.model.User@f1964a4]
userweb-app  | ----------------Optional[com.example.demo.model.User@54d624d4]
userweb-app  | ----------------Optional[com.example.demo.model.User@68f69a27]
userweb-app  | ===========getbyname===================
userweb-app  | ===========getbyname===================
userweb-app  | ----------------Optional[com.example.demo.model.User@230aa4c5]
userweb-app  | ===========getbyname===================
userweb-app  | ===========getbyname===================
userweb-app  | ----------------Optional[com.example.demo.model.User@15d2ef6b]
userweb-app  | ----------------Optional[com.example.demo.model.User@4ef74396]
userweb-app  | ----------------Optional[com.example.demo.model.User@22961a76]
userweb-app  | ===========getbyname===================
userweb-app  | ----------------Optional[com.example.demo.model.User@77b933d6]
userweb-app  | ===========getbyname===================
userweb-app  | ===========getbyname===================
userweb-app  | ===========getbyname===================
userweb-app  | ===========getbyname===================
userweb-app  | ----------------Optional[com.example.demo.model.User@76fdcf55]
userweb-app  | ----------------Optional[com.example.demo.model.User@5145a69c]
userweb-app  | ----------------Optional[com.example.demo.model.User@186ca169]
userweb-app  | ----------------Optional[com.example.demo.model.User@475bc76e]
userweb-app  | ===========getbyname===================
userweb-app  | ===========getbyname===================
userweb-app  | ----------------Optional[com.example.demo.model.User@1c8cd6ee]
userweb-app  | ----------------Optional[com.example.demo.model.User@179ca88c]
userweb-app  | ===========getbyname===================
userweb-app  | ----------------Optional[com.example.demo.model.User@44ad9ac1]
userweb-app  | ===========getbyname===================
userweb-app  | ----------------Optional[com.example.demo.model.User@41e336b]
userweb-app  | ===========getbyname===================
userweb-app  | ===========getbyname===================
userweb-app  | ===========getbyname===================
userweb-app  | ===========getbyname===================
userweb-app  | ----------------Optional[com.example.demo.model.User@2091a1e6]
userweb-app  | ----------------Optional[com.example.demo.model.User@33a7e618]
userweb-app  | ----------------Optional[com.example.demo.model.User@4ea593de]
userweb-app  | ===========getbyname===================
userweb-app  | ----------------Optional[com.example.demo.model.User@5c7b14c5]
userweb-app  | ===========getbyname===================
userweb-app  | ===========getbyname===================
userweb-app  | ----------------Optional[com.example.demo.model.User@1368265e]
userweb-app  | ===========getbyname===================
userweb-app  | ----------------Optional[com.example.demo.model.User@a165fab]
userweb-app  | ===========getbyname===================
userweb-app  | ----------------Optional[com.example.demo.model.User@2d0c2d40]
userweb-app  | ===========getbyname===================
userweb-app  | ----------------Optional[com.example.demo.model.User@303aa48b]
userweb-app  | ===========getbyname===================
userweb-app  | ----------------Optional[com.example.demo.model.User@630064]
userweb-app  | ----------------Optional[com.example.demo.model.User@46ae001b]
userweb-app  | ===========getbyname===================
userweb-app  | ----------------Optional[com.example.demo.model.User@39647079]
userweb-app  | ----------------Optional[com.example.demo.model.User@68369aa4]
userweb-app  | ===========getbyname===================
userweb-app  | ----------------Optional[com.example.demo.model.User@5a31d66c]
userweb-app  | ===========getbyname===================
userweb-app  | ===========getbyname===================
userweb-app  | ===========getbyname===================
userweb-app  | ===========getbyname===================
userweb-app  | ===========getbyname===================
userweb-app  | ----------------Optional[com.example.demo.model.User@70494f50]
userweb-app  | ===========getbyname===================
userweb-app  | ----------------Optional[com.example.demo.model.User@652ac387]
userweb-app  | ---------me 200---------
userweb-app  | ----------------Optional[com.example.demo.model.User@2ee0f252]
userweb-app  | ---------me 200---------
userweb-app  | ===========getbyname===================
userweb-app  | ----------------Optional[com.example.demo.model.User@74d15bca]
userweb-app  | ===========getbyname===================
userweb-app  | ----------------Optional[com.example.demo.model.User@d49a5d]
userweb-app  | ----------------Optional[com.example.demo.model.User@6883eda]
userweb-app  | ===========getbyname===================
userweb-app  | ----------------Optional[com.example.demo.model.User@79c3b4e1]
userweb-app  | ----------------Optional[com.example.demo.model.User@325ff081]
userweb-app  | ===========getbyname===================
userweb-app  | ----------------Optional[com.example.demo.model.User@6c07028a]
userweb-app  | ----------------Optional[com.example.demo.model.User@1b148fd7]
userweb-app  | ---------me 200---------
userweb-app  | ===========getbyname===================
userweb-app  | ===========getbyname===================
userweb-app  | ===========getbyname===================
userweb-app  | ----------------Optional[com.example.demo.model.User@7eafb695]
userweb-app  | ---------me 200---------
userweb-app  | ===========getbyname===================
userweb-app  | ===========getbyname===================
userweb-app  | ===========getbyname===================
userweb-app  | ===========getbyname===================
userweb-app  | ===========getbyname===================
userweb-app  | ----------------Optional[com.example.demo.model.User@74c19ecd]
userweb-app  | ----------------Optional[com.example.demo.model.User@20aa094b]
userweb-app  | ===========getbyname===================
userweb-app  | ===========getbyname===================
userweb-app  | ===========getbyname===================
userweb-app  | ===========getbyname===================
userweb-app  | ----------------Optional[com.example.demo.model.User@5bf10319]
userweb-app  | ===========getbyname===================
userweb-app  | ---------me 200---------
userweb-app  | ----------------Optional[com.example.demo.model.User@20e24e04]
userweb-app  | ===========getbyname===================
userweb-app  | ----------------Optional[com.example.demo.model.User@321d62aa]
userweb-app  | ---------me 200---------
userweb-app  | ----------------Optional[com.example.demo.model.User@73c35ce6]
userweb-app  | ===========getbyname===================
userweb-app  | ----------------Optional[com.example.demo.model.User@58bd6713]
userweb-app  | ----------------Optional[com.example.demo.model.User@2ec525f4]
userweb-app  | ===========getbyname===================
userweb-app  | ----------------Optional[com.example.demo.model.User@2dc9a98b]
userweb-app  | ===========getbyname===================
userweb-app  | ----------------Optional[com.example.demo.model.User@621896ea]
userweb-app  | ---------me 200---------
userweb-app  | ===========getbyname===================
userweb-app  | ----------------Optional[com.example.demo.model.User@9cecd6e]
userweb-app  | ----------------Optional[com.example.demo.model.User@934ddd9]
userweb-app  | ===========getbyname===================
userweb-app  | ---------me 200---------
userweb-app  | ===========getbyname===================
userweb-app  | ===========getbyname===================
userweb-app  | ===========getbyname===================
userweb-app  | ===========getbyname===================
userweb-app  | ----------------Optional[com.example.demo.model.User@1a6dbb3a]
userweb-app  | ----------------Optional[com.example.demo.model.User@55d18a73]
userweb-app  | ----------------Optional[com.example.demo.model.User@63503e45]
userweb-app  | ===========getbyname===================
userweb-app  | ----------------Optional[com.example.demo.model.User@584c424e]
userweb-app  | ---------me 200---------
userweb-app  | ---------me 200---------
userweb-app  | ===========getbyname===================
userweb-app  | ===========getbyname===================
userweb-app  | ----------------Optional[com.example.demo.model.User@5920f6e3]
userweb-app  | ===========getbyname===================
userweb-app  | ----------------Optional[com.example.demo.model.User@606401ea]
userweb-app  | ----------------Optional[com.example.demo.model.User@1616bc1c]
userweb-app  | ===========getbyname===================
userweb-app  | ---------me 200---------
userweb-app  | ----------------Optional[com.example.demo.model.User@2ba3bb4b]
userweb-app  | ----------------Optional[com.example.demo.model.User@55ab6f93]
userweb-app  | ---------me 200---------
userweb-app  | ---------me 200---------
userweb-app  | ===========getbyname===================
userweb-app  | ----------------Optional[com.example.demo.model.User@455e20f5]
userweb-app  | ---------me 200---------
userweb-app  | ----------------Optional[com.example.demo.model.User@390bd04c]
userweb-app  | ===========getbyname===================
userweb-app  | ----------------Optional[com.example.demo.model.User@143de17e]
userweb-app  | ---------me 200---------
userweb-app  | ----------------Optional[com.example.demo.model.User@ec90c1]
userweb-app  | ---------me 200---------
userweb-app  | ---------me 200---------
userweb-app  | ----------------Optional[com.example.demo.model.User@19e46c08]
userweb-app  | ----------------Optional[com.example.demo.model.User@77c106f4]
userweb-app  | ===========getbyname===================
userweb-app  | ---------me 200---------
userweb-app  | ---------me 200---------
userweb-app  | ----------------Optional[com.example.demo.model.User@24179ab5]
userweb-app  | ----------------Optional[com.example.demo.model.User@75270a91]
userweb-app  | ===========getbyname===================
userweb-app  | ---------me 200---------
userweb-app  | ===========getbyname===================
userweb-app  | ----------------Optional[com.example.demo.model.User@582cdb4c]
userweb-app  | ===========getbyname===================
userweb-app  | ----------------Optional[com.example.demo.model.User@7853fff1]
userweb-app  | ----------------Optional[com.example.demo.model.User@6c340198]
userweb-app  | ---------me 200---------
userweb-app  | ----------------Optional[com.example.demo.model.User@10fbfa9f]
userweb-app  | ===========getbyname===================
userweb-app  | ===========getbyname===================
userweb-app  | ----------------Optional[com.example.demo.model.User@38418622]
userweb-app  | ---------me 200---------
userweb-app  | ===========getbyname===================
userweb-app  | ----------------Optional[com.example.demo.model.User@25590665]
userweb-app  | ===========getbyname===================
userweb-app  | ---------me 200---------
userweb-app  | ----------------Optional[com.example.demo.model.User@507d9668]
userweb-app  | ---------me 200---------
userweb-app  | ===========getbyname===================
userweb-app  | ---------me 200---------
userweb-app  | ----------------Optional[com.example.demo.model.User@14d244e]
userweb-app  | ----------------Optional[com.example.demo.model.User@5f27dc59]
userweb-app  | ===========getbyname===================
userweb-app  | ----------------Optional[com.example.demo.model.User@4ff35b9d]
userweb-app  | ---------me 200---------
userweb-app  | ===========getbyname===================
userweb-app  | ---------me 200---------
userweb-app  | ===========getbyname===================
userweb-app  | ---------me 200---------
userweb-app  | ----------------Optional[com.example.demo.model.User@752a8bfb]
userweb-app  | ---------me 200---------
userweb-app  | ===========getbyname===================
userweb-app  | ===========getbyname===================
userweb-app  | ----------------Optional[com.example.demo.model.User@5a123851]
userweb-app  | ----------------Optional[com.example.demo.model.User@2aab53a3]
userweb-app  | ---------me 200---------
userweb-app  | ---------me 200---------
userweb-app  | ----------------Optional[com.example.demo.model.User@267a54e3]
userweb-app  | ---------me 200---------
userweb-app  | ===========getbyname===================
userweb-app  | ===========getbyname===================
userweb-app  | ===========getbyname===================
userweb-app  | ----------------Optional[com.example.demo.model.User@48fadb9e]
userweb-app  | ----------------Optional[com.example.demo.model.User@73fd76ca]
userweb-app  | ---------me 200---------
userweb-app  | ===========getbyname===================
userweb-app  | ===========getbyname===================
userweb-app  | ----------------Optional[com.example.demo.model.User@359d3d84]
userweb-app  | ----------------Optional[com.example.demo.model.User@723251a9]
userweb-app  | ===========getbyname===================
userweb-app  | ----------------Optional[com.example.demo.model.User@724b473b]
userweb-app  | ---------me 200---------
userweb-app  | ---------me 200---------
userweb-app  | ----------------Optional[com.example.demo.model.User@3c4988c6]
userweb-app  | ---------me 200---------
userweb-app  | ---------me 200---------
userweb-app  | ===========getbyname===================
userweb-app  | ----------------Optional[com.example.demo.model.User@5104fdc7]
userweb-app  | ===========getbyname===================
userweb-app  | ----------------Optional[com.example.demo.model.User@58fd7277]
userweb-app  | ---------me 200---------
userweb-app  | ===========getbyname===================
userweb-app  | ----------------Optional[com.example.demo.model.User@4382e531]
userweb-app  | ---------me 200---------
userweb-app  | ===========getbyname===================
userweb-app  | ----------------Optional[com.example.demo.model.User@1ac5a620]
userweb-app  | ---------me 200---------
userweb-app  | ===========getbyname===================
userweb-app  | ===========getbyname===================
userweb-app  | ===========getbyname===================
userweb-app  | ----------------Optional[com.example.demo.model.User@408648d6]
userweb-app  | ---------me 200---------
userweb-app  | ===========getbyname===================
userweb-app  | ----------------Optional[com.example.demo.model.User@18184a09]
userweb-app  | ---------me 200---------
userweb-app  | ===========getbyname===================
userweb-app  | ----------------Optional[com.example.demo.model.User@13bc7991]
userweb-app  | ----------------Optional[com.example.demo.model.User@189cea86]
userweb-app  | ---------me 200---------
userweb-app  | ---------me 200---------
userweb-app  | ===========getbyname===================
userweb-app  | ----------------Optional[com.example.demo.model.User@5e8fa4ff]
userweb-app  | ---------me 200---------
userweb-app  | ===========getbyname===================
userweb-app  | ----------------Optional[com.example.demo.model.User@edff76]
userweb-app  | ===========getbyname===================
userweb-app  | ----------------Optional[com.example.demo.model.User@12c299e4]
userweb-app  | ---------me 200---------
userweb-app  | ---------me 200---------
userweb-app  | ----------------Optional[com.example.demo.model.User@2d41ac95]
userweb-app  | ---------me 200---------
userweb-app  | ===========getbyname===================
userweb-app  | ----------------Optional[com.example.demo.model.User@4269f5be]
userweb-app  | ---------me 200---------
userweb-app  | ===========getbyname===================
userweb-app  | ----------------Optional[com.example.demo.model.User@326abf22]
userweb-app  | ---------me 200---------
userweb-app  | ===========getbyname===================
userweb-app  | ----------------Optional[com.example.demo.model.User@4eaa0e4c]
userweb-app  | ---------me 200---------
userweb-app  | ===========getbyname===================
userweb-app  | ----------------Optional[com.example.demo.model.User@5520c2b9]
userweb-app  | ---------me 200---------
userweb-app  | ===========getbyname===================
userweb-app  | ===========getbyname===================
userweb-app  | ----------------Optional[com.example.demo.model.User@13fe2e36]
userweb-app  | ----------------Optional[com.example.demo.model.User@3ceba111]
userweb-app  | ---------me 200---------
userweb-app  | ===========getbyname===================
userweb-app  | ---------me 200---------
userweb-app  | ===========getbyname===================
userweb-app  | -----------test_1789814299519_30------1234--------
userweb-app  | ### AUTH ### Thread=http-nio-8080-exec-12 | requestUsername=test_1789814299519_30
userweb-app  | ===========getbyname===================
userweb-app  | ----------------Optional[com.example.demo.model.User@3ac31811]
userweb-app  | ----------------Optional[com.example.demo.model.User@5a03907d]
userweb-app  | ----------finish-------------
userweb-app  | ### AUTH USER ### requestUsername=test_1789814299519_30 | dbUsername=test_1789814299519_30 | userId=101
userweb-app  | ---------me 200---------
userweb-app  | ===========getbyname===================
userweb-app  | ----------------Optional[com.example.demo.model.User@1758aca6]
userweb-app  | -----------test_1789814299519_36------1234--------
userweb-app  | ---------me 200---------
userweb-app  | ### AUTH ### Thread=http-nio-8080-exec-28 | requestUsername=test_1789814299519_36
userweb-app  | ===========getbyname===================
userweb-app  | ----------------Optional[com.example.demo.model.User@6d9f8311]
userweb-app  | ----------finish-------------
userweb-app  | ### AUTH USER ### requestUsername=test_1789814299519_36 | dbUsername=test_1789814299519_36 | userId=104
userweb-app  | ===========getbyname===================
userweb-app  | -----------test_1789814299520_42------1234--------
userweb-app  | ### AUTH ### Thread=http-nio-8080-exec-11 | requestUsername=test_1789814299520_42
userweb-app  | ===========getbyname===================
userweb-app  | ----------------Optional[com.example.demo.model.User@533c0693]
userweb-app  | ---------me 200---------
userweb-app  | ----------------Optional[com.example.demo.model.User@64104405]
userweb-app  | ----------finish-------------
userweb-app  | ### AUTH USER ### requestUsername=test_1789814299520_42 | dbUsername=test_1789814299520_42 | userId=105
userweb-app  | ----------------Optional[com.example.demo.model.User@2ea64963]
userweb-app  | ---------me 200---------
userweb-app  | ===========getbyname===================
userweb-app  | -----------test_1789814299621_5------1234--------
userweb-app  | ### AUTH ### Thread=http-nio-8080-exec-13 | requestUsername=test_1789814299621_5
userweb-app  | ===========getbyname===================
userweb-app  | ===========getbyname===================
userweb-app  | -----------test_1789814299519_48------1234--------
userweb-app  | ### AUTH ### Thread=http-nio-8080-exec-4 | requestUsername=test_1789814299519_48
userweb-app  | ===========getbyname===================
userweb-app  | ----------------Optional[com.example.demo.model.User@6b8ea3fd]
userweb-app  | ----------------Optional[com.example.demo.model.User@244ff011]
userweb-app  | ===========getbyname===================
userweb-app  | ----------finish-------------
userweb-app  | ### AUTH USER ### requestUsername=test_1789814299621_5 | dbUsername=test_1789814299621_5 | userId=106
userweb-app  | -----------test_1789814299527_27------1234--------
userweb-app  | ### AUTH ### Thread=http-nio-8080-exec-14 | requestUsername=test_1789814299527_27
userweb-app  | ===========getbyname===================
userweb-app  | ----------------Optional[com.example.demo.model.User@3f9328a2]
userweb-app  | ----------finish-------------
userweb-app  | ### AUTH USER ### requestUsername=test_1789814299519_48 | dbUsername=test_1789814299519_48 | userId=102
userweb-app  | ---------me 200---------
userweb-app  | ===========getbyname===================
userweb-app  | ----------------Optional[com.example.demo.model.User@4dd57ddc]
userweb-app  | ===========getbyname===================
userweb-app  | ----------------Optional[com.example.demo.model.User@4d79053]
userweb-app  | ----------------Optional[com.example.demo.model.User@6c00ebbf]
userweb-app  | ------------------------------
userweb-app  | -----------test_1789814299523_22------1234--------
userweb-app  | ### AUTH ### Thread=http-nio-8080-exec-12 | requestUsername=test_1789814299523_22
userweb-app  | ===========getbyname===================
userweb-app  | ---------me 200---------
userweb-app  | ----------------Optional[com.example.demo.model.User@6e191bbc]
userweb-app  | ----------finish-------------
userweb-app  | ### AUTH USER ### requestUsername=test_1789814299523_22 | dbUsername=test_1789814299523_22 | userId=107
userweb-app  | ===========getbyname===================
userweb-app  | ----------------Optional[com.example.demo.model.User@121e022a]
userweb-app  | ===========getbyname===================
userweb-app  | ---------me 200---------
userweb-app  | ----------------Optional[com.example.demo.model.User@3755e386]
userweb-app  | ---------me 200---------
userweb-app  | ----------------Optional[com.example.demo.model.User@5666237f]
userweb-app  | ---------me 200---------
userweb-app  | -----------test_1789814299545_41------1234--------
userweb-app  | -----------test_1789814299617_34------1234--------
userweb-app  | ### AUTH ### Thread=http-nio-8080-exec-17 | requestUsername=test_1789814299617_34
userweb-app  | ===========getbyname===================
userweb-app  | ### AUTH ### Thread=http-nio-8080-exec-27 | requestUsername=test_1789814299545_41
userweb-app  | ===========getbyname===================
userweb-app  | ===========getbyname===================
userweb-app  | ----------------Optional[com.example.demo.model.User@fbf5e11]
userweb-app  | ----------------Optional[com.example.demo.model.User@4306d678]
userweb-app  | ----------finish-------------
userweb-app  | ### AUTH USER ### requestUsername=test_1789814299617_34 | dbUsername=test_1789814299617_34 | userId=114
userweb-app  | ----------finish-------------
userweb-app  | ### AUTH USER ### requestUsername=test_1789814299545_41 | dbUsername=test_1789814299545_41 | userId=110
userweb-app  | -----------test_1789814299526_11------1234--------
userweb-app  | ### AUTH ### Thread=http-nio-8080-exec-22 | requestUsername=test_1789814299526_11
userweb-app  | ===========getbyname===================
userweb-app  | ----------------Optional[com.example.demo.model.User@2561d219]
userweb-app  | ----------finish-------------
userweb-app  | ### AUTH USER ### requestUsername=test_1789814299526_11 | dbUsername=test_1789814299526_11 | userId=113
userweb-app  | ===========getbyname===================
userweb-app  | ----------------Optional[com.example.demo.model.User@10d11171]
userweb-app  | ===========getbyname===================
userweb-app  | ----------------Optional[com.example.demo.model.User@585ba279]
userweb-app  | ---------me 200---------
userweb-app  | -----------test_1789814299542_33------1234--------
userweb-app  | ### AUTH ### Thread=http-nio-8080-exec-7 | requestUsername=test_1789814299542_33
userweb-app  | ===========getbyname===================
userweb-app  | ----------finish-------------
userweb-app  | ### AUTH USER ### requestUsername=test_1789814299527_27 | dbUsername=test_1789814299527_27 | userId=103
userweb-app  | ----------------Optional[com.example.demo.model.User@1bee1fe7]
userweb-app  | ----------finish-------------
userweb-app  | ### AUTH USER ### requestUsername=test_1789814299542_33 | dbUsername=test_1789814299542_33 | userId=108
userweb-app  | ----------------Optional[com.example.demo.model.User@10307135]
userweb-app  | ===========getbyname===================
userweb-app  | ----------------Optional[com.example.demo.model.User@e1e0d79]
userweb-app  | ------------------------------
userweb-app  | ===========getbyname===================
userweb-app  | -----------test_1789814299897_47------1234--------
userweb-app  | ### AUTH ### Thread=http-nio-8080-exec-47 | requestUsername=test_1789814299897_47
userweb-app  | ===========getbyname===================
userweb-app  | -----------test_1789814299528_38------1234--------
userweb-app  | ### AUTH ### Thread=http-nio-8080-exec-34 | requestUsername=test_1789814299528_38
userweb-app  | ===========getbyname===================
userweb-app  | ----------------Optional[com.example.demo.model.User@e0ac036]
userweb-app  | ----------finish-------------
userweb-app  | ### AUTH USER ### requestUsername=test_1789814299528_38 | dbUsername=test_1789814299528_38 | userId=111
userweb-app  | ----------------Optional[com.example.demo.model.User@28670aa]
userweb-app  | ---------me 200---------
userweb-app  | -----------test_1789814299595_3------1234--------
userweb-app  | ### AUTH ### Thread=http-nio-8080-exec-8 | requestUsername=test_1789814299595_3
userweb-app  | ===========getbyname===================
userweb-app  | ----------------Optional[com.example.demo.model.User@3824053f]
userweb-app  | ----------finish-------------
userweb-app  | ### AUTH USER ### requestUsername=test_1789814299595_3 | dbUsername=test_1789814299595_3 | userId=109
userweb-app  | ----------------Optional[com.example.demo.model.User@1280daff]
userweb-app  | ---------me 200---------
userweb-app  | ---------me 200---------
userweb-app  | ===========getbyname===================
userweb-app  | ===========getbyname===================
userweb-app  | ----------------Optional[com.example.demo.model.User@51255bf5]
userweb-app  | ---------me 200---------
userweb-app  | -----------test_1789814299519_6------1234--------
userweb-app  | ### AUTH ### Thread=http-nio-8080-exec-36 | requestUsername=test_1789814299519_6
userweb-app  | ----------------Optional[com.example.demo.model.User@6abfd2ff]
userweb-app  | ----------------Optional[com.example.demo.model.User@689bbffc]
userweb-app  | ===========getbyname===================
userweb-app  | -----------test_1789814299542_14------1234--------
userweb-app  | ### AUTH ### Thread=http-nio-8080-exec-33 | requestUsername=test_1789814299542_14
userweb-app  | ===========getbyname===================
userweb-app  | ----------------Optional[com.example.demo.model.User@48a02328]
userweb-app  | ----------finish-------------
userweb-app  | ### AUTH USER ### requestUsername=test_1789814299542_14 | dbUsername=test_1789814299542_14 | userId=115
userweb-app  | ----------finish-------------
userweb-app  | ### AUTH USER ### requestUsername=test_1789814299897_47 | dbUsername=test_1789814299897_47 | userId=117
userweb-app  | ----------------Optional[com.example.demo.model.User@10a68e6]
userweb-app  | ------------------------------
userweb-app  | ===========getbyname===================
userweb-app  | ===========getbyname===================
userweb-app  | ----------------Optional[com.example.demo.model.User@2885d10d]
userweb-app  | ----------finish-------------
userweb-app  | ### AUTH USER ### requestUsername=test_1789814299519_6 | dbUsername=test_1789814299519_6 | userId=118
userweb-app  | -----------test_1789814299603_10------1234--------
userweb-app  | ### AUTH ### Thread=http-nio-8080-exec-51 | requestUsername=test_1789814299603_10
userweb-app  | ===========getbyname===================
userweb-app  | ----------------Optional[com.example.demo.model.User@33a465cb]
userweb-app  | ----------------Optional[com.example.demo.model.User@36c2057b]
userweb-app  | ----------finish-------------
userweb-app  | ### AUTH USER ### requestUsername=test_1789814299603_10 | dbUsername=test_1789814299603_10 | userId=112
userweb-app  | ------------------------------
userweb-app  | ===========getbyname===================
userweb-app  | ----------------Optional[com.example.demo.model.User@3474fff1]
userweb-app  | ===========getbyname===================
userweb-app  | ===========getbyname===================
userweb-app  | ----------------Optional[com.example.demo.model.User@60d013d8]
userweb-app  | ----------------Optional[com.example.demo.model.User@56d1a1a1]
userweb-app  | -----------test_1789814299585_1------1234--------
userweb-app  | ===========getbyname===================
userweb-app  | ### AUTH ### Thread=http-nio-8080-exec-37 | requestUsername=test_1789814299585_1
userweb-app  | ===========getbyname===================
userweb-app  | ----------------Optional[com.example.demo.model.User@678a9dd5]
userweb-app  | ----------------Optional[com.example.demo.model.User@4bd3d202]
userweb-app  | ----------finish-------------
userweb-app  | ### AUTH USER ### requestUsername=test_1789814299585_1 | dbUsername=test_1789814299585_1 | userId=116
userweb-app  | ------------------------------
userweb-app  | ---------me 200---------
userweb-app  | ===========getbyname===================
userweb-app  | ===========getbyname===================
userweb-app  | ----------------Optional[com.example.demo.model.User@5e59284b]
userweb-app  | ---------me 200---------
userweb-app  | ----------------Optional[com.example.demo.model.User@17affcc]
userweb-app  | ===========getbyname===================
userweb-app  | ----------------Optional[com.example.demo.model.User@7c292b56]
userweb-app  | ===========getbyname===================
userweb-app  | ------------------------------
userweb-app  | ----------------Optional[com.example.demo.model.User@7423ae67]
userweb-app  | ---------me 200---------
userweb-app  | -----------test_1789814299585_12------1234--------
userweb-app  | ### AUTH ### Thread=http-nio-8080-exec-51 | requestUsername=test_1789814299585_12
userweb-app  | ===========getbyname===================
userweb-app  | ----------------Optional[com.example.demo.model.User@51510d12]
userweb-app  | ----------finish-------------
userweb-app  | ### AUTH USER ### requestUsername=test_1789814299585_12 | dbUsername=test_1789814299585_12 | userId=119
userweb-app  | -----------test_1789814299996_23------1234--------
userweb-app  | ### AUTH ### Thread=http-nio-8080-exec-44 | requestUsername=test_1789814299996_23
userweb-app  | ===========getbyname===================
userweb-app  | ----------------Optional[com.example.demo.model.User@e6e107e]
userweb-app  | ===========getbyname===================
userweb-app  | ----------finish-------------
userweb-app  | ### AUTH USER ### requestUsername=test_1789814299996_23 | dbUsername=test_1789814299996_23 | userId=121
userweb-app  | ===========getbyname===================
userweb-app  | ===========getbyname===================
userweb-app  | -----------test_1789814299542_8------1234--------
userweb-app  | ### AUTH ### Thread=http-nio-8080-exec-11 | requestUsername=test_1789814299542_8
userweb-app  | ===========getbyname===================
userweb-app  | ----------------Optional[com.example.demo.model.User@2576ca3d]
userweb-app  | ----------------Optional[com.example.demo.model.User@3b89abe]
userweb-app  | ---------me 200---------
userweb-app  | ----------------Optional[com.example.demo.model.User@7fa4dd47]
userweb-app  | ----------finish-------------
userweb-app  | ### AUTH USER ### requestUsername=test_1789814299542_8 | dbUsername=test_1789814299542_8 | userId=120
userweb-app  | ===========getbyname===================
userweb-app  | ----------------Optional[com.example.demo.model.User@4a21a053]
userweb-app  | ------------------------------
userweb-app  | ----------------Optional[com.example.demo.model.User@1875d89f]
userweb-app  | ===========getbyname===================
userweb-app  | ----------------Optional[com.example.demo.model.User@3100f0cd]
userweb-app  | ---------me 200---------
userweb-app  | ===========getbyname===================
userweb-app  | ===========getbyname===================
userweb-app  | ----------------Optional[com.example.demo.model.User@7c6531b9]
userweb-app  | ----------------Optional[com.example.demo.model.User@795faa30]
userweb-app  | ---------me 200---------
userweb-app  | -----------test_1789814299616_25------1234--------
userweb-app  | ---------me 200---------
userweb-app  | ### AUTH ### Thread=http-nio-8080-exec-12 | requestUsername=test_1789814299616_25
userweb-app  | ===========getbyname===================
userweb-app  | ----------------Optional[com.example.demo.model.User@6f85f336]
userweb-app  | ----------finish-------------
userweb-app  | ### AUTH USER ### requestUsername=test_1789814299616_25 | dbUsername=test_1789814299616_25 | userId=125
userweb-app  | ===========getbyname===================
userweb-app  | ===========getbyname===================
userweb-app  | ----------------Optional[com.example.demo.model.User@1fffcecd]
userweb-app  | ------------------------------
userweb-app  | ----------------Optional[com.example.demo.model.User@1e5f01da]
userweb-app  | ---------me 200---------
userweb-app  | ===========getbyname===================
userweb-app  | ----------------Optional[com.example.demo.model.User@50c9f253]
userweb-app  | ===========getbyname===================
userweb-app  | -----------test_1789814299566_2------1234--------
userweb-app  | ### AUTH ### Thread=http-nio-8080-exec-46 | requestUsername=test_1789814299566_2
userweb-app  | ===========getbyname===================
userweb-app  | ----------------Optional[com.example.demo.model.User@1c8284ae]
userweb-app  | ----------finish-------------
userweb-app  | ### AUTH USER ### requestUsername=test_1789814299566_2 | dbUsername=test_1789814299566_2 | userId=124
userweb-app  | -----------test_1789814299560_17------1234--------
userweb-app  | ### AUTH ### Thread=http-nio-8080-exec-20 | requestUsername=test_1789814299560_17
userweb-app  | ===========getbyname===================
userweb-app  | ----------------Optional[com.example.demo.model.User@770f6000]
userweb-app  | ===========getbyname===================
userweb-app  | ----------------Optional[com.example.demo.model.User@4596af66]
userweb-app  | ---------me 200---------
userweb-app  | ------------------------------
userweb-app  | -----------test_1789814299545_31------1234--------
userweb-app  | ### AUTH ### Thread=http-nio-8080-exec-50 | requestUsername=test_1789814299545_31
userweb-app  | ===========getbyname===================
userweb-app  | ----------finish-------------
userweb-app  | ### AUTH USER ### requestUsername=test_1789814299560_17 | dbUsername=test_1789814299560_17 | userId=126
userweb-app  | ----------------Optional[com.example.demo.model.User@2d87341c]
userweb-app  | ----------------Optional[com.example.demo.model.User@648f251a]
userweb-app  | ----------finish-------------
userweb-app  | ### AUTH USER ### requestUsername=test_1789814299545_31 | dbUsername=test_1789814299545_31 | userId=123
userweb-app  | ===========getbyname===================
userweb-app  | -----------test_1789814299564_37------1234--------
userweb-app  | ### AUTH ### Thread=http-nio-8080-exec-40 | requestUsername=test_1789814299564_37
userweb-app  | ===========getbyname===================
userweb-app  | ===========getbyname===================
userweb-app  | ----------------Optional[com.example.demo.model.User@26538dfa]
userweb-app  | ----------------Optional[com.example.demo.model.User@384b4158]
userweb-app  | ---------me 200---------
userweb-app  | ----------------Optional[com.example.demo.model.User@54eaa007]
userweb-app  | ----------finish-------------
userweb-app  | ### AUTH USER ### requestUsername=test_1789814299564_37 | dbUsername=test_1789814299564_37 | userId=122
userweb-app  | ===========getbyname===================
userweb-app  | ----------------Optional[com.example.demo.model.User@191d97a]
userweb-app  | ---------me 200---------
userweb-app  | ===========getbyname===================
userweb-app  | ----------------Optional[com.example.demo.model.User@7febdf0e]
userweb-app  | ===========getbyname===================
userweb-app  | ----------------Optional[com.example.demo.model.User@7a1ec0f9]
userweb-app  | ------------------------------
userweb-app  | ===========getbyname===================
userweb-app  | ------------------------------
userweb-app  | -----------test_1789814299583_49------1234--------
userweb-app  | ### AUTH ### Thread=http-nio-8080-exec-33 | requestUsername=test_1789814299583_49
userweb-app  | ===========getbyname===================
userweb-app  | ----------------Optional[com.example.demo.model.User@7a26d90]
userweb-app  | ----------finish-------------
userweb-app  | ### AUTH USER ### requestUsername=test_1789814299583_49 | dbUsername=test_1789814299583_49 | userId=127
userweb-app  | -----------test_1789814299562_40------1234--------
userweb-app  | ### AUTH ### Thread=http-nio-8080-exec-34 | requestUsername=test_1789814299562_40
userweb-app  | ===========getbyname===================
userweb-app  | ----------------Optional[com.example.demo.model.User@61a76fbf]
userweb-app  | ===========getbyname===================
userweb-app  | ----------------Optional[com.example.demo.model.User@4c16fc32]
userweb-app  | ----------finish-------------
userweb-app  | ### AUTH USER ### requestUsername=test_1789814299562_40 | dbUsername=test_1789814299562_40 | userId=128
userweb-app  | ---------me 200---------
userweb-app  | ===========getbyname===================
userweb-app  | ----------------Optional[com.example.demo.model.User@30923f91]
userweb-app  | ---------me 200---------
userweb-app  | ===========getbyname===================
userweb-app  | ----------------Optional[com.example.demo.model.User@63e9efe6]
userweb-app  | ----------------Optional[com.example.demo.model.User@41e5133d]
userweb-app  | -----------test_1789814299964_7------1234--------
userweb-app  | ### AUTH ### Thread=http-nio-8080-exec-52 | requestUsername=test_1789814299964_7
userweb-app  | ===========getbyname===================
userweb-app  | ----------------Optional[com.example.demo.model.User@37b79f62]
userweb-app  | ----------finish-------------
userweb-app  | ### AUTH USER ### requestUsername=test_1789814299964_7 | dbUsername=test_1789814299964_7 | userId=130
userweb-app  | ===========getbyname===================
userweb-app  | ===========getbyname===================
userweb-app  | ===========getbyname===================
userweb-app  | ----------------Optional[com.example.demo.model.User@2d6b326f]
userweb-app  | ----------------Optional[com.example.demo.model.User@23d408]
userweb-app  | ------------------------------
userweb-app  | ----------------Optional[com.example.demo.model.User@7629529]
userweb-app  | ---------me 200---------
userweb-app  | ---------me 200---------
userweb-app  | -----------test_1789814299616_24------1234--------
userweb-app  | ### AUTH ### Thread=http-nio-8080-exec-2 | requestUsername=test_1789814299616_24
userweb-app  | ===========getbyname===================
userweb-app  | -----------test_1789814299760_9------1234--------
userweb-app  | ### AUTH ### Thread=http-nio-8080-exec-48 | requestUsername=test_1789814299760_9
userweb-app  | ===========getbyname===================
userweb-app  | ===========getbyname===================
userweb-app  | ===========getbyname===================
userweb-app  | ----------------Optional[com.example.demo.model.User@5df570b4]
userweb-app  | ---------me 200---------
userweb-app  | ===========getbyname===================
userweb-app  | ----------------Optional[com.example.demo.model.User@5876ac21]
userweb-app  | ===========getbyname===================
userweb-app  | ----------------Optional[com.example.demo.model.User@3f7b1439]
userweb-app  | ---------me 200---------
userweb-app  | ===========getbyname===================
userweb-app  | ----------------Optional[com.example.demo.model.User@5bf97e27]
userweb-app  | ----------finish-------------
userweb-app  | ### AUTH USER ### requestUsername=test_1789814299616_24 | dbUsername=test_1789814299616_24 | userId=132
userweb-app  | ----------------Optional[com.example.demo.model.User@2e189913]
userweb-app  | ----------------Optional[com.example.demo.model.User@4ca46833]
userweb-app  | ----------finish-------------
userweb-app  | ### AUTH USER ### requestUsername=test_1789814299760_9 | dbUsername=test_1789814299760_9 | userId=129
userweb-app  | ===========getbyname===================
userweb-app  | ----------------Optional[com.example.demo.model.User@301db1c1]
userweb-app  | ---------me 200---------
userweb-app  | -----------test_1789814299584_43------1234--------
userweb-app  | ### AUTH ### Thread=http-nio-8080-exec-41 | requestUsername=test_1789814299584_43
userweb-app  | ===========getbyname===================
userweb-app  | ---------me 200---------
userweb-app  | ----------------Optional[com.example.demo.model.User@6094b958]
userweb-app  | ----------finish-------------
userweb-app  | ----------------Optional[com.example.demo.model.User@7516f4d1]
userweb-app  | ---------me 200---------
userweb-app  | -----------test_1789814299586_13------1234--------
userweb-app  | ### AUTH ### Thread=http-nio-8080-exec-28 | requestUsername=test_1789814299586_13
userweb-app  | ===========getbyname===================
userweb-app  | ----------------Optional[com.example.demo.model.User@66a7f059]
userweb-app  | -----------test_1789814299826_39------1234--------
userweb-app  | ### AUTH ### Thread=http-nio-8080-exec-42 | requestUsername=test_1789814299826_39
userweb-app  | ===========getbyname===================
userweb-app  | ----------------Optional[com.example.demo.model.User@1db37ad2]
userweb-app  | ----------finish-------------
userweb-app  | ### AUTH USER ### requestUsername=test_1789814299826_39 | dbUsername=test_1789814299826_39 | userId=136
userweb-app  | ----------finish-------------
userweb-app  | ### AUTH USER ### requestUsername=test_1789814299586_13 | dbUsername=test_1789814299586_13 | userId=131
userweb-app  | -----------test_1789814299608_18------1234--------
userweb-app  | ### AUTH ### Thread=http-nio-8080-exec-38 | requestUsername=test_1789814299608_18
userweb-app  | ===========getbyname===================
userweb-app  | ### AUTH USER ### requestUsername=test_1789814299584_43 | dbUsername=test_1789814299584_43 | userId=134
userweb-app  | -----------test_1789814299676_21------1234--------
userweb-app  | ### AUTH ### Thread=http-nio-8080-exec-31 | requestUsername=test_1789814299676_21
userweb-app  | ===========getbyname===================
userweb-app  | ----------------Optional[com.example.demo.model.User@4980c591]
userweb-app  | ----------finish-------------
userweb-app  | ### AUTH USER ### requestUsername=test_1789814299608_18 | dbUsername=test_1789814299608_18 | userId=135
userweb-app  | -----------test_1789814299586_26------1234--------
userweb-app  | ### AUTH ### Thread=http-nio-8080-exec-37 | requestUsername=test_1789814299586_26
userweb-app  | ===========getbyname===================
userweb-app  | ----------------Optional[com.example.demo.model.User@42a0a5e9]
userweb-app  | ----------finish-------------
userweb-app  | ### AUTH USER ### requestUsername=test_1789814299586_26 | dbUsername=test_1789814299586_26 | userId=133
userweb-app  | ===========getbyname===================
userweb-app  | ----------------Optional[com.example.demo.model.User@43b3b17d]
userweb-app  | ----------finish-------------
userweb-app  | ### AUTH USER ### requestUsername=test_1789814299676_21 | dbUsername=test_1789814299676_21 | userId=137
userweb-app  | ----------------Optional[com.example.demo.model.User@3ae9f3e8]
userweb-app  | ---------me 200---------
userweb-app  | ===========getbyname===================
userweb-app  | -----------test_1789814299528_16------1234--------
userweb-app  | ### AUTH ### Thread=http-nio-8080-exec-15 | requestUsername=test_1789814299528_16
userweb-app  | ----------------Optional[com.example.demo.model.User@18334dfb]
userweb-app  | ===========getbyname===================
userweb-app  | ------------------------------
userweb-app  | ----------------Optional[com.example.demo.model.User@51c7cea]
userweb-app  | ----------finish-------------
userweb-app  | ### AUTH USER ### requestUsername=test_1789814299528_16 | dbUsername=test_1789814299528_16 | userId=138
userweb-app  | ===========getbyname===================
userweb-app  | ----------------Optional[com.example.demo.model.User@45c9a4d7]
userweb-app  | -----------test_1789814299617_15------1234--------
userweb-app  | ### AUTH ### Thread=http-nio-8080-exec-21 | requestUsername=test_1789814299617_15
userweb-app  | ===========getbyname===================
userweb-app  | ----------------Optional[com.example.demo.model.User@98844c7]
userweb-app  | ----------finish-------------
userweb-app  | ### AUTH USER ### requestUsername=test_1789814299617_15 | dbUsername=test_1789814299617_15 | userId=139
userweb-app  | ===========getbyname===================
userweb-app  | ----------------Optional[com.example.demo.model.User@589528f7]
userweb-app  | ---------me 200---------
userweb-app  | ===========getbyname===================
userweb-app  | ----------------Optional[com.example.demo.model.User@262f25ac]
userweb-app  | ------------------------------
userweb-app  | ===========getbyname===================
userweb-app  | ----------------Optional[com.example.demo.model.User@5a3e0aa1]
userweb-app  | ------------------------------
userweb-app  | -----------test_1789814299560_4------1234--------
userweb-app  | ### AUTH ### Thread=http-nio-8080-exec-50 | requestUsername=test_1789814299560_4
userweb-app  | ===========getbyname===================
userweb-app  | ===========getbyname===================
userweb-app  | ----------------Optional[com.example.demo.model.User@301aeeac]
userweb-app  | ----------finish-------------
userweb-app  | ### AUTH USER ### requestUsername=test_1789814299560_4 | dbUsername=test_1789814299560_4 | userId=140
userweb-app  | ===========getbyname===================
userweb-app  | ----------------Optional[com.example.demo.model.User@26653bd5]
userweb-app  | ===========getbyname===================
userweb-app  | ----------------Optional[com.example.demo.model.User@32dafaf2]
userweb-app  | ---------me 200---------
userweb-app  | ----------------Optional[com.example.demo.model.User@484293fd]
userweb-app  | ---------me 200---------
userweb-app  | ===========getbyname===================
userweb-app  | ------------------------------
userweb-app  | ----------------Optional[com.example.demo.model.User@19c2e5a9]
userweb-app  | ===========getbyname===================
userweb-app  | ----------------Optional[com.example.demo.model.User@708be9d6]
userweb-app  | ===========getbyname===================
userweb-app  | ----------------Optional[com.example.demo.model.User@3a2bc2fd]
userweb-app  | ===========getbyname===================
userweb-app  | ------------------------------
userweb-app  | ===========getbyname===================
userweb-app  | ----------------Optional[com.example.demo.model.User@deaa08]
userweb-app  | ----------------Optional[com.example.demo.model.User@78e3b362]
userweb-app  | ------------------------------
userweb-app  | ------------------------------
userweb-app  | ===========getbyname===================
userweb-app  | ----------------Optional[com.example.demo.model.User@56b5e464]
userweb-app  | -----------test_1789814299562_19------1234--------
userweb-app  | ### AUTH ### Thread=http-nio-8080-exec-39 | requestUsername=test_1789814299562_19
userweb-app  | ===========getbyname===================
userweb-app  | ----------------Optional[com.example.demo.model.User@4cb66383]
userweb-app  | ----------finish-------------
userweb-app  | ### AUTH USER ### requestUsername=test_1789814299562_19 | dbUsername=test_1789814299562_19 | userId=141
userweb-app  | ---------me 200---------
userweb-app  | ===========getbyname===================
userweb-app  | ----------------Optional[com.example.demo.model.User@41edc53a]
userweb-app  | ------------------------------
userweb-app  | ===========getbyname===================
userweb-app  | ----------------Optional[com.example.demo.model.User@32ad9f65]
userweb-app  | -----------test_1789814299914_20------1234--------
userweb-app  | ### AUTH ### Thread=http-nio-8080-exec-30 | requestUsername=test_1789814299914_20
userweb-app  | ===========getbyname===================
userweb-app  | ----------------Optional[com.example.demo.model.User@4c67f1fe]
userweb-app  | ----------finish-------------
userweb-app  | ---------me 200---------
userweb-app  | ### AUTH USER ### requestUsername=test_1789814299914_20 | dbUsername=test_1789814299914_20 | userId=143
userweb-app  | -----------test_1789814299585_35------1234--------
userweb-app  | ### AUTH ### Thread=http-nio-8080-exec-16 | requestUsername=test_1789814299585_35
userweb-app  | ===========getbyname===================
userweb-app  | ===========getbyname===================
userweb-app  | ===========getbyname===================
userweb-app  | ----------------Optional[com.example.demo.model.User@521c2438]
userweb-app  | ------------------------------
userweb-app  | ===========getbyname===================
userweb-app  | ----------------Optional[com.example.demo.model.User@1d330fd]
userweb-app  | -----------test_1789814299995_46------1234--------
userweb-app  | ### AUTH ### Thread=http-nio-8080-exec-29 | requestUsername=test_1789814299995_46
userweb-app  | ===========getbyname===================
userweb-app  | ===========getbyname===================
userweb-app  | ===========getbyname===================
userweb-app  | ===========getbyname===================
userweb-app  | ===========getbyname===================
userweb-app  | ===========getbyname===================
userweb-app  | ===========getbyname===================
userweb-app  | ===========getbyname===================
userweb-app  | ===========getbyname===================
userweb-app  | ===========getbyname===================
userweb-app  | ----------------Optional[com.example.demo.model.User@7c17eb75]
userweb-app  | ===========getbyname===================
userweb-app  | ----------------Optional[com.example.demo.model.User@3dcfe7f9]
userweb-app  | ------------------------------
userweb-app  | ----------------Optional[com.example.demo.model.User@6a58dda2]
userweb-app  | ===========getbyname===================
userweb-app  | ------------------------------
userweb-app  | ------------------------------
userweb-app  | ------------------------------
userweb-app  | ----------------Optional[com.example.demo.model.User@64176b03]
userweb-app  | ----------------Optional[com.example.demo.model.User@29bad26f]
userweb-app  | ----------------Optional[com.example.demo.model.User@2dda06ac]
userweb-app  | ===========getbyname===================
userweb-app  | ===========getbyname===================
userweb-app  | ===========getbyname===================
userweb-app  | ----------------Optional[com.example.demo.model.User@3fb55797]
userweb-app  | ----------------Optional[com.example.demo.model.User@68f93110]
userweb-app  | ------------------------------
userweb-app  | ===========getbyname===================
userweb-app  | ===========getbyname===================
userweb-app  | ===========getbyname===================
userweb-app  | ----------------Optional[com.example.demo.model.User@755bb683]
userweb-app  | ===========getbyname===================
userweb-app  | ----------------Optional[com.example.demo.model.User@1bb25ad2]
userweb-app  | ----------finish-------------
userweb-app  | ===========getbyname===================
userweb-app  | ===========getbyname===================
userweb-app  | ### AUTH USER ### requestUsername=test_1789814299995_46 | dbUsername=test_1789814299995_46 | userId=145
userweb-app  | ===========getbyname===================
userweb-app  | ----------------Optional[com.example.demo.model.User@60d4ab5a]
userweb-app  | ----------------Optional[com.example.demo.model.User@3dbf6e51]
userweb-app  | ----------------Optional[com.example.demo.model.User@a65651c]
userweb-app  | ===========getbyname===================
userweb-app  | ------------------------------
userweb-app  | ----------------Optional[com.example.demo.model.User@20ac8bbb]
userweb-app  | ------------------------------
userweb-app  | ===========getbyname===================
userweb-app  | ----------------Optional[com.example.demo.model.User@5398c3f8]
userweb-app  | ----------------Optional[com.example.demo.model.User@126f7996]
userweb-app  | ---------me 200---------
userweb-app  | ----------------Optional[com.example.demo.model.User@2b1fb47a]
userweb-app  | ------------------------------
userweb-app  | ----------------Optional[com.example.demo.model.User@7f8b601a]
userweb-app  | ----------------Optional[com.example.demo.model.User@63324427]
userweb-app  | ----------------Optional[com.example.demo.model.User@d17e899]
userweb-app  | ------------------------------
userweb-app  | ----------------Optional[com.example.demo.model.User@6f14338]
userweb-app  | ===========getbyname===================
userweb-app  | ----------------Optional[com.example.demo.model.User@7b2fa790]
userweb-app  | ---------me 200---------
userweb-app  | ----------------Optional[com.example.demo.model.User@325fc2c5]
userweb-app  | ------------------------------
userweb-app  | ----------------Optional[com.example.demo.model.User@23834269]
userweb-app  | ---------me 200---------
userweb-app  | ===========getbyname===================
userweb-app  | ----------finish-------------
userweb-app  | ### AUTH USER ### requestUsername=test_1789814299585_35 | dbUsername=test_1789814299585_35 | userId=142
userweb-app  | ----------------Optional[com.example.demo.model.User@2c7a110c]
userweb-app  | ----------------Optional[com.example.demo.model.User@7b7c5a21]
userweb-app  | ------------------------------
userweb-app  | ----------------Optional[com.example.demo.model.User@35ab3f87]
userweb-app  | ------------------------------
userweb-app  | ------------------------------
userweb-app  | ===========getbyname===================
userweb-app  | ===========getbyname===================
userweb-app  | ----------------Optional[com.example.demo.model.User@648339f]
userweb-app  | ===========getbyname===================
userweb-app  | ----------------Optional[com.example.demo.model.User@11667cfe]
userweb-app  | ----------------Optional[com.example.demo.model.User@69c091e7]
userweb-app  | ------------------------------
userweb-app  | ===========getbyname===================
userweb-app  | ------------------------------
userweb-app  | ----------------Optional[com.example.demo.model.User@d93495a]
userweb-app  | ===========getbyname===================
userweb-app  | ===========getbyname===================
userweb-app  | -----------test_1789814299561_44------1234--------
userweb-app  | ### AUTH ### Thread=http-nio-8080-exec-37 | requestUsername=test_1789814299561_44
userweb-app  | ===========getbyname===================
userweb-app  | ----------------Optional[com.example.demo.model.User@2bf4ed04]
userweb-app  | ----------------Optional[com.example.demo.model.User@3a43d3fd]
userweb-app  | ----------finish-------------
userweb-app  | ### AUTH USER ### requestUsername=test_1789814299561_44 | dbUsername=test_1789814299561_44 | userId=146
userweb-app  | ------------------------------
userweb-app  | ----------------Optional[com.example.demo.model.User@748524a9]
userweb-app  | ------------------------------
userweb-app  | ----------------Optional[com.example.demo.model.User@a66bd70]
userweb-app  | ===========getbyname===================
userweb-app  | ----------------Optional[com.example.demo.model.User@1a596687]
userweb-app  | ------------------------------
userweb-app  | ===========getbyname===================
userweb-app  | ===========getbyname===================
userweb-app  | ===========getbyname===================
userweb-app  | ----------------Optional[com.example.demo.model.User@77baae32]
userweb-app  | ===========getbyname===================
userweb-app  | ----------------Optional[com.example.demo.model.User@4e993160]
userweb-app  | ----------------Optional[com.example.demo.model.User@b1ac6d4]
userweb-app  | ===========getbyname===================
userweb-app  | -----------test_1789814299935_32------1234--------
userweb-app  | ### AUTH ### Thread=http-nio-8080-exec-39 | requestUsername=test_1789814299935_32
userweb-app  | ===========getbyname===================
userweb-app  | ----------------Optional[com.example.demo.model.User@3a8a4a34]
userweb-app  | ----------------Optional[com.example.demo.model.User@19389aa7]
userweb-app  | ===========getbyname===================
userweb-app  | ----------------Optional[com.example.demo.model.User@489b7600]
userweb-app  | ----------finish-------------
userweb-app  | ------------------------------
userweb-app  | ### AUTH USER ### requestUsername=test_1789814299935_32 | dbUsername=test_1789814299935_32 | userId=147
userweb-app  | ----------------Optional[com.example.demo.model.User@48f7dbc4]
userweb-app  | ===========getbyname===================
userweb-app  | -----------test_1789814299818_50------1234--------
userweb-app  | ### AUTH ### Thread=http-nio-8080-exec-22 | requestUsername=test_1789814299818_50
userweb-app  | ===========getbyname===================
userweb-app  | ===========getbyname===================
userweb-app  | ----------------Optional[com.example.demo.model.User@3018e7c8]
userweb-app  | ----------------Optional[com.example.demo.model.User@33e08a77]
userweb-app  | ===========getbyname===================
userweb-app  | ===========getbyname===================
userweb-app  | ===========getbyname===================
userweb-app  | ===========getbyname===================
userweb-app  | ===========getbyname===================
userweb-app  | ----------------Optional[com.example.demo.model.User@1e90dd7a]
userweb-app  | ----------------Optional[com.example.demo.model.User@62e792b]
userweb-app  | ----------finish-------------
userweb-app  | ### AUTH USER ### requestUsername=test_1789814299818_50 | dbUsername=test_1789814299818_50 | userId=144
userweb-app  | ---------me 200---------
userweb-app  | ----------------Optional[com.example.demo.model.User@2dc5ac38]
userweb-app  | ===========getbyname===================
userweb-app  | ----------------Optional[com.example.demo.model.User@5920317d]
userweb-app  | ===========getbyname===================
userweb-app  | ----------------Optional[com.example.demo.model.User@5627aa28]
userweb-app  | ----------------Optional[com.example.demo.model.User@459f6ce1]
userweb-app  | ===========getbyname===================
userweb-app  | ---------me 200---------
userweb-app  | ----------------Optional[com.example.demo.model.User@39ed21b0]
userweb-app  | ---------me 200---------
userweb-app  | -----------test_1789814299735_28------1234--------
userweb-app  | ### AUTH ### Thread=http-nio-8080-exec-36 | requestUsername=test_1789814299735_28
userweb-app  | ===========getbyname===================
userweb-app  | ----------------Optional[com.example.demo.model.User@6653c6e7]
userweb-app  | ----------finish-------------
userweb-app  | -----------test_1789814299896_29------1234--------
userweb-app  | ### AUTH USER ### requestUsername=test_1789814299735_28 | dbUsername=test_1789814299735_28 | userId=148
userweb-app  | ### AUTH ### Thread=http-nio-8080-exec-8 | requestUsername=test_1789814299896_29
userweb-app  | ===========getbyname===================
userweb-app  | ----------------Optional[com.example.demo.model.User@2d437af7]
userweb-app  | ----------------Optional[com.example.demo.model.User@2d827dd5]
userweb-app  | -----------test_1789814299968_45------1234--------
userweb-app  | ### AUTH ### Thread=http-nio-8080-exec-18 | requestUsername=test_1789814299968_45
userweb-app  | ===========getbyname===================
userweb-app  | ===========getbyname===================
userweb-app  | ----------------Optional[com.example.demo.model.User@7eeb4a95]
userweb-app  | ----------------Optional[com.example.demo.model.User@4b74b5a8]
userweb-app  | ----------finish-------------
userweb-app  | ### AUTH USER ### requestUsername=test_1789814299896_29 | dbUsername=test_1789814299896_29 | userId=150
userweb-app  | ----------finish-------------
userweb-app  | ### AUTH USER ### requestUsername=test_1789814299968_45 | dbUsername=test_1789814299968_45 | userId=149
userweb-app  | ===========getbyname===================
userweb-app  | ----------------Optional[com.example.demo.model.User@68a7c60e]
userweb-app  | ------------------------------
userweb-app  | ===========getbyname===================
userweb-app  | ----------------Optional[com.example.demo.model.User@6ee238bf]
userweb-app  | ------------------------------
userweb-app  | ----------------Optional[com.example.demo.model.User@1bce67cc]
userweb-app  | ------------------------------
userweb-app  | ===========getbyname===================
userweb-app  | ===========getbyname===================
userweb-app  | ----------------Optional[com.example.demo.model.User@6d306a04]
userweb-app  | ----------------Optional[com.example.demo.model.User@24b53506]
userweb-app  | ------------------------------
userweb-app  | ===========getbyname===================
userweb-app  | ----------------Optional[com.example.demo.model.User@1af72c1c]
userweb-app  | ===========getbyname===================
userweb-app  | ----------------Optional[com.example.demo.model.User@2eff1d0d]
userweb-app  | ===========getbyname===================
userweb-app  | ----------------Optional[com.example.demo.model.User@5a91640d]
userweb-app  | ------------------------------
userweb-app  | ===========getbyname===================
userweb-app  | ----------------Optional[com.example.demo.model.User@31c790f2]
userweb-app  | ===========getbyname===================
userweb-app  | ----------------Optional[com.example.demo.model.User@6b651d3f]
userweb-app  | ------------------------------
userweb-app  | ===========getbyname===================
userweb-app  | ----------------Optional[com.example.demo.model.User@4ad2647b]
userweb-app  | ===========getbyname===================
userweb-app  | ----------------Optional[com.example.demo.model.User@5adc9d5f]
userweb-app  | ===========getbyname===================
userweb-app  | ----------------Optional[com.example.demo.model.User@80ad13d]
userweb-app  | ------------------------------
userweb-app  | ===========getbyname===================
userweb-app  | ----------------Optional[com.example.demo.model.User@279cc0f4]
userweb-app  | ------------------------------
userweb-app  | ===========getbyname===================
userweb-app  | ----------------Optional[com.example.demo.model.User@368e3842]
userweb-app  | ===========getbyname===================
userweb-app  | ----------------Optional[com.example.demo.model.User@6af7f464]
userweb-app  | ===========getbyname===================
userweb-app  | ----------------Optional[com.example.demo.model.User@6e5c8e22]
userweb-app  | ------------------------------
userweb-app  | ===========getbyname===================
userweb-app  | ----------------Optional[com.example.demo.model.User@1542299e]
userweb-app  | ===========getbyname===================
userweb-app  | ------------------------------
userweb-app  | ----------------Optional[com.example.demo.model.User@380f9c38]
userweb-app  | ===========getbyname===================
userweb-app  | ----------------Optional[com.example.demo.model.User@158a3028]
