userweb-app  | 
userweb-app  |   .   ____          _            __ _ _
userweb-app  |  /\\ / ___'_ __ _ _(_)_ __  __ _ \ \ \ \
userweb-app  | ( ( )\___ | '_ | '_| | '_ \/ _` | \ \ \ \
userweb-app  |  \\/  ___)| |_)| | | | | || (_| |  ) ) ) )
userweb-app  |   '  |____| .__|_| |_|_| |_\__, | / / / /
userweb-app  |  =========|_|==============|___/=/_/_/_/
userweb-app  | 
userweb-app  |  :: Spring Boot ::                (v4.1.1)
userweb-app  | 
userweb-app  | 2026-09-24T07:38:44.271Z  INFO 1 --- [UserWeb20260907] [           main] c.e.demo.UserWeb20260907Application      : Starting UserWeb20260907Application v0.0.1-SNAPSHOT using Java 21.0.12 with PID 1 (/app/app.jar started by root in /app)
userweb-app  | 2026-09-24T07:38:44.275Z  INFO 1 --- [UserWeb20260907] [           main] c.e.demo.UserWeb20260907Application      : No active profile set, falling back to 1 default profile: "default"
userweb-app  | 2026-09-24T07:38:45.227Z  INFO 1 --- [UserWeb20260907] [           main] .s.d.r.c.RepositoryConfigurationDelegate : Bootstrapping Spring Data JPA repositories in DEFAULT mode.
userweb-app  | 2026-09-24T07:38:45.277Z  INFO 1 --- [UserWeb20260907] [           main] .s.d.r.c.RepositoryConfigurationDelegate : Finished Spring Data repository scanning in 33 ms. Found 2 JPA repository interfaces.
userweb-app  | 2026-09-24T07:38:45.840Z  INFO 1 --- [UserWeb20260907] [           main] o.s.boot.tomcat.TomcatWebServer          : Tomcat initialized with port 8080 (http)
userweb-app  | 2026-09-24T07:38:45.854Z  INFO 1 --- [UserWeb20260907] [           main] o.apache.catalina.core.StandardService   : Starting service [Tomcat]
userweb-app  | 2026-09-24T07:38:45.854Z  INFO 1 --- [UserWeb20260907] [           main] o.apache.catalina.core.StandardEngine    : Starting Servlet engine: [Apache Tomcat/11.0.24]
userweb-app  | 2026-09-24T07:38:45.879Z  INFO 1 --- [UserWeb20260907] [           main] b.w.c.s.WebApplicationContextInitializer : Root WebApplicationContext: initialization completed in 1546 ms
userweb-app  | 2026-09-24T07:38:46.203Z  INFO 1 --- [UserWeb20260907] [           main] org.hibernate.orm.jpa                    : HHH008540: Processing PersistenceUnitInfo [name: default]
userweb-app  | 2026-09-24T07:38:46.273Z  INFO 1 --- [UserWeb20260907] [           main] org.hibernate.orm.core                   : HHH000001: Hibernate ORM core version 7.4.5.Final
userweb-app  | 2026-09-24T07:38:46.845Z  INFO 1 --- [UserWeb20260907] [           main] o.s.o.j.p.SpringPersistenceUnitInfo      : No LoadTimeWeaver setup: ignoring JPA class transformer
userweb-app  | 2026-09-24T07:38:46.871Z  INFO 1 --- [UserWeb20260907] [           main] com.zaxxer.hikari.HikariDataSource       : HikariPool-1 - Starting...
userweb-app  | 2026-09-24T07:38:47.212Z  INFO 1 --- [UserWeb20260907] [           main] com.zaxxer.hikari.pool.HikariPool        : HikariPool-1 - Added connection com.mysql.cj.jdbc.ConnectionImpl@67396475
userweb-app  | 2026-09-24T07:38:47.215Z  INFO 1 --- [UserWeb20260907] [           main] com.zaxxer.hikari.HikariDataSource       : HikariPool-1 - Start completed.
userweb-app  | 2026-09-24T07:38:47.281Z  WARN 1 --- [UserWeb20260907] [           main] org.hibernate.orm.deprecation            : HHH90000025: MySQLDialect does not need to be specified explicitly using 'hibernate.dialect' (remove the property setting and it will be selected by default)
userweb-app  | 2026-09-24T07:38:47.300Z  INFO 1 --- [UserWeb20260907] [           main] org.hibernate.orm.connections.pooling    : HHH10001005: Database info:
userweb-app  | 	Database JDBC URL [jdbc:mysql://mysql-db:3306/company]
userweb-app  | 	Database driver: MySQL Connector/J
userweb-app  | 	Database dialect: MySQLDialect
userweb-app  | 	Database version: 9.7.2
userweb-app  | 	Default catalog/schema: company/undefined
userweb-app  | 	Autocommit mode: undefined/unknown
userweb-app  | 	Isolation level: REPEATABLE_READ [default REPEATABLE_READ]
userweb-app  | 	JDBC fetch size: none
userweb-app  | 	Pool: DataSourceConnectionProvider
userweb-app  | 	Minimum pool size: undefined/unknown
userweb-app  | 	Maximum pool size: undefined/unknown
userweb-app  | 2026-09-24T07:38:48.061Z  INFO 1 --- [UserWeb20260907] [           main] org.hibernate.orm.core                   : HHH000489: No JTA platform available (set 'hibernate.transaction.jta.platform' to enable JTA platform integration)
userweb-app  | 2026-09-24T07:38:48.152Z  WARN 1 --- [UserWeb20260907] [           main] o.h.t.s.i.ExceptionHandlerLoggedImpl     : GenerationTarget encountered exception accepting command : Error executing DDL "alter table usercontent drop foreign key FKctv61sdaeqrkd5nuloye8xmjm" via JDBC [Table 'company.usercontent' doesn't exist]
userweb-app  | 
userweb-app  | org.hibernate.tool.schema.spi.CommandAcceptanceException: Error executing DDL "alter table usercontent drop foreign key FKctv61sdaeqrkd5nuloye8xmjm" via JDBC [Table 'company.usercontent' doesn't exist]
userweb-app  | 	at org.hibernate.tool.schema.internal.exec.GenerationTargetToDatabase.accept(GenerationTargetToDatabase.java:91) ~[hibernate-core-7.4.5.Final.jar!/:7.4.5.Final]
userweb-app  | 	at org.hibernate.tool.schema.internal.Helper.applySqlString(Helper.java:218) ~[hibernate-core-7.4.5.Final.jar!/:7.4.5.Final]
userweb-app  | 	at org.hibernate.tool.schema.internal.Helper.applySqlStrings(Helper.java:204) ~[hibernate-core-7.4.5.Final.jar!/:7.4.5.Final]
userweb-app  | 	at org.hibernate.tool.schema.internal.SchemaDropperImpl.applyConstraintDropping(SchemaDropperImpl.java:473) ~[hibernate-core-7.4.5.Final.jar!/:7.4.5.Final]
userweb-app  | 	at org.hibernate.tool.schema.internal.SchemaDropperImpl.dropConstraintsTablesSequences(SchemaDropperImpl.java:237) ~[hibernate-core-7.4.5.Final.jar!/:7.4.5.Final]
userweb-app  | 	at org.hibernate.tool.schema.internal.SchemaDropperImpl.dropFromMetadata(SchemaDropperImpl.java:210) ~[hibernate-core-7.4.5.Final.jar!/:7.4.5.Final]
userweb-app  | 	at org.hibernate.tool.schema.internal.SchemaDropperImpl.performDrop(SchemaDropperImpl.java:182) ~[hibernate-core-7.4.5.Final.jar!/:7.4.5.Final]
userweb-app  | 	at org.hibernate.tool.schema.internal.SchemaDropperImpl.doDrop(SchemaDropperImpl.java:152) ~[hibernate-core-7.4.5.Final.jar!/:7.4.5.Final]
userweb-app  | 	at org.hibernate.tool.schema.internal.SchemaDropperImpl.doDrop(SchemaDropperImpl.java:112) ~[hibernate-core-7.4.5.Final.jar!/:7.4.5.Final]
userweb-app  | 	at org.hibernate.tool.schema.spi.SchemaManagementToolCoordinator.performDatabaseAction(SchemaManagementToolCoordinator.java:227) ~[hibernate-core-7.4.5.Final.jar!/:7.4.5.Final]
userweb-app  | 	at org.hibernate.tool.schema.spi.SchemaManagementToolCoordinator.lambda$process$1(SchemaManagementToolCoordinator.java:101) ~[hibernate-core-7.4.5.Final.jar!/:7.4.5.Final]
userweb-app  | 	at java.base/java.util.HashMap.forEach(Unknown Source) ~[na:na]
userweb-app  | 	at org.hibernate.tool.schema.spi.SchemaManagementToolCoordinator.process(SchemaManagementToolCoordinator.java:100) ~[hibernate-core-7.4.5.Final.jar!/:7.4.5.Final]
userweb-app  | 	at org.hibernate.boot.internal.SessionFactoryObserverForSchemaExport.sessionFactoryCreated(SessionFactoryObserverForSchemaExport.java:35) ~[hibernate-core-7.4.5.Final.jar!/:7.4.5.Final]
userweb-app  | 	at org.hibernate.internal.SessionFactoryObserverChain.sessionFactoryCreated(SessionFactoryObserverChain.java:33) ~[hibernate-core-7.4.5.Final.jar!/:7.4.5.Final]
userweb-app  | 	at org.hibernate.internal.SessionFactoryImpl.<init>(SessionFactoryImpl.java:327) ~[hibernate-core-7.4.5.Final.jar!/:7.4.5.Final]
userweb-app  | 	at org.hibernate.internal.SessionFactoryRegistry.instantiateSessionFactory(SessionFactoryRegistry.java:64) ~[hibernate-core-7.4.5.Final.jar!/:7.4.5.Final]
userweb-app  | 	at org.hibernate.boot.internal.SessionFactoryBuilderImpl.build(SessionFactoryBuilderImpl.java:458) ~[hibernate-core-7.4.5.Final.jar!/:7.4.5.Final]
userweb-app  | 	at org.hibernate.jpa.boot.internal.EntityManagerFactoryBuilderImpl.build(EntityManagerFactoryBuilderImpl.java:1452) ~[hibernate-core-7.4.5.Final.jar!/:7.4.5.Final]
userweb-app  | 	at org.springframework.orm.jpa.vendor.SpringHibernateJpaPersistenceProvider.createContainerEntityManagerFactory(SpringHibernateJpaPersistenceProvider.java:93) ~[spring-orm-7.0.9.jar!/:7.0.9]
userweb-app  | 	at org.springframework.orm.jpa.LocalContainerEntityManagerFactoryBean.createNativeEntityManagerFactory(LocalContainerEntityManagerFactoryBean.java:443) ~[spring-orm-7.0.9.jar!/:7.0.9]
userweb-app  | 	at org.springframework.orm.jpa.AbstractEntityManagerFactoryBean.buildNativeEntityManagerFactory(AbstractEntityManagerFactoryBean.java:436) ~[spring-orm-7.0.9.jar!/:7.0.9]
userweb-app  | 	at org.springframework.orm.jpa.AbstractEntityManagerFactoryBean.afterPropertiesSet(AbstractEntityManagerFactoryBean.java:411) ~[spring-orm-7.0.9.jar!/:7.0.9]
userweb-app  | 	at org.springframework.orm.jpa.LocalContainerEntityManagerFactoryBean.afterPropertiesSet(LocalContainerEntityManagerFactoryBean.java:419) ~[spring-orm-7.0.9.jar!/:7.0.9]
userweb-app  | 	at org.springframework.beans.factory.support.AbstractAutowireCapableBeanFactory.invokeInitMethods(AbstractAutowireCapableBeanFactory.java:1862) ~[spring-beans-7.0.9.jar!/:7.0.9]
userweb-app  | 	at org.springframework.beans.factory.support.AbstractAutowireCapableBeanFactory.initializeBean(AbstractAutowireCapableBeanFactory.java:1811) ~[spring-beans-7.0.9.jar!/:7.0.9]
userweb-app  | 	at org.springframework.beans.factory.support.AbstractAutowireCapableBeanFactory.doCreateBean(AbstractAutowireCapableBeanFactory.java:603) ~[spring-beans-7.0.9.jar!/:7.0.9]
userweb-app  | 	at org.springframework.beans.factory.support.AbstractAutowireCapableBeanFactory.createBean(AbstractAutowireCapableBeanFactory.java:525) ~[spring-beans-7.0.9.jar!/:7.0.9]
userweb-app  | 	at org.springframework.beans.factory.support.AbstractBeanFactory.lambda$doGetBean$0(AbstractBeanFactory.java:333) ~[spring-beans-7.0.9.jar!/:7.0.9]
userweb-app  | 	at org.springframework.beans.factory.support.DefaultSingletonBeanRegistry.getSingleton(DefaultSingletonBeanRegistry.java:371) ~[spring-beans-7.0.9.jar!/:7.0.9]
userweb-app  | 	at org.springframework.beans.factory.support.AbstractBeanFactory.doGetBean(AbstractBeanFactory.java:331) ~[spring-beans-7.0.9.jar!/:7.0.9]
userweb-app  | 	at org.springframework.beans.factory.support.AbstractBeanFactory.getBean(AbstractBeanFactory.java:201) ~[spring-beans-7.0.9.jar!/:7.0.9]
userweb-app  | 	at org.springframework.context.support.AbstractApplicationContext.finishBeanFactoryInitialization(AbstractApplicationContext.java:977) ~[spring-context-7.0.9.jar!/:7.0.9]
userweb-app  | 	at org.springframework.context.support.AbstractApplicationContext.refresh(AbstractApplicationContext.java:621) ~[spring-context-7.0.9.jar!/:7.0.9]
userweb-app  | 	at org.springframework.boot.web.server.servlet.context.ServletWebServerApplicationContext.refresh(ServletWebServerApplicationContext.java:143) ~[spring-boot-web-server-4.1.1.jar!/:4.1.1]
userweb-app  | 	at org.springframework.boot.SpringApplication.refresh(SpringApplication.java:756) ~[spring-boot-4.1.1.jar!/:4.1.1]
userweb-app  | 	at org.springframework.boot.SpringApplication.refreshContext(SpringApplication.java:445) ~[spring-boot-4.1.1.jar!/:4.1.1]
userweb-app  | 	at org.springframework.boot.SpringApplication.run(SpringApplication.java:321) ~[spring-boot-4.1.1.jar!/:4.1.1]
userweb-app  | 	at org.springframework.boot.SpringApplication.run(SpringApplication.java:1365) ~[spring-boot-4.1.1.jar!/:4.1.1]
userweb-app  | 	at org.springframework.boot.SpringApplication.run(SpringApplication.java:1354) ~[spring-boot-4.1.1.jar!/:4.1.1]
userweb-app  | 	at com.example.demo.UserWeb20260907Application.main(UserWeb20260907Application.java:11) ~[!/:0.0.1-SNAPSHOT]
userweb-app  | 	at java.base/jdk.internal.reflect.DirectMethodHandleAccessor.invoke(Unknown Source) ~[na:na]
userweb-app  | 	at java.base/java.lang.reflect.Method.invoke(Unknown Source) ~[na:na]
userweb-app  | 	at org.springframework.boot.loader.launch.Launcher.launch(Launcher.java:106) ~[app.jar:0.0.1-SNAPSHOT]
userweb-app  | 	at org.springframework.boot.loader.launch.Launcher.launch(Launcher.java:64) ~[app.jar:0.0.1-SNAPSHOT]
userweb-app  | 	at org.springframework.boot.loader.launch.JarLauncher.main(JarLauncher.java:40) ~[app.jar:0.0.1-SNAPSHOT]
userweb-app  | Caused by: java.sql.SQLSyntaxErrorException: Table 'company.usercontent' doesn't exist
userweb-app  | 	at com.mysql.cj.jdbc.exceptions.SQLError.createSQLException(SQLError.java:112) ~[mysql-connector-j-9.7.0.jar!/:9.7.0]
userweb-app  | 	at com.mysql.cj.jdbc.exceptions.SQLExceptionsMapping.translateException(SQLExceptionsMapping.java:114) ~[mysql-connector-j-9.7.0.jar!/:9.7.0]
userweb-app  | 	at com.mysql.cj.jdbc.StatementImpl.executeInternal(StatementImpl.java:839) ~[mysql-connector-j-9.7.0.jar!/:9.7.0]
userweb-app  | 	at com.mysql.cj.jdbc.StatementImpl.execute(StatementImpl.java:687) ~[mysql-connector-j-9.7.0.jar!/:9.7.0]
userweb-app  | 	at com.zaxxer.hikari.pool.ProxyStatement.execute(ProxyStatement.java:95) ~[HikariCP-7.0.2.jar!/:na]
userweb-app  | 	at com.zaxxer.hikari.pool.HikariProxyStatement.execute(HikariProxyStatement.java) ~[HikariCP-7.0.2.jar!/:na]
userweb-app  | 	at org.hibernate.tool.schema.internal.exec.GenerationTargetToDatabase.accept(GenerationTargetToDatabase.java:86) ~[hibernate-core-7.4.5.Final.jar!/:7.4.5.Final]
userweb-app  | 	... 45 common frames omitted
userweb-app  | 
userweb-app  | 2026-09-24T07:38:48.524Z  INFO 1 --- [UserWeb20260907] [           main] j.LocalContainerEntityManagerFactoryBean : Initialized JPA EntityManagerFactory for persistence unit 'default'
userweb-app  | 2026-09-24T07:38:48.595Z  INFO 1 --- [UserWeb20260907] [           main] o.s.d.j.r.query.QueryEnhancerFactories   : Hibernate is in classpath; If applicable, HQL parser will be used.
userweb-app  | 2026-09-24T07:38:49.116Z  INFO 1 --- [UserWeb20260907] [           main] r$InitializeUserDetailsManagerConfigurer : Global AuthenticationManager configured with UserDetailsService bean with name customUserDetailsService
userweb-app  | 2026-09-24T07:38:49.167Z  WARN 1 --- [UserWeb20260907] [           main] JpaBaseConfiguration$JpaWebConfiguration : spring.jpa.open-in-view is enabled by default. Therefore, database queries may be performed during view rendering. Explicitly configure spring.jpa.open-in-view to disable this warning
userweb-app  | 2026-09-24T07:38:49.745Z  INFO 1 --- [UserWeb20260907] [           main] o.s.boot.tomcat.TomcatWebServer          : Tomcat started on port 8080 (http) with context path '/'
userweb-app  | 2026-09-24T07:38:49.761Z  INFO 1 --- [UserWeb20260907] [           main] c.e.demo.UserWeb20260907Application      : Started UserWeb20260907Application in 5.973 seconds (process running for 6.852)
userweb-app  | 2026-09-24T07:38:51.270Z  INFO 1 --- [UserWeb20260907] [nio-8080-exec-1] o.a.c.c.C.[Tomcat].[localhost].[/]       : Initializing Spring DispatcherServlet 'dispatcherServlet'
userweb-app  | 2026-09-24T07:38:51.271Z  INFO 1 --- [UserWeb20260907] [nio-8080-exec-1] o.s.web.servlet.DispatcherServlet        : Initializing Servlet 'dispatcherServlet'
userweb-app  | 2026-09-24T07:38:51.272Z  INFO 1 --- [UserWeb20260907] [nio-8080-exec-1] o.s.web.servlet.DispatcherServlet        : Completed initialization in 1 ms
userweb-app  | -----------test7------1234--------
userweb-app  | -----------test6------1234--------
userweb-app  | -----------test1------1234--------
userweb-app  | -----------test8------1234--------
userweb-app  | -----------test3------1234--------
userweb-app  | -----------test9------1234--------
userweb-app  | -----------test2------1234--------
userweb-app  | -----------test4------1234--------
userweb-app  | -----------test5------1234--------
userweb-app  | -----------test10------1234--------
userweb-app  | -----------test11------1234--------
userweb-app  | ### AUTH ### Thread=http-nio-8080-exec-9 | requestUsername=test7
userweb-app  | ===========getbyname===================
userweb-app  | ### AUTH ### Thread=http-nio-8080-exec-8 | requestUsername=test1
userweb-app  | ===========getbyname===================
userweb-app  | -----------test12------1234--------
userweb-app  | ### AUTH ### Thread=http-nio-8080-exec-12 | requestUsername=test12
userweb-app  | ===========getbyname===================
userweb-app  | ----------------Optional[com.example.demo.model.User@3a6adb14]
userweb-app  | ----------------Optional[com.example.demo.model.User@551e0f5c]
userweb-app  | ----------------Optional[com.example.demo.model.User@398abc34]
userweb-app  | ----------finish-------------
userweb-app  | ### AUTH USER ### requestUsername=test12 | dbUsername=test12 | userId=12
userweb-app  | ### AUTH ### Thread=http-nio-8080-exec-5 | requestUsername=test4
userweb-app  | ===========getbyname===================
userweb-app  | -----------test13------1234--------
userweb-app  | ### AUTH ### Thread=http-nio-8080-exec-13 | requestUsername=test13
userweb-app  | ===========getbyname===================
userweb-app  | ----------finish-------------
userweb-app  | ### AUTH USER ### requestUsername=test7 | dbUsername=test7 | userId=7
userweb-app  | ----------------Optional[com.example.demo.model.User@5352abb9]
userweb-app  | ----------------Optional[com.example.demo.model.User@47d2562a]
userweb-app  | ----------finish-------------
userweb-app  | ### AUTH USER ### requestUsername=test1 | dbUsername=test1 | userId=1
userweb-app  | ----------finish-------------
userweb-app  | ### AUTH USER ### requestUsername=test13 | dbUsername=test13 | userId=13
userweb-app  | ### AUTH ### Thread=http-nio-8080-exec-1 | requestUsername=test9
userweb-app  | ===========getbyname===================
userweb-app  | ----------------Optional[com.example.demo.model.User@2e892903]
userweb-app  | ### AUTH ### Thread=http-nio-8080-exec-3 | requestUsername=test2
userweb-app  | ===========getbyname===================
userweb-app  | ----------finish-------------
userweb-app  | ----------finish-------------
userweb-app  | ### AUTH USER ### requestUsername=test4 | dbUsername=test4 | userId=4
userweb-app  | ### AUTH USER ### requestUsername=test9 | dbUsername=test9 | userId=9
userweb-app  | ----------------Optional[com.example.demo.model.User@fca607d]
userweb-app  | ----------finish-------------
userweb-app  | ### AUTH USER ### requestUsername=test2 | dbUsername=test2 | userId=2
userweb-app  | ### AUTH ### Thread=http-nio-8080-exec-2 | requestUsername=test10
userweb-app  | ===========getbyname===================
userweb-app  | ----------------Optional[com.example.demo.model.User@5e0e7e10]
userweb-app  | -----------test14------1234--------
userweb-app  | ### AUTH ### Thread=http-nio-8080-exec-14 | requestUsername=test14
userweb-app  | ===========getbyname===================
userweb-app  | ----------------Optional[com.example.demo.model.User@683d4ee4]
userweb-app  | ----------finish-------------
userweb-app  | ### AUTH USER ### requestUsername=test10 | dbUsername=test10 | userId=10
userweb-app  | ----------finish-------------
userweb-app  | ### AUTH USER ### requestUsername=test14 | dbUsername=test14 | userId=14
userweb-app  | ### AUTH ### Thread=http-nio-8080-exec-4 | requestUsername=test3
userweb-app  | ===========getbyname===================
userweb-app  | ----------------Optional[com.example.demo.model.User@4471a3d1]
userweb-app  | -----------test15------1234--------
userweb-app  | ### AUTH ### Thread=http-nio-8080-exec-15 | requestUsername=test15
userweb-app  | ===========getbyname===================
userweb-app  | ### AUTH ### Thread=http-nio-8080-exec-10 | requestUsername=test8
userweb-app  | ----------finish-------------
userweb-app  | ----------------Optional[com.example.demo.model.User@7e50c1c7]
userweb-app  | ### AUTH USER ### requestUsername=test3 | dbUsername=test3 | userId=3
userweb-app  | ### AUTH ### Thread=http-nio-8080-exec-7 | requestUsername=test6
userweb-app  | ===========getbyname===================
userweb-app  | ----------finish-------------
userweb-app  | ### AUTH USER ### requestUsername=test15 | dbUsername=test15 | userId=15
userweb-app  | ----------------Optional[com.example.demo.model.User@7f82d3a]
userweb-app  | ### AUTH ### Thread=http-nio-8080-exec-6 | requestUsername=test5
userweb-app  | ===========getbyname===================
userweb-app  | ===========getbyname===================
userweb-app  | ----------------Optional[com.example.demo.model.User@dc166dc]
userweb-app  | ----------------Optional[com.example.demo.model.User@3b4a7098]
userweb-app  | ----------finish-------------
userweb-app  | ### AUTH USER ### requestUsername=test6 | dbUsername=test6 | userId=6
userweb-app  | ----------finish-------------
userweb-app  | ### AUTH USER ### requestUsername=test5 | dbUsername=test5 | userId=5
userweb-app  | ----------finish-------------
userweb-app  | ### AUTH USER ### requestUsername=test8 | dbUsername=test8 | userId=8
userweb-app  | -----------test16------1234--------
userweb-app  | ### AUTH ### Thread=http-nio-8080-exec-16 | requestUsername=test16
userweb-app  | ===========getbyname===================
userweb-app  | ----------------Optional[com.example.demo.model.User@cdec7da]
userweb-app  | ----------finish-------------
userweb-app  | ### AUTH USER ### requestUsername=test16 | dbUsername=test16 | userId=16
userweb-app  | ### AUTH ### Thread=http-nio-8080-exec-11 | requestUsername=test11
userweb-app  | ===========getbyname===================
userweb-app  | -----------test17------1234--------
userweb-app  | ### AUTH ### Thread=http-nio-8080-exec-17 | requestUsername=test17
userweb-app  | ===========getbyname===================
userweb-app  | ----------------Optional[com.example.demo.model.User@7dd024f3]
userweb-app  | ----------finish-------------
userweb-app  | ### AUTH USER ### requestUsername=test11 | dbUsername=test11 | userId=11
userweb-app  | -----------test18------1234--------
userweb-app  | ### AUTH ### Thread=http-nio-8080-exec-18 | requestUsername=test18
userweb-app  | ===========getbyname===================
userweb-app  | ----------------Optional[com.example.demo.model.User@3768f522]
userweb-app  | ----------------Optional[com.example.demo.model.User@2b3cfcd8]
userweb-app  | ----------finish-------------
userweb-app  | ### AUTH USER ### requestUsername=test18 | dbUsername=test18 | userId=18
userweb-app  | ----------finish-------------
userweb-app  | ### AUTH USER ### requestUsername=test17 | dbUsername=test17 | userId=17
userweb-app  | -----------test19------1234--------
userweb-app  | ### AUTH ### Thread=http-nio-8080-exec-19 | requestUsername=test19
userweb-app  | ===========getbyname===================
userweb-app  | ----------------Optional[com.example.demo.model.User@2432df38]
userweb-app  | ----------finish-------------
userweb-app  | ### AUTH USER ### requestUsername=test19 | dbUsername=test19 | userId=19
userweb-app  | -----------test20------1234--------
userweb-app  | ### AUTH ### Thread=http-nio-8080-exec-20 | requestUsername=test20
userweb-app  | ===========getbyname===================
userweb-app  | ----------------Optional[com.example.demo.model.User@28f5db0b]
userweb-app  | ----------finish-------------
userweb-app  | ### AUTH USER ### requestUsername=test20 | dbUsername=test20 | userId=20
userweb-app  | -----------test21------1234--------
userweb-app  | ### AUTH ### Thread=http-nio-8080-exec-21 | requestUsername=test21
userweb-app  | ===========getbyname===================
userweb-app  | ----------------Optional[com.example.demo.model.User@55043744]
userweb-app  | ----------finish-------------
userweb-app  | ### AUTH USER ### requestUsername=test21 | dbUsername=test21 | userId=21
userweb-app  | -----------test22------1234--------
userweb-app  | ### AUTH ### Thread=http-nio-8080-exec-22 | requestUsername=test22
userweb-app  | ===========getbyname===================
userweb-app  | ----------------Optional[com.example.demo.model.User@26e8d9e1]
userweb-app  | ----------finish-------------
userweb-app  | ### AUTH USER ### requestUsername=test22 | dbUsername=test22 | userId=22
userweb-app  | -----------test23------1234--------
userweb-app  | ### AUTH ### Thread=http-nio-8080-exec-23 | requestUsername=test23
userweb-app  | ===========getbyname===================
userweb-app  | ----------------Optional[com.example.demo.model.User@70723f8e]
userweb-app  | ----------finish-------------
userweb-app  | ### AUTH USER ### requestUsername=test23 | dbUsername=test23 | userId=23
userweb-app  | -----------test24------1234--------
userweb-app  | ### AUTH ### Thread=http-nio-8080-exec-24 | requestUsername=test24
userweb-app  | ===========getbyname===================
userweb-app  | ----------------Optional[com.example.demo.model.User@27e29876]
userweb-app  | ----------finish-------------
userweb-app  | ### AUTH USER ### requestUsername=test24 | dbUsername=test24 | userId=24
userweb-app  | ===========getbyname===================
userweb-app  | ----------------Optional[com.example.demo.model.User@1224b79e]
userweb-app  | ------------------------------
userweb-app  | -----------test25------1234--------
userweb-app  | ### AUTH ### Thread=http-nio-8080-exec-25 | requestUsername=test25
userweb-app  | ===========getbyname===================
userweb-app  | ----------------Optional[com.example.demo.model.User@428c18db]
userweb-app  | ----------finish-------------
userweb-app  | ### AUTH USER ### requestUsername=test25 | dbUsername=test25 | userId=25
userweb-app  | ===========getbyname===================
userweb-app  | ----------------Optional[com.example.demo.model.User@65fe5332]
userweb-app  | -----------test26------1234--------
userweb-app  | ### AUTH ### Thread=http-nio-8080-exec-26 | requestUsername=test26
userweb-app  | ===========getbyname===================
userweb-app  | ------------------------------
userweb-app  | ===========getbyname===================
userweb-app  | ----------------Optional[com.example.demo.model.User@36bff626]
userweb-app  | ------------------------------
userweb-app  | -----------test27------1234--------
userweb-app  | ### AUTH ### Thread=http-nio-8080-exec-27 | requestUsername=test27
userweb-app  | ===========getbyname===================
userweb-app  | ----------------Optional[com.example.demo.model.User@1a539881]
userweb-app  | ----------finish-------------
userweb-app  | ### AUTH USER ### requestUsername=test27 | dbUsername=test27 | userId=27
userweb-app  | ===========getbyname===================
userweb-app  | ----------------Optional[com.example.demo.model.User@66590830]
userweb-app  | ------------------------------
userweb-app  | ----------------Optional[com.example.demo.model.User@3a14eb37]
userweb-app  | ===========getbyname===================
userweb-app  | -----------test28------1234--------
userweb-app  | ### AUTH ### Thread=http-nio-8080-exec-28 | requestUsername=test28
userweb-app  | ===========getbyname===================
userweb-app  | ----------------Optional[com.example.demo.model.User@2f7cc2d4]
userweb-app  | ----------finish-------------
userweb-app  | ### AUTH USER ### requestUsername=test28 | dbUsername=test28 | userId=28
userweb-app  | ----------finish-------------
userweb-app  | ### AUTH USER ### requestUsername=test26 | dbUsername=test26 | userId=26
userweb-app  | ===========getbyname===================
userweb-app  | ===========getbyname===================
userweb-app  | ----------------Optional[com.example.demo.model.User@615be92a]
userweb-app  | ----------------Optional[com.example.demo.model.User@5e403a7d]
userweb-app  | ------------------------------
userweb-app  | ------------------------------
userweb-app  | ===========getbyname===================
userweb-app  | ----------------Optional[com.example.demo.model.User@4164e4af]
userweb-app  | ----------------Optional[com.example.demo.model.User@1aabad50]
userweb-app  | ------------------------------
userweb-app  | ------------------------------
userweb-app  | -----------test29------1234--------
userweb-app  | ### AUTH ### Thread=http-nio-8080-exec-29 | requestUsername=test29
userweb-app  | ===========getbyname===================
userweb-app  | ----------------Optional[com.example.demo.model.User@573ff831]
userweb-app  | ===========getbyname===================
userweb-app  | ----------finish-------------
userweb-app  | ===========getbyname===================
userweb-app  | ----------------Optional[com.example.demo.model.User@30d2a21]
userweb-app  | ------------------------------
userweb-app  | ### AUTH USER ### requestUsername=test29 | dbUsername=test29 | userId=29
userweb-app  | ----------------Optional[com.example.demo.model.User@2dacd05c]
userweb-app  | ===========getbyname===================
userweb-app  | -----------test30------1234--------
userweb-app  | ### AUTH ### Thread=http-nio-8080-exec-30 | requestUsername=test30
userweb-app  | ===========getbyname===================
userweb-app  | ----------------Optional[com.example.demo.model.User@50ed9563]
userweb-app  | ------------------------------
userweb-app  | ----------------Optional[com.example.demo.model.User@6a5ba960]
userweb-app  | ===========getbyname===================
userweb-app  | ------------------------------
userweb-app  | ----------------Optional[com.example.demo.model.User@7299fc07]
userweb-app  | ===========getbyname===================
userweb-app  | ------------------------------
userweb-app  | ===========getbyname===================
userweb-app  | ===========getbyname===================
userweb-app  | ----------------Optional[com.example.demo.model.User@17379e0a]
userweb-app  | ------------------------------
userweb-app  | ----------finish-------------
userweb-app  | ### AUTH USER ### requestUsername=test30 | dbUsername=test30 | userId=30
userweb-app  | -----------test31------1234--------
userweb-app  | ### AUTH ### Thread=http-nio-8080-exec-31 | requestUsername=test31
userweb-app  | ===========getbyname===================
userweb-app  | ----------------Optional[com.example.demo.model.User@2a6aa908]
userweb-app  | ===========getbyname===================
userweb-app  | ----------------Optional[com.example.demo.model.User@51addc06]
userweb-app  | ===========getbyname===================
userweb-app  | ===========getbyname===================
userweb-app  | ----------finish-------------
userweb-app  | ### AUTH USER ### requestUsername=test31 | dbUsername=test31 | userId=31
userweb-app  | ===========getbyname===================
userweb-app  | ----------------Optional[com.example.demo.model.User@4c0b4f5d]
userweb-app  | ===========getbyname===================
userweb-app  | ------------------------------
userweb-app  | ----------------Optional[com.example.demo.model.User@25a0dd20]
userweb-app  | ----------------Optional[com.example.demo.model.User@7a4032c]
userweb-app  | ------------------------------
userweb-app  | ===========getbyname===================
userweb-app  | ===========getbyname===================
userweb-app  | ----------------Optional[com.example.demo.model.User@64e1c1c7]
userweb-app  | ------------------------------
userweb-app  | ------------------------------
userweb-app  | ----------------Optional[com.example.demo.model.User@e987644]
userweb-app  | ----------------Optional[com.example.demo.model.User@1b06cb01]
userweb-app  | ----------------Optional[com.example.demo.model.User@54cbceab]
userweb-app  | ------------------------------
userweb-app  | ------------------------------
userweb-app  | ===========getbyname===================
userweb-app  | ------------------------------
userweb-app  | ------------------------------
userweb-app  | ----------------Optional[com.example.demo.model.User@7190d578]
userweb-app  | ------------------------------
userweb-app  | ----------------Optional[com.example.demo.model.User@76bd38d]
userweb-app  | ------------------------------
userweb-app  | -----------test32------1234--------
userweb-app  | ### AUTH ### Thread=http-nio-8080-exec-22 | requestUsername=test32
userweb-app  | ===========getbyname===================
userweb-app  | ===========getbyname===================
userweb-app  | ----------------Optional[com.example.demo.model.User@5220f33b]
userweb-app  | ----------------Optional[com.example.demo.model.User@37d89990]
userweb-app  | ===========getbyname===================
userweb-app  | ----------finish-------------
userweb-app  | ### AUTH USER ### requestUsername=test32 | dbUsername=test32 | userId=32
userweb-app  | ----------------Optional[com.example.demo.model.User@57c8c85f]
userweb-app  | ------------------------------
userweb-app  | ------------------------------
userweb-app  | -----------test33------1234--------
userweb-app  | ### AUTH ### Thread=http-nio-8080-exec-9 | requestUsername=test33
userweb-app  | ===========getbyname===================
userweb-app  | ----------------Optional[com.example.demo.model.User@6fba9cdd]
userweb-app  | ----------finish-------------
userweb-app  | ### AUTH USER ### requestUsername=test33 | dbUsername=test33 | userId=33
userweb-app  | ===========getbyname===================
userweb-app  | ----------------Optional[com.example.demo.model.User@6c6ec2d8]
userweb-app  | -----------test34------1234--------
userweb-app  | ### AUTH ### Thread=http-nio-8080-exec-11 | requestUsername=test34
userweb-app  | ===========getbyname===================
userweb-app  | ------------------------------
userweb-app  | ----------------Optional[com.example.demo.model.User@2b0ee472]
userweb-app  | ----------finish-------------
userweb-app  | ===========getbyname===================
userweb-app  | ### AUTH USER ### requestUsername=test34 | dbUsername=test34 | userId=34
userweb-app  | ----------------Optional[com.example.demo.model.User@f080e59]
userweb-app  | ------------------------------
userweb-app  | -----------test35------1234--------
userweb-app  | ===========getbyname===================
userweb-app  | ----------------Optional[com.example.demo.model.User@16c68a04]
userweb-app  | ------------------------------
userweb-app  | ### AUTH ### Thread=http-nio-8080-exec-18 | requestUsername=test35
userweb-app  | ===========getbyname===================
userweb-app  | ===========getbyname===================
userweb-app  | ----------------Optional[com.example.demo.model.User@10904f5b]
userweb-app  | ------------------------------
userweb-app  | ----------------Optional[com.example.demo.model.User@914385c]
userweb-app  | ----------finish-------------
userweb-app  | ### AUTH USER ### requestUsername=test35 | dbUsername=test35 | userId=35
userweb-app  | -----------test36------1234--------
userweb-app  | ### AUTH ### Thread=http-nio-8080-exec-24 | requestUsername=test36
userweb-app  | ===========getbyname===================
userweb-app  | ----------------Optional[com.example.demo.model.User@6cf57be2]
userweb-app  | -----------test37------1234--------
userweb-app  | ### AUTH ### Thread=http-nio-8080-exec-4 | requestUsername=test37
userweb-app  | ===========getbyname===================
userweb-app  | ----------------Optional[com.example.demo.model.User@418df3fb]
userweb-app  | ----------finish-------------
userweb-app  | ### AUTH USER ### requestUsername=test37 | dbUsername=test37 | userId=37
userweb-app  | ===========getbyname===================
userweb-app  | ----------------Optional[com.example.demo.model.User@252bb78f]
userweb-app  | ===========getbyname===================
userweb-app  | ----------finish-------------
userweb-app  | ### AUTH USER ### requestUsername=test36 | dbUsername=test36 | userId=36
userweb-app  | ----------------Optional[com.example.demo.model.User@68eb628e]
userweb-app  | ------------------------------
userweb-app  | ------------------------------
userweb-app  | ===========getbyname===================
userweb-app  | ----------------Optional[com.example.demo.model.User@2da035e7]
userweb-app  | ===========getbyname===================
userweb-app  | ----------------Optional[com.example.demo.model.User@588c69fc]
userweb-app  | ------------------------------
userweb-app  | -----------test38------1234--------
userweb-app  | ### AUTH ### Thread=http-nio-8080-exec-15 | requestUsername=test38
userweb-app  | ===========getbyname===================
userweb-app  | ------------------------------
userweb-app  | ----------------Optional[com.example.demo.model.User@1266aca3]
userweb-app  | -----------test39------1234--------
userweb-app  | ### AUTH ### Thread=http-nio-8080-exec-1 | requestUsername=test39
userweb-app  | ===========getbyname===================
userweb-app  | ----------finish-------------
userweb-app  | ### AUTH USER ### requestUsername=test38 | dbUsername=test38 | userId=38
userweb-app  | ----------------Optional[com.example.demo.model.User@447a08f1]
userweb-app  | ----------finish-------------
userweb-app  | ### AUTH USER ### requestUsername=test39 | dbUsername=test39 | userId=39
userweb-app  | ===========getbyname===================
userweb-app  | ----------------Optional[com.example.demo.model.User@37175750]
userweb-app  | ------------------------------
userweb-app  | -----------test40------1234--------
userweb-app  | ### AUTH ### Thread=http-nio-8080-exec-8 | requestUsername=test40
userweb-app  | ===========getbyname===================
userweb-app  | ----------------Optional[com.example.demo.model.User@687ab6b1]
userweb-app  | -----------test41------1234--------
userweb-app  | ### AUTH ### Thread=http-nio-8080-exec-12 | requestUsername=test41
userweb-app  | ===========getbyname===================
userweb-app  | ----------------Optional[com.example.demo.model.User@168b4bbc]
userweb-app  | ----------finish-------------
userweb-app  | ### AUTH USER ### requestUsername=test41 | dbUsername=test41 | userId=41
userweb-app  | ----------finish-------------
userweb-app  | ### AUTH USER ### requestUsername=test40 | dbUsername=test40 | userId=40
userweb-app  | -----------test42------1234--------
userweb-app  | ===========getbyname===================
userweb-app  | ### AUTH ### Thread=http-nio-8080-exec-5 | requestUsername=test42
userweb-app  | ===========getbyname===================
userweb-app  | ===========getbyname===================
userweb-app  | ----------------Optional[com.example.demo.model.User@2d246987]
userweb-app  | ----------------Optional[com.example.demo.model.User@267319d3]
userweb-app  | ------------------------------
userweb-app  | -----------test43------1234--------
userweb-app  | ### AUTH ### Thread=http-nio-8080-exec-16 | requestUsername=test43
userweb-app  | ===========getbyname===================
userweb-app  | ----------------Optional[com.example.demo.model.User@5304cb3d]
userweb-app  | ------------------------------
userweb-app  | ----------------Optional[com.example.demo.model.User@719e6ec]
userweb-app  | ----------finish-------------
userweb-app  | ### AUTH USER ### requestUsername=test42 | dbUsername=test42 | userId=42
userweb-app  | ----------finish-------------
userweb-app  | ### AUTH USER ### requestUsername=test43 | dbUsername=test43 | userId=43
userweb-app  | -----------test44------1234--------
userweb-app  | ### AUTH ### Thread=http-nio-8080-exec-23 | requestUsername=test44
userweb-app  | ===========getbyname===================
userweb-app  | ----------------Optional[com.example.demo.model.User@6fcc7b45]
userweb-app  | ----------finish-------------
userweb-app  | ### AUTH USER ### requestUsername=test44 | dbUsername=test44 | userId=44
userweb-app  | ===========getbyname===================
userweb-app  | ----------------Optional[com.example.demo.model.User@a060cab]
userweb-app  | -----------test45------1234--------
userweb-app  | ### AUTH ### Thread=http-nio-8080-exec-21 | requestUsername=test45
userweb-app  | ===========getbyname===================
userweb-app  | ------------------------------
userweb-app  | ----------------Optional[com.example.demo.model.User@4be47d58]
userweb-app  | ----------finish-------------
userweb-app  | ### AUTH USER ### requestUsername=test45 | dbUsername=test45 | userId=45
userweb-app  | ===========getbyname===================
userweb-app  | -----------test46------1234--------
userweb-app  | ### AUTH ### Thread=http-nio-8080-exec-10 | requestUsername=test46
userweb-app  | ===========getbyname===================
userweb-app  | ----------------Optional[com.example.demo.model.User@1d5cdb20]
userweb-app  | ----------------Optional[com.example.demo.model.User@45d3469d]
userweb-app  | ===========getbyname===================
userweb-app  | ------------------------------
userweb-app  | ----------finish-------------
userweb-app  | ### AUTH USER ### requestUsername=test46 | dbUsername=test46 | userId=46
userweb-app  | ----------------Optional[com.example.demo.model.User@4c13fda5]
userweb-app  | ------------------------------
userweb-app  | -----------test47------1234--------
userweb-app  | ### AUTH ### Thread=http-nio-8080-exec-3 | requestUsername=test47
userweb-app  | ===========getbyname===================
userweb-app  | ----------------Optional[com.example.demo.model.User@48bc523e]
userweb-app  | ----------finish-------------
userweb-app  | ### AUTH USER ### requestUsername=test47 | dbUsername=test47 | userId=47
userweb-app  | -----------test48------1234--------
userweb-app  | ### AUTH ### Thread=http-nio-8080-exec-7 | requestUsername=test48
userweb-app  | ===========getbyname===================
userweb-app  | ----------------Optional[com.example.demo.model.User@47d73600]
userweb-app  | ===========getbyname===================
userweb-app  | ----------------Optional[com.example.demo.model.User@6ecb246f]
userweb-app  | ------------------------------
userweb-app  | ===========getbyname===================
userweb-app  | ----------finish-------------
userweb-app  | ### AUTH USER ### requestUsername=test48 | dbUsername=test48 | userId=48
userweb-app  | ===========getbyname===================
userweb-app  | ----------------Optional[com.example.demo.model.User@7537ea9a]
userweb-app  | ----------------Optional[com.example.demo.model.User@6c0c8205]
userweb-app  | -----------test49------1234--------
userweb-app  | ### AUTH ### Thread=http-nio-8080-exec-14 | requestUsername=test49
userweb-app  | ===========getbyname===================
userweb-app  | ------------------------------
userweb-app  | ----------------Optional[com.example.demo.model.User@ea95ec8]
userweb-app  | ------------------------------
userweb-app  | ----------finish-------------
userweb-app  | ### AUTH USER ### requestUsername=test49 | dbUsername=test49 | userId=49
userweb-app  | ===========getbyname===================
userweb-app  | ----------------Optional[com.example.demo.model.User@552e772b]
userweb-app  | ------------------------------
userweb-app  | ===========getbyname===================
userweb-app  | ----------------Optional[com.example.demo.model.User@70585a87]
userweb-app  | ------------------------------
userweb-app  | -----------test50------1234--------
userweb-app  | ### AUTH ### Thread=http-nio-8080-exec-2 | requestUsername=test50
userweb-app  | ===========getbyname===================
userweb-app  | ----------------Optional[com.example.demo.model.User@2b5bbff5]
userweb-app  | -----------test51------1234--------
userweb-app  | ### AUTH ### Thread=http-nio-8080-exec-19 | requestUsername=test51
userweb-app  | ===========getbyname===================
userweb-app  | ----------finish-------------
userweb-app  | ### AUTH USER ### requestUsername=test50 | dbUsername=test50 | userId=50
userweb-app  | ===========getbyname===================
userweb-app  | -----------test52------1234--------
userweb-app  | ### AUTH ### Thread=http-nio-8080-exec-20 | requestUsername=test52
userweb-app  | ===========getbyname===================
userweb-app  | ----------------Optional[com.example.demo.model.User@11bebe07]
userweb-app  | ----------------Optional[com.example.demo.model.User@52bd8163]
userweb-app  | ----------------Optional[com.example.demo.model.User@49dd0fc7]
userweb-app  | ----------finish-------------
userweb-app  | ===========getbyname===================
userweb-app  | ----------------Optional[com.example.demo.model.User@1c296b13]
userweb-app  | ------------------------------
userweb-app  | ----------finish-------------
userweb-app  | ### AUTH USER ### requestUsername=test52 | dbUsername=test52 | userId=52
userweb-app  | ===========getbyname===================
userweb-app  | ------------------------------
userweb-app  | ----------------Optional[com.example.demo.model.User@4cec8e36]
userweb-app  | ### AUTH USER ### requestUsername=test51 | dbUsername=test51 | userId=51
userweb-app  | ------------------------------
userweb-app  | -----------test53------1234--------
userweb-app  | ### AUTH ### Thread=http-nio-8080-exec-13 | requestUsername=test53
userweb-app  | ===========getbyname===================
userweb-app  | ----------------Optional[com.example.demo.model.User@10474424]
userweb-app  | ----------finish-------------
userweb-app  | ### AUTH USER ### requestUsername=test53 | dbUsername=test53 | userId=53
userweb-app  | ===========getbyname===================
userweb-app  | ----------------Optional[com.example.demo.model.User@1f5c00a6]
userweb-app  | ------------------------------
userweb-app  | ===========getbyname===================
userweb-app  | ----------------Optional[com.example.demo.model.User@4d61861e]
userweb-app  | -----------test54------1234--------
userweb-app  | ### AUTH ### Thread=http-nio-8080-exec-6 | requestUsername=test54
userweb-app  | ===========getbyname===================
userweb-app  | ------------------------------
userweb-app  | ----------------Optional[com.example.demo.model.User@3f943a0b]
userweb-app  | -----------test55------1234--------
userweb-app  | ### AUTH ### Thread=http-nio-8080-exec-26 | requestUsername=test55
userweb-app  | ===========getbyname===================
userweb-app  | ----------finish-------------
userweb-app  | ### AUTH USER ### requestUsername=test54 | dbUsername=test54 | userId=54
userweb-app  | ----------------Optional[com.example.demo.model.User@a9db74c]
userweb-app  | ----------finish-------------
userweb-app  | ### AUTH USER ### requestUsername=test55 | dbUsername=test55 | userId=55
userweb-app  | ===========getbyname===================
userweb-app  | ----------------Optional[com.example.demo.model.User@74941bd3]
userweb-app  | ------------------------------
userweb-app  | -----------test57------1234--------
userweb-app  | ### AUTH ### Thread=http-nio-8080-exec-27 | requestUsername=test57
userweb-app  | ===========getbyname===================
userweb-app  | -----------test56------1234--------
userweb-app  | ### AUTH ### Thread=http-nio-8080-exec-17 | requestUsername=test56
userweb-app  | ===========getbyname===================
userweb-app  | ----------------Optional[com.example.demo.model.User@21230047]
userweb-app  | ----------finish-------------
userweb-app  | ### AUTH USER ### requestUsername=test57 | dbUsername=test57 | userId=57
userweb-app  | ===========getbyname===================
userweb-app  | ----------------Optional[com.example.demo.model.User@504ea669]
userweb-app  | ----------------Optional[com.example.demo.model.User@651d1f10]
userweb-app  | ------------------------------
userweb-app  | ----------finish-------------
userweb-app  | ### AUTH USER ### requestUsername=test56 | dbUsername=test56 | userId=56
userweb-app  | ===========getbyname===================
userweb-app  | ----------------Optional[com.example.demo.model.User@f81066]
userweb-app  | ------------------------------
userweb-app  | ===========getbyname===================
userweb-app  | ----------------Optional[com.example.demo.model.User@12a2bf3e]
userweb-app  | ------------------------------
userweb-app  | -----------test58------1234--------
userweb-app  | ### AUTH ### Thread=http-nio-8080-exec-29 | requestUsername=test58
userweb-app  | ===========getbyname===================
userweb-app  | ----------------Optional[com.example.demo.model.User@3918af1f]
userweb-app  | ----------finish-------------
userweb-app  | ### AUTH USER ### requestUsername=test58 | dbUsername=test58 | userId=58
userweb-app  | -----------test59------1234--------
userweb-app  | ### AUTH ### Thread=http-nio-8080-exec-28 | requestUsername=test59
userweb-app  | ===========getbyname===================
userweb-app  | ----------------Optional[com.example.demo.model.User@2cda1ac3]
userweb-app  | ===========getbyname===================
userweb-app  | ----------finish-------------
userweb-app  | ### AUTH USER ### requestUsername=test59 | dbUsername=test59 | userId=59
userweb-app  | ----------------Optional[com.example.demo.model.User@327c43d1]
userweb-app  | ------------------------------
userweb-app  | ===========getbyname===================
userweb-app  | -----------test60------1234--------
userweb-app  | ### AUTH ### Thread=http-nio-8080-exec-25 | requestUsername=test60
userweb-app  | ===========getbyname===================
userweb-app  | ----------------Optional[com.example.demo.model.User@71668c10]
userweb-app  | ----------finish-------------
userweb-app  | ----------------Optional[com.example.demo.model.User@1f48e1fc]
userweb-app  | ### AUTH USER ### requestUsername=test60 | dbUsername=test60 | userId=60
userweb-app  | ------------------------------
userweb-app  | ===========getbyname===================
userweb-app  | ===========getbyname===================
userweb-app  | ----------------Optional[com.example.demo.model.User@1234fa85]
userweb-app  | ----------------Optional[com.example.demo.model.User@3f0fb20d]
userweb-app  | ------------------------------
userweb-app  | ------------------------------
userweb-app  | ===========getbyname===================
userweb-app  | ----------------Optional[com.example.demo.model.User@726397d1]
userweb-app  | ------------------------------
userweb-app  | ===========getbyname===================
userweb-app  | ----------------Optional[com.example.demo.model.User@a20cd6f]
userweb-app  | ------------------------------
userweb-app  | ===========getbyname===================
userweb-app  | ----------------Optional[com.example.demo.model.User@67d07288]
userweb-app  | ------------------------------
userweb-app  | ===========getbyname===================
userweb-app  | ===========getbyname===================
userweb-app  | ===========getbyname===================
userweb-app  | ===========getbyname===================
userweb-app  | ===========getbyname===================
userweb-app  | ===========getbyname===================
userweb-app  | ===========getbyname===================
userweb-app  | ===========getbyname===================
userweb-app  | ===========getbyname===================
userweb-app  | ===========getbyname===================
userweb-app  | ----------------Optional[com.example.demo.model.User@49d13a68]
userweb-app  | ===========getbyname===================
userweb-app  | ===========getbyname===================
userweb-app  | ----------------Optional[com.example.demo.model.User@55c19325]
userweb-app  | ----------------Optional[com.example.demo.model.User@13ab031]
userweb-app  | ----------------Optional[com.example.demo.model.User@c71626b]
userweb-app  | ----------------Optional[com.example.demo.model.User@791dd9f6]
userweb-app  | ----------------Optional[com.example.demo.model.User@8a06d40]
userweb-app  | ===========getbyname===================
userweb-app  | ===========getbyname===================
userweb-app  | ===========getbyname===================
userweb-app  | ===========getbyname===================
userweb-app  | ===========getbyname===================
userweb-app  | ----------------Optional[com.example.demo.model.User@3de2b657]
userweb-app  | ===========getbyname===================
userweb-app  | ----------------Optional[com.example.demo.model.User@6aab4096]
userweb-app  | ===========getbyname===================
userweb-app  | ----------------Optional[com.example.demo.model.User@3336a28d]
userweb-app  | ===========getbyname===================
userweb-app  | ===========getbyname===================
userweb-app  | ----------------Optional[com.example.demo.model.User@158af000]
userweb-app  | ===========getbyname===================
userweb-app  | ----------------Optional[com.example.demo.model.User@51928797]
userweb-app  | ----------------Optional[com.example.demo.model.User@4c974093]
userweb-app  | ===========getbyname===================
userweb-app  | ===========getbyname===================
userweb-app  | ===========getbyname===================
userweb-app  | ===========getbyname===================
userweb-app  | ----------------Optional[com.example.demo.model.User@fc5369c]
userweb-app  | ----------------Optional[com.example.demo.model.User@1411841f]
userweb-app  | ===========getbyname===================
userweb-app  | ----------------Optional[com.example.demo.model.User@69251fa6]
userweb-app  | ===========getbyname===================
userweb-app  | ===========getbyname===================
userweb-app  | ===========getbyname===================
userweb-app  | ----------------Optional[com.example.demo.model.User@3119c8ae]
userweb-app  | ----------------Optional[com.example.demo.model.User@2c008eab]
userweb-app  | ----------------Optional[com.example.demo.model.User@671d41c5]
userweb-app  | ===========getbyname===================
userweb-app  | ----------------Optional[com.example.demo.model.User@226943ca]
userweb-app  | ----------------Optional[com.example.demo.model.User@7a0e23ea]
userweb-app  | ===========getbyname===================
userweb-app  | ----------------Optional[com.example.demo.model.User@591851fd]
userweb-app  | ===========getbyname===================
userweb-app  | ===========getbyname===================
userweb-app  | ----------------Optional[com.example.demo.model.User@15b068a1]
userweb-app  | ===========getbyname===================
userweb-app  | ----------------Optional[com.example.demo.model.User@2de597ea]
userweb-app  | ===========getbyname===================
userweb-app  | ----------------Optional[com.example.demo.model.User@49e31c73]
userweb-app  | ----------------Optional[com.example.demo.model.User@966dea2]
userweb-app  | ===========getbyname===================
userweb-app  | ----------------Optional[com.example.demo.model.User@275ab8d8]
userweb-app  | ----------------Optional[com.example.demo.model.User@c30b8bc]
userweb-app  | ===========getbyname===================
userweb-app  | ----------------Optional[com.example.demo.model.User@dad1b5e]
userweb-app  | ----------------Optional[com.example.demo.model.User@69eb673f]
userweb-app  | ===========getbyname===================
userweb-app  | ----------------Optional[com.example.demo.model.User@2afd473e]
userweb-app  | ===========getbyname===================
userweb-app  | ===========getbyname===================
userweb-app  | ===========getbyname===================
userweb-app  | ===========getbyname===================
userweb-app  | ----------------Optional[com.example.demo.model.User@1da2d548]
userweb-app  | ----------------Optional[com.example.demo.model.User@206ba7bf]
userweb-app  | ===========getbyname===================
userweb-app  | ----------------Optional[com.example.demo.model.User@49f56f6f]
userweb-app  | ===========getbyname===================
userweb-app  | ----------------Optional[com.example.demo.model.User@535c6b69]
userweb-app  | ===========getbyname===================
userweb-app  | ===========getbyname===================
userweb-app  | ----------------Optional[com.example.demo.model.User@ff1ee10]
userweb-app  | ----------------Optional[com.example.demo.model.User@62a7b103]
userweb-app  | ----------------Optional[com.example.demo.model.User@77130772]
userweb-app  | ----------------Optional[com.example.demo.model.User@5d54aec2]
userweb-app  | ===========getbyname===================
userweb-app  | ----------------Optional[com.example.demo.model.User@2dd96c98]
userweb-app  | ===========getbyname===================
userweb-app  | ===========getbyname===================
userweb-app  | ===========getbyname===================
userweb-app  | ----------------Optional[com.example.demo.model.User@23b58c2e]
userweb-app  | ===========getbyname===================
userweb-app  | ===========getbyname===================
userweb-app  | ===========getbyname===================
userweb-app  | ----------------Optional[com.example.demo.model.User@1143d5df]
userweb-app  | ===========getbyname===================
userweb-app  | ----------------Optional[com.example.demo.model.User@5993c219]
userweb-app  | ===========getbyname===================
userweb-app  | ----------------Optional[com.example.demo.model.User@5021eb0b]
userweb-app  | ===========getbyname===================
userweb-app  | ----------------Optional[com.example.demo.model.User@1ebdbd4]
userweb-app  | ===========getbyname===================
userweb-app  | ----------------Optional[com.example.demo.model.User@56c3da37]
userweb-app  | ===========getbyname===================
userweb-app  | ----------------Optional[com.example.demo.model.User@5d026305]
userweb-app  | ----------------Optional[com.example.demo.model.User@6000168d]
userweb-app  | ----------------Optional[com.example.demo.model.User@482d6657]
userweb-app  | ----------------Optional[com.example.demo.model.User@233e5d92]
userweb-app  | ===========getbyname===================
userweb-app  | ----------------Optional[com.example.demo.model.User@7796881]
userweb-app  | ===========getbyname===================
userweb-app  | ----------------Optional[com.example.demo.model.User@2719386e]
userweb-app  | ===========getbyname===================
userweb-app  | ----------------Optional[com.example.demo.model.User@233deb83]
userweb-app  | ===========getbyname===================
userweb-app  | ----------------Optional[com.example.demo.model.User@64c97fb8]
userweb-app  | ===========getbyname===================
userweb-app  | ----------------Optional[com.example.demo.model.User@227fa3a5]
userweb-app  | ===========getbyname===================
userweb-app  | ----------------Optional[com.example.demo.model.User@56106a1f]
userweb-app  | ----------------Optional[com.example.demo.model.User@4f2e4d26]
userweb-app  | ===========getbyname===================
userweb-app  | ===========getbyname===================
userweb-app  | ===========getbyname===================
userweb-app  | ===========getbyname===================
userweb-app  | ===========getbyname===================
userweb-app  | ----------------Optional[com.example.demo.model.User@46f926c]
userweb-app  | ===========getbyname===================
userweb-app  | ----------------Optional[com.example.demo.model.User@18305ff1]
userweb-app  | ----------------Optional[com.example.demo.model.User@6180b21e]
userweb-app  | ===========getbyname===================
userweb-app  | ----------------Optional[com.example.demo.model.User@16765c7e]
userweb-app  | ----------------Optional[com.example.demo.model.User@660fdf3c]
userweb-app  | ===========getbyname===================
userweb-app  | ----------------Optional[com.example.demo.model.User@f2d1e9e]
userweb-app  | ----------------Optional[com.example.demo.model.User@357aaed6]
userweb-app  | ----------------Optional[com.example.demo.model.User@1e6d302]
userweb-app  | ===========getbyname===================
userweb-app  | ===========getbyname===================
userweb-app  | ----------------Optional[com.example.demo.model.User@341ffc5b]
userweb-app  | ===========getbyname===================
userweb-app  | ----------------Optional[com.example.demo.model.User@32d80825]
userweb-app  | ----------------Optional[com.example.demo.model.User@6aed93a7]
userweb-app  | ===========getbyname===================
userweb-app  | ===========getbyname===================
userweb-app  | ----------------Optional[com.example.demo.model.User@44a9702f]
userweb-app  | ----------------Optional[com.example.demo.model.User@1f6bfd3b]
userweb-app  | ===========getbyname===================
userweb-app  | ===========getbyname===================
userweb-app  | ===========getbyname===================
userweb-app  | ===========getbyname===================
userweb-app  | ===========getbyname===================
userweb-app  | ===========getbyname===================
userweb-app  | ===========getbyname===================
userweb-app  | ===========getbyname===================
userweb-app  | ----------------Optional[com.example.demo.model.User@6a1accf7]
userweb-app  | ----------------Optional[com.example.demo.model.User@7a20924a]
userweb-app  | ===========getbyname===================
userweb-app  | ----------------Optional[com.example.demo.model.User@929d73f]
userweb-app  | ===========getbyname===================
userweb-app  | ----------------Optional[com.example.demo.model.User@29b29834]
userweb-app  | ===========getbyname===================
userweb-app  | ===========getbyname===================
userweb-app  | ----------------Optional[com.example.demo.model.User@4eb6723c]
userweb-app  | ----------------Optional[com.example.demo.model.User@c8a67da]
userweb-app  | ===========getbyname===================
userweb-app  | ===========getbyname===================
userweb-app  | ===========getbyname===================
userweb-app  | ----------------Optional[com.example.demo.model.User@fb696c]
userweb-app  | ----------------Optional[com.example.demo.model.User@2a83e972]
userweb-app  | ===========getbyname===================
userweb-app  | ===========getbyname===================
userweb-app  | ===========getbyname===================
userweb-app  | ----------------Optional[com.example.demo.model.User@cbba8c8]
userweb-app  | ===========getbyname===================
userweb-app  | ===========getbyname===================
userweb-app  | ===========getbyname===================
userweb-app  | ===========getbyname===================
userweb-app  | ===========getbyname===================
userweb-app  | ===========getbyname===================
userweb-app  | ===========getbyname===================
userweb-app  | ----------------Optional[com.example.demo.model.User@3ee132f9]
userweb-app  | ----------------Optional[com.example.demo.model.User@95c8274]
userweb-app  | ----------------Optional[com.example.demo.model.User@7d78dd23]
userweb-app  | ===========getbyname===================
userweb-app  | ----------------Optional[com.example.demo.model.User@1d58690f]
userweb-app  | ----------------Optional[com.example.demo.model.User@3b6d20b1]
userweb-app  | ===========getbyname===================
userweb-app  | ===========getbyname===================
userweb-app  | ===========getbyname===================
userweb-app  | ----------------Optional[com.example.demo.model.User@2865b696]
userweb-app  | ----------------Optional[com.example.demo.model.User@712e2330]
userweb-app  | ----------------Optional[com.example.demo.model.User@5c688417]
userweb-app  | ===========getbyname===================
userweb-app  | ===========getbyname===================
userweb-app  | ===========getbyname===================
userweb-app  | ===========getbyname===================
userweb-app  | ===========getbyname===================
userweb-app  | ----------------Optional[com.example.demo.model.User@7f68b964]
userweb-app  | ----------------Optional[com.example.demo.model.User@67b3c164]
userweb-app  | ===========getbyname===================
userweb-app  | ----------------Optional[com.example.demo.model.User@365785b]
userweb-app  | ----------------Optional[com.example.demo.model.User@1017eeb6]
userweb-app  | ----------------Optional[com.example.demo.model.User@7cb7f234]
userweb-app  | ===========getbyname===================
userweb-app  | ----------------Optional[com.example.demo.model.User@f325f52]
userweb-app  | ===========getbyname===================
userweb-app  | ----------------Optional[com.example.demo.model.User@5792f96e]
userweb-app  | ===========getbyname===================
userweb-app  | ----------------Optional[com.example.demo.model.User@2441785b]
userweb-app  | ----------------Optional[com.example.demo.model.User@676a4797]
userweb-app  | ----------------Optional[com.example.demo.model.User@47a315e]
userweb-app  | ===========getbyname===================
userweb-app  | ===========getbyname===================
userweb-app  | ----------------Optional[com.example.demo.model.User@1a0cb989]
userweb-app  | ===========getbyname===================
userweb-app  | ----------------Optional[com.example.demo.model.User@12815507]
userweb-app  | ----------------Optional[com.example.demo.model.User@1ca63f53]
userweb-app  | ===========getbyname===================
userweb-app  | ----------------Optional[com.example.demo.model.User@3d39f7f6]
userweb-app  | ===========getbyname===================
userweb-app  | ----------------Optional[com.example.demo.model.User@4f001000]
userweb-app  | ----------------Optional[com.example.demo.model.User@679b8e3]
userweb-app  | ----------------Optional[com.example.demo.model.User@2a512714]
userweb-app  | ===========getbyname===================
userweb-app  | ----------------Optional[com.example.demo.model.User@44ee72f4]
userweb-app  | ===========getbyname===================
userweb-app  | ===========getbyname===================
userweb-app  | ----------------Optional[com.example.demo.model.User@6bd52244]
userweb-app  | ----------------Optional[com.example.demo.model.User@d23aa7b]
userweb-app  | ----------------Optional[com.example.demo.model.User@6cd572f8]
userweb-app  | ----------------Optional[com.example.demo.model.User@5d41ec2b]
userweb-app  | ----------------Optional[com.example.demo.model.User@62c5a24a]
userweb-app  | ----------------Optional[com.example.demo.model.User@218f5a65]
userweb-app  | ===========getbyname===================
userweb-app  | ----------------Optional[com.example.demo.model.User@75e37669]
userweb-app  | ----------------Optional[com.example.demo.model.User@71863213]
userweb-app  | ----------------Optional[com.example.demo.model.User@6044e1a9]
userweb-app  | ===========getbyname===================
userweb-app  | ----------------Optional[com.example.demo.model.User@718f2734]
userweb-app  | ----------------Optional[com.example.demo.model.User@67e501e]
userweb-app  | ----------------Optional[com.example.demo.model.User@422164ca]
userweb-app  | ----------------Optional[com.example.demo.model.User@56d44219]
userweb-app  | ----------------Optional[com.example.demo.model.User@44b9c986]
userweb-app  | ===========getbyname===================
userweb-app  | ----------------Optional[com.example.demo.model.User@246619c4]
userweb-app  | ===========getbyname===================
userweb-app  | ===========getbyname===================
userweb-app  | ===========getbyname===================
userweb-app  | ===========getbyname===================
userweb-app  | ----------------Optional[com.example.demo.model.User@3cb50874]
userweb-app  | ===========getbyname===================
userweb-app  | ----------------Optional[com.example.demo.model.User@314da8d9]
userweb-app  | ===========getbyname===================
userweb-app  | ----------------Optional[com.example.demo.model.User@79b66a9a]
userweb-app  | ----------------Optional[com.example.demo.model.User@5b1cd69e]
userweb-app  | ===========getbyname===================
userweb-app  | ----------------Optional[com.example.demo.model.User@4ba446cf]
userweb-app  | ===========getbyname===================
userweb-app  | ===========getbyname===================
userweb-app  | ----------------Optional[com.example.demo.model.User@3f136d67]
userweb-app  | ----------------Optional[com.example.demo.model.User@28742bd6]
userweb-app  | ----------------Optional[com.example.demo.model.User@5f7c58a5]
userweb-app  | ----------------Optional[com.example.demo.model.User@eeda332]
userweb-app  | ===========getbyname===================
userweb-app  | ===========getbyname===================
userweb-app  | ----------------Optional[com.example.demo.model.User@62efaed6]
userweb-app  | ----------------Optional[com.example.demo.model.User@417af9fa]
userweb-app  | ===========getbyname===================
userweb-app  | ----------------Optional[com.example.demo.model.User@52b60f26]
userweb-app  | ===========getbyname===================
userweb-app  | ===========getbyname===================
userweb-app  | ----------------Optional[com.example.demo.model.User@62334548]
userweb-app  | ===========getbyname===================
userweb-app  | ----------------Optional[com.example.demo.model.User@6f121764]
userweb-app  | ----------------Optional[com.example.demo.model.User@413d9ceb]
userweb-app  | ===========getbyname===================
userweb-app  | ----------------Optional[com.example.demo.model.User@494dc508]
userweb-app  | ----------------Optional[com.example.demo.model.User@246945d7]
userweb-app  | ----------------Optional[com.example.demo.model.User@172afdaf]
userweb-app  | ===========getbyname===================
userweb-app  | ===========getbyname===================
userweb-app  | ----------------Optional[com.example.demo.model.User@7dc5900c]
userweb-app  | ----------------Optional[com.example.demo.model.User@14ed47c2]
userweb-app  | ===========getbyname===================
userweb-app  | ----------------Optional[com.example.demo.model.User@2a0fd37e]
userweb-app  | ===========getbyname===================
userweb-app  | ===========getbyname===================
userweb-app  | ===========getbyname===================
userweb-app  | ----------------Optional[com.example.demo.model.User@77d12f43]
userweb-app  | ===========getbyname===================
userweb-app  | ----------------Optional[com.example.demo.model.User@18cc929f]
userweb-app  | ----------------Optional[com.example.demo.model.User@69711428]
userweb-app  | ----------------Optional[com.example.demo.model.User@1551710]
userweb-app  | ----------------Optional[com.example.demo.model.User@1083e11a]
userweb-app  | ----------------Optional[com.example.demo.model.User@34fb26eb]
userweb-app  | ----------------Optional[com.example.demo.model.User@3ce30d34]
userweb-app  | ===========getbyname===================
userweb-app  | ----------------Optional[com.example.demo.model.User@1625c1b8]
userweb-app  | ===========getbyname===================
userweb-app  | ===========getbyname===================
userweb-app  | ===========getbyname===================
userweb-app  | ----------------Optional[com.example.demo.model.User@2a56f6bd]
userweb-app  | ----------------Optional[com.example.demo.model.User@28be3edd]
userweb-app  | ===========getbyname===================
userweb-app  | ===========getbyname===================
userweb-app  | ----------------Optional[com.example.demo.model.User@48f541f7]
userweb-app  | ===========getbyname===================
userweb-app  | ----------------Optional[com.example.demo.model.User@61c47fd]
userweb-app  | ===========getbyname===================
userweb-app  | ----------------Optional[com.example.demo.model.User@54f23879]
userweb-app  | ===========getbyname===================
userweb-app  | ----------------Optional[com.example.demo.model.User@30a018b8]
userweb-app  | ----------------Optional[com.example.demo.model.User@668ff6d7]
userweb-app  | ----------------Optional[com.example.demo.model.User@373d148b]
userweb-app  | ----------------Optional[com.example.demo.model.User@6534dbfd]
userweb-app  | ----------------Optional[com.example.demo.model.User@55821249]
userweb-app  | ===========getbyname===================
userweb-app  | ===========getbyname===================
userweb-app  | ----------------Optional[com.example.demo.model.User@31142dea]
userweb-app  | ===========getbyname===================
userweb-app  | ===========getbyname===================
userweb-app  | ----------------Optional[com.example.demo.model.User@56ba7684]
userweb-app  | ===========getbyname===================
userweb-app  | ===========getbyname===================
userweb-app  | ----------------Optional[com.example.demo.model.User@79f48937]
userweb-app  | ===========getbyname===================
userweb-app  | ----------------Optional[com.example.demo.model.User@37f046c2]
userweb-app  | ===========getbyname===================
userweb-app  | ===========getbyname===================
userweb-app  | ----------------Optional[com.example.demo.model.User@29dab26f]
userweb-app  | ===========getbyname===================
userweb-app  | ----------------Optional[com.example.demo.model.User@72801e1a]
userweb-app  | ===========getbyname===================
userweb-app  | ===========getbyname===================
userweb-app  | ----------------Optional[com.example.demo.model.User@59bfd69d]
userweb-app  | ===========getbyname===================
userweb-app  | ===========getbyname===================
userweb-app  | ----------------Optional[com.example.demo.model.User@83ff052]
userweb-app  | ===========getbyname===================
userweb-app  | ===========getbyname===================
userweb-app  | ===========getbyname===================
userweb-app  | ----------------Optional[com.example.demo.model.User@26f7e7ef]
userweb-app  | ----------------Optional[com.example.demo.model.User@8b99ad0]
userweb-app  | ----------------Optional[com.example.demo.model.User@5423a0b8]
userweb-app  | ===========getbyname===================
userweb-app  | ===========getbyname===================
userweb-app  | ----------------Optional[com.example.demo.model.User@25c9e3d5]
userweb-app  | ----------------Optional[com.example.demo.model.User@245b7b8]
userweb-app  | ----------------Optional[com.example.demo.model.User@430137f5]
userweb-app  | ===========getbyname===================
userweb-app  | ----------------Optional[com.example.demo.model.User@622c59de]
userweb-app  | ----------------Optional[com.example.demo.model.User@4c827250]
userweb-app  | ===========getbyname===================
userweb-app  | ===========getbyname===================
userweb-app  | ===========getbyname===================
userweb-app  | ===========getbyname===================
userweb-app  | ===========getbyname===================
userweb-app  | ----------------Optional[com.example.demo.model.User@779dbef4]
userweb-app  | ----------------Optional[com.example.demo.model.User@1b928806]
userweb-app  | ----------------Optional[com.example.demo.model.User@237ee970]
userweb-app  | ----------------Optional[com.example.demo.model.User@50200b53]
userweb-app  | ----------------Optional[com.example.demo.model.User@7bf79d31]
userweb-app  | ===========getbyname===================
userweb-app  | ===========getbyname===================
userweb-app  | ----------------Optional[com.example.demo.model.User@16fb0963]
userweb-app  | ----------------Optional[com.example.demo.model.User@3cca5bbd]
userweb-app  | ===========getbyname===================
userweb-app  | ===========getbyname===================
userweb-app  | ----------------Optional[com.example.demo.model.User@107cfb5c]
userweb-app  | ----------------Optional[com.example.demo.model.User@1e4111f7]
userweb-app  | ----------------Optional[com.example.demo.model.User@20203655]
userweb-app  | ===========getbyname===================
userweb-app  | ===========getbyname===================
userweb-app  | ===========getbyname===================
userweb-app  | ----------------Optional[com.example.demo.model.User@272565ab]
userweb-app  | ----------------Optional[com.example.demo.model.User@44cc0ee]
userweb-app  | ===========getbyname===================
userweb-app  | ----------------Optional[com.example.demo.model.User@64d1c0e3]
userweb-app  | ===========getbyname===================
userweb-app  | ----------------Optional[com.example.demo.model.User@789e2562]
userweb-app  | ===========getbyname===================
userweb-app  | ----------------Optional[com.example.demo.model.User@760e0ead]
userweb-app  | ===========getbyname===================
userweb-app  | ===========getbyname===================
userweb-app  | ===========getbyname===================
userweb-app  | ----------------Optional[com.example.demo.model.User@6e8534dc]
userweb-app  | ----------------Optional[com.example.demo.model.User@23ed6d06]
userweb-app  | ===========getbyname===================
userweb-app  | ----------------Optional[com.example.demo.model.User@5367ca23]
userweb-app  | ===========getbyname===================
userweb-app  | ----------------Optional[com.example.demo.model.User@6185b912]
userweb-app  | ----------------Optional[com.example.demo.model.User@ccef654]
userweb-app  | ===========getbyname===================
userweb-app  | ===========getbyname===================
userweb-app  | ----------------Optional[com.example.demo.model.User@75c4b5eb]
userweb-app  | ----------------Optional[com.example.demo.model.User@4ad4d1f6]
userweb-app  | ===========getbyname===================
userweb-app  | ===========getbyname===================
userweb-app  | ===========getbyname===================
userweb-app  | ===========getbyname===================
userweb-app  | ----------------Optional[com.example.demo.model.User@42ef8e10]
userweb-app  | ===========getbyname===================
userweb-app  | ----------------Optional[com.example.demo.model.User@16d7ebd3]
userweb-app  | ===========getbyname===================
userweb-app  | ===========getbyname===================
userweb-app  | ===========getbyname===================
userweb-app  | ===========getbyname===================
userweb-app  | ----------------Optional[com.example.demo.model.User@5692f65a]
userweb-app  | ----------------Optional[com.example.demo.model.User@7570a32b]
userweb-app  | ===========getbyname===================
userweb-app  | ===========getbyname===================
userweb-app  | ===========getbyname===================
userweb-app  | ===========getbyname===================
userweb-app  | ===========getbyname===================
userweb-app  | ===========getbyname===================
userweb-app  | ===========getbyname===================
userweb-app  | ----------------Optional[com.example.demo.model.User@2675abc]
userweb-app  | ===========getbyname===================
userweb-app  | ----------------Optional[com.example.demo.model.User@717bf550]
userweb-app  | ----------------Optional[com.example.demo.model.User@471a6539]
userweb-app  | ===========getbyname===================
userweb-app  | ----------------Optional[com.example.demo.model.User@61b29ec5]
userweb-app  | ===========getbyname===================
userweb-app  | ----------------Optional[com.example.demo.model.User@31bcde3e]
userweb-app  | ===========getbyname===================
userweb-app  | ===========getbyname===================
userweb-app  | ===========getbyname===================
userweb-app  | ===========getbyname===================
userweb-app  | ----------------Optional[com.example.demo.model.User@4284bfdb]
userweb-app  | ===========getbyname===================
userweb-app  | ===========getbyname===================
userweb-app  | ===========getbyname===================
userweb-app  | ----------------Optional[com.example.demo.model.User@554ee302]
userweb-app  | ----------------Optional[com.example.demo.model.User@39af5f42]
userweb-app  | ----------------Optional[com.example.demo.model.User@549ef4eb]
userweb-app  | ===========getbyname===================
userweb-app  | ===========getbyname===================
userweb-app  | ===========getbyname===================
userweb-app  | ----------------Optional[com.example.demo.model.User@19fef4f5]
userweb-app  | ===========getbyname===================
userweb-app  | ===========getbyname===================
userweb-app  | ----------------Optional[com.example.demo.model.User@3aa63af1]
userweb-app  | ===========getbyname===================
userweb-app  | ----------------Optional[com.example.demo.model.User@4ec96c21]
userweb-app  | ----------------Optional[com.example.demo.model.User@3c3f742f]
userweb-app  | ----------------Optional[com.example.demo.model.User@6ea96b32]
userweb-app  | ===========getbyname===================
userweb-app  | ----------------Optional[com.example.demo.model.User@3b7443ef]
userweb-app  | ===========getbyname===================
userweb-app  | ----------------Optional[com.example.demo.model.User@4902ca0e]
userweb-app  | ===========getbyname===================
userweb-app  | ----------------Optional[com.example.demo.model.User@4d64e403]
userweb-app  | ===========getbyname===================
userweb-app  | ----------------Optional[com.example.demo.model.User@2edeeec9]
userweb-app  | ===========getbyname===================
userweb-app  | ----------------Optional[com.example.demo.model.User@5fc0b000]
userweb-app  | ----------------Optional[com.example.demo.model.User@7abd9f3e]
userweb-app  | ----------------Optional[com.example.demo.model.User@4e69d107]
userweb-app  | ===========getbyname===================
userweb-app  | ===========getbyname===================
userweb-app  | ----------------Optional[com.example.demo.model.User@17577662]
userweb-app  | ----------------Optional[com.example.demo.model.User@6a7cee58]
userweb-app  | ===========getbyname===================
userweb-app  | ----------------Optional[com.example.demo.model.User@4812636b]
userweb-app  | ===========getbyname===================
userweb-app  | ----------------Optional[com.example.demo.model.User@4df0cfbb]
userweb-app  | ===========getbyname===================
userweb-app  | ----------------Optional[com.example.demo.model.User@fe1824c]
userweb-app  | ===========getbyname===================
userweb-app  | ===========getbyname===================
userweb-app  | ===========getbyname===================
userweb-app  | ===========getbyname===================
userweb-app  | ===========getbyname===================
userweb-app  | ----------------Optional[com.example.demo.model.User@47d31fe2]
userweb-app  | ----------------Optional[com.example.demo.model.User@4b665d1a]
userweb-app  | ----------------Optional[com.example.demo.model.User@7c456126]
userweb-app  | ----------------Optional[com.example.demo.model.User@6451704b]
userweb-app  | ===========getbyname===================
userweb-app  | ===========getbyname===================
userweb-app  | ----------------Optional[com.example.demo.model.User@57504dc5]
userweb-app  | ----------------Optional[com.example.demo.model.User@4bd4d20b]
userweb-app  | ----------------Optional[com.example.demo.model.User@56be8503]
userweb-app  | ===========getbyname===================
userweb-app  | ----------------Optional[com.example.demo.model.User@25ca7a6d]
userweb-app  | ===========getbyname===================
userweb-app  | ===========getbyname===================
userweb-app  | ----------------Optional[com.example.demo.model.User@494734f1]
userweb-app  | ===========getbyname===================
userweb-app  | ===========getbyname===================
userweb-app  | ===========getbyname===================
userweb-app  | ===========getbyname===================
userweb-app  | ===========getbyname===================
userweb-app  | ===========getbyname===================
userweb-app  | ===========getbyname===================
userweb-app  | ===========getbyname===================
userweb-app  | ----------------Optional[com.example.demo.model.User@405452d6]
userweb-app  | ===========getbyname===================
userweb-app  | ----------------Optional[com.example.demo.model.User@735c97c]
userweb-app  | ----------------Optional[com.example.demo.model.User@7f52d702]
userweb-app  | ===========getbyname===================
userweb-app  | ===========getbyname===================
userweb-app  | ===========getbyname===================
userweb-app  | ===========getbyname===================
userweb-app  | ----------------Optional[com.example.demo.model.User@2f1d4fd7]
userweb-app  | ===========getbyname===================
userweb-app  | ----------------Optional[com.example.demo.model.User@44dcfb49]
userweb-app  | ===========getbyname===================
userweb-app  | ----------------Optional[com.example.demo.model.User@2918d831]
userweb-app  | ----------------Optional[com.example.demo.model.User@276e8840]
userweb-app  | ----------------Optional[com.example.demo.model.User@4dd0b33c]
userweb-app  | ----------------Optional[com.example.demo.model.User@1026a373]
userweb-app  | ----------------Optional[com.example.demo.model.User@3838cd50]
userweb-app  | ----------------Optional[com.example.demo.model.User@72df31b4]
userweb-app  | ----------------Optional[com.example.demo.model.User@32b93317]
userweb-app  | ----------------Optional[com.example.demo.model.User@97d6144]
userweb-app  | ----------------Optional[com.example.demo.model.User@96f343]
userweb-app  | ----------------Optional[com.example.demo.model.User@43d6a548]
userweb-app  | ----------------Optional[com.example.demo.model.User@1a91fd5f]
userweb-app  | ----------------Optional[com.example.demo.model.User@36fa3d2c]
userweb-app  | ----------------Optional[com.example.demo.model.User@2d759dff]
userweb-app  | ===========getbyname===================
userweb-app  | ----------------Optional[com.example.demo.model.User@4ef02d9f]
userweb-app  | ----------------Optional[com.example.demo.model.User@524fc8b6]
userweb-app  | ----------------Optional[com.example.demo.model.User@37dd7f41]
userweb-app  | ===========getbyname===================
userweb-app  | ----------------Optional[com.example.demo.model.User@24e262ec]
userweb-app  | ----------------Optional[com.example.demo.model.User@ff925a0]
userweb-app  | ===========getbyname===================
userweb-app  | ===========getbyname===================
userweb-app  | ===========getbyname===================
userweb-app  | ----------------Optional[com.example.demo.model.User@18657a18]
userweb-app  | ----------------Optional[com.example.demo.model.User@524f5f4e]
userweb-app  | ----------------Optional[com.example.demo.model.User@505a3610]
userweb-app  | ----------------Optional[com.example.demo.model.User@69bfc676]
userweb-app  | ----------------Optional[com.example.demo.model.User@1fd8b3ca]
userweb-app  | ----------------Optional[com.example.demo.model.User@277784a4]
userweb-app  | ===========getbyname===================
userweb-app  | ----------------Optional[com.example.demo.model.User@48db1dbf]
userweb-app  | ----------------Optional[com.example.demo.model.User@75e8ebb5]
userweb-app  | ----------------Optional[com.example.demo.model.User@571f6448]
userweb-app  | ----------------Optional[com.example.demo.model.User@250cb8df]
userweb-app  | ===========getbyname===================
userweb-app  | ===========getbyname===================
userweb-app  | ----------------Optional[com.example.demo.model.User@5eaa0bf3]
userweb-app  | ===========getbyname===================
userweb-app  | ===========getbyname===================
userweb-app  | ===========getbyname===================
userweb-app  | ===========getbyname===================
userweb-app  | ----------------Optional[com.example.demo.model.User@1c2e413f]
userweb-app  | ----------------Optional[com.example.demo.model.User@3764717c]
userweb-app  | ===========getbyname===================
userweb-app  | ----------------Optional[com.example.demo.model.User@61cc91a2]
userweb-app  | ----------------Optional[com.example.demo.model.User@2b80f4b0]
userweb-app  | ===========getbyname===================
userweb-app  | ===========getbyname===================
userweb-app  | ----------------Optional[com.example.demo.model.User@783b6ec5]
userweb-app  | ----------------Optional[com.example.demo.model.User@38b69099]
userweb-app  | ===========getbyname===================
userweb-app  | ----------------Optional[com.example.demo.model.User@4c275f29]
userweb-app  | ----------------Optional[com.example.demo.model.User@33b01ef]
userweb-app  | ----------------Optional[com.example.demo.model.User@37f952ff]
userweb-app  | ===========getbyname===================
userweb-app  | ===========getbyname===================
userweb-app  | ----------------Optional[com.example.demo.model.User@79f8b011]
userweb-app  | ===========getbyname===================
userweb-app  | ----------------Optional[com.example.demo.model.User@4c7bd7e5]
userweb-app  | ----------------Optional[com.example.demo.model.User@43b76b40]
userweb-app  | ----------------Optional[com.example.demo.model.User@43a65ff2]
userweb-app  | ===========getbyname===================
userweb-app  | ----------------Optional[com.example.demo.model.User@3a8c2fcb]
userweb-app  | ===========getbyname===================
userweb-app  | ----------------Optional[com.example.demo.model.User@7b518f83]
userweb-app  | ----------------Optional[com.example.demo.model.User@47059e87]
userweb-app  | ===========getbyname===================
userweb-app  | ===========getbyname===================
userweb-app  | ----------------Optional[com.example.demo.model.User@33afec7e]
userweb-app  | ----------------Optional[com.example.demo.model.User@48da10be]
userweb-app  | ===========getbyname===================
userweb-app  | ===========getbyname===================
userweb-app  | ===========getbyname===================
userweb-app  | ===========getbyname===================
userweb-app  | ----------------Optional[com.example.demo.model.User@2c3b16d9]
userweb-app  | ----------------Optional[com.example.demo.model.User@26ddbf91]
userweb-app  | ----------------Optional[com.example.demo.model.User@47fcfd4f]
userweb-app  | ----------------Optional[com.example.demo.model.User@69d1e518]
userweb-app  | ----------------Optional[com.example.demo.model.User@6206cc5f]
userweb-app  | ----------------Optional[com.example.demo.model.User@71713397]
userweb-app  | ===========getbyname===================
userweb-app  | ----------------Optional[com.example.demo.model.User@742b22cc]
userweb-app  | ===========getbyname===================
userweb-app  | ----------------Optional[com.example.demo.model.User@197c5a0e]
userweb-app  | ===========getbyname===================
userweb-app  | ----------------Optional[com.example.demo.model.User@6e8ffe82]
userweb-app  | ===========getbyname===================
userweb-app  | ===========getbyname===================
userweb-app  | ===========getbyname===================
userweb-app  | ----------------Optional[com.example.demo.model.User@62a915d]
userweb-app  | ===========getbyname===================
userweb-app  | ----------------Optional[com.example.demo.model.User@684fc272]
userweb-app  | ----------------Optional[com.example.demo.model.User@76f0fc00]
userweb-app  | ----------------Optional[com.example.demo.model.User@10fa96ec]
userweb-app  | ----------------Optional[com.example.demo.model.User@7b61f951]
userweb-app  | ===========getbyname===================
userweb-app  | ----------------Optional[com.example.demo.model.User@39500ea2]
userweb-app  | ----------------Optional[com.example.demo.model.User@3ea651bb]
userweb-app  | ===========getbyname===================
userweb-app  | ----------------Optional[com.example.demo.model.User@66e64bb6]
userweb-app  | ===========getbyname===================
userweb-app  | ----------------Optional[com.example.demo.model.User@401da952]
userweb-app  | ===========getbyname===================
userweb-app  | ----------------Optional[com.example.demo.model.User@249c5055]
userweb-app  | ===========getbyname===================
userweb-app  | ----------------Optional[com.example.demo.model.User@4d3d335]
userweb-app  | ===========getbyname===================
userweb-app  | ----------------Optional[com.example.demo.model.User@83ab7ae]
userweb-app  | ===========getbyname===================
userweb-app  | ===========getbyname===================
userweb-app  | ===========getbyname===================
userweb-app  | ----------------Optional[com.example.demo.model.User@69919158]
userweb-app  | ----------------Optional[com.example.demo.model.User@10555e69]
userweb-app  | ===========getbyname===================
userweb-app  | ===========getbyname===================
userweb-app  | ===========getbyname===================
userweb-app  | ===========getbyname===================
userweb-app  | ===========getbyname===================
userweb-app  | ===========getbyname===================
userweb-app  | ===========getbyname===================
userweb-app  | ===========getbyname===================
userweb-app  | ===========getbyname===================
userweb-app  | ===========getbyname===================
userweb-app  | ===========getbyname===================
userweb-app  | ===========getbyname===================
userweb-app  | ----------------Optional[com.example.demo.model.User@6cc7c663]
userweb-app  | ----------------Optional[com.example.demo.model.User@651dc405]
userweb-app  | ===========getbyname===================
userweb-app  | ----------------Optional[com.example.demo.model.User@2475ca59]
userweb-app  | ----------------Optional[com.example.demo.model.User@37344a3f]
userweb-app  | ----------------Optional[com.example.demo.model.User@30a1313f]
userweb-app  | ===========getbyname===================
userweb-app  | ===========getbyname===================
userweb-app  | ----------------Optional[com.example.demo.model.User@2bf9064b]
userweb-app  | ----------------Optional[com.example.demo.model.User@6a2860a8]
userweb-app  | ----------------Optional[com.example.demo.model.User@17bad2ad]
userweb-app  | ===========getbyname===================
userweb-app  | ----------------Optional[com.example.demo.model.User@720e6c49]
userweb-app  | ===========getbyname===================
userweb-app  | ===========getbyname===================
userweb-app  | ===========getbyname===================
userweb-app  | ----------------Optional[com.example.demo.model.User@18371c7d]
userweb-app  | ----------------Optional[com.example.demo.model.User@48e4df50]
userweb-app  | ===========getbyname===================
userweb-app  | ----------------Optional[com.example.demo.model.User@12e4883c]
userweb-app  | ----------------Optional[com.example.demo.model.User@23e618f7]
userweb-app  | ===========getbyname===================
userweb-app  | ===========getbyname===================
userweb-app  | ----------------Optional[com.example.demo.model.User@7e1bf112]
userweb-app  | ===========getbyname===================
userweb-app  | ----------------Optional[com.example.demo.model.User@1b8ae815]
userweb-app  | ===========getbyname===================
userweb-app  | ----------------Optional[com.example.demo.model.User@79a61871]
userweb-app  | ----------------Optional[com.example.demo.model.User@3b00b287]
userweb-app  | ===========getbyname===================
userweb-app  | ===========getbyname===================
userweb-app  | ----------------Optional[com.example.demo.model.User@8e4f757]
userweb-app  | ----------------Optional[com.example.demo.model.User@20dbe04c]
userweb-app  | ===========getbyname===================
userweb-app  | ----------------Optional[com.example.demo.model.User@69412c25]
userweb-app  | ===========getbyname===================
userweb-app  | ----------------Optional[com.example.demo.model.User@6e52f8e]
userweb-app  | ----------------Optional[com.example.demo.model.User@1083e8cb]
userweb-app  | ===========getbyname===================
userweb-app  | ----------------Optional[com.example.demo.model.User@b4d193d]
userweb-app  | ===========getbyname===================
userweb-app  | ===========getbyname===================
userweb-app  | ----------------Optional[com.example.demo.model.User@3106f049]
userweb-app  | ----------------Optional[com.example.demo.model.User@a82cd45]
userweb-app  | ===========getbyname===================
userweb-app  | ===========getbyname===================
userweb-app  | ----------------Optional[com.example.demo.model.User@bd2cbc6]
userweb-app  | ----------------Optional[com.example.demo.model.User@77afc66e]
userweb-app  | ===========getbyname===================
userweb-app  | ----------------Optional[com.example.demo.model.User@641098db]
userweb-app  | ===========getbyname===================
userweb-app  | ===========getbyname===================
userweb-app  | ===========getbyname===================
userweb-app  | ----------------Optional[com.example.demo.model.User@37d9faad]
userweb-app  | ===========getbyname===================
userweb-app  | ===========getbyname===================
userweb-app  | ===========getbyname===================
userweb-app  | ----------------Optional[com.example.demo.model.User@57abf25]
userweb-app  | ----------------Optional[com.example.demo.model.User@67d26465]
userweb-app  | ----------------Optional[com.example.demo.model.User@64bbfa4f]
userweb-app  | ----------------Optional[com.example.demo.model.User@2ceffd7b]
userweb-app  | ----------------Optional[com.example.demo.model.User@5619c94d]
userweb-app  | ===========getbyname===================
userweb-app  | ----------------Optional[com.example.demo.model.User@4816bb7f]
userweb-app  | ===========getbyname===================
userweb-app  | ===========getbyname===================
userweb-app  | ===========getbyname===================
userweb-app  | ===========getbyname===================
userweb-app  | ----------------Optional[com.example.demo.model.User@6bf67660]
userweb-app  | ----------------Optional[com.example.demo.model.User@24603b34]
userweb-app  | ----------------Optional[com.example.demo.model.User@7df4fdaf]
userweb-app  | ===========getbyname===================
userweb-app  | ===========getbyname===================
userweb-app  | ----------------Optional[com.example.demo.model.User@629d3487]
userweb-app  | ----------------Optional[com.example.demo.model.User@79477159]
userweb-app  | ===========getbyname===================
userweb-app  | ===========getbyname===================
userweb-app  | ----------------Optional[com.example.demo.model.User@74c89ead]
userweb-app  | ----------------Optional[com.example.demo.model.User@4518293a]
userweb-app  | ----------------Optional[com.example.demo.model.User@44584aa2]
userweb-app  | ===========getbyname===================
userweb-app  | ----------------Optional[com.example.demo.model.User@2e5e9240]
userweb-app  | ===========getbyname===================
userweb-app  | ===========getbyname===================
userweb-app  | ----------------Optional[com.example.demo.model.User@42545c64]
userweb-app  | ===========getbyname===================
userweb-app  | ----------------Optional[com.example.demo.model.User@3636692b]
userweb-app  | ===========getbyname===================
userweb-app  | ----------------Optional[com.example.demo.model.User@3971ef80]
userweb-app  | ----------------Optional[com.example.demo.model.User@44087f9]
userweb-app  | ===========getbyname===================
userweb-app  | ===========getbyname===================
userweb-app  | ===========getbyname===================
userweb-app  | ===========getbyname===================
userweb-app  | ----------------Optional[com.example.demo.model.User@585807d1]
userweb-app  | ----------------Optional[com.example.demo.model.User@b13494]
userweb-app  | ===========getbyname===================
userweb-app  | ===========getbyname===================
userweb-app  | ===========getbyname===================
userweb-app  | ----------------Optional[com.example.demo.model.User@7090bb79]
userweb-app  | ----------------Optional[com.example.demo.model.User@41589d77]
userweb-app  | ===========getbyname===================
userweb-app  | ===========getbyname===================
userweb-app  | ===========getbyname===================
userweb-app  | ===========getbyname===================
userweb-app  | ----------------Optional[com.example.demo.model.User@4359152b]
userweb-app  | ----------------Optional[com.example.demo.model.User@9b1fd83]
userweb-app  | ----------------Optional[com.example.demo.model.User@3c442c2d]
userweb-app  | ----------------Optional[com.example.demo.model.User@6d8d2adc]
userweb-app  | ===========getbyname===================
userweb-app  | ===========getbyname===================
userweb-app  | ===========getbyname===================
userweb-app  | ----------------Optional[com.example.demo.model.User@50984eed]
userweb-app  | ===========getbyname===================
userweb-app  | ===========getbyname===================
userweb-app  | ----------------Optional[com.example.demo.model.User@784465f5]
userweb-app  | ----------------Optional[com.example.demo.model.User@4cc0249d]
userweb-app  | ===========getbyname===================
userweb-app  | ===========getbyname===================
userweb-app  | ===========getbyname===================
userweb-app  | ----------------Optional[com.example.demo.model.User@671025a1]
userweb-app  | ----------------Optional[com.example.demo.model.User@3c01f3a8]
userweb-app  | ===========getbyname===================
userweb-app  | ----------------Optional[com.example.demo.model.User@6b12aaaa]
userweb-app  | ----------------Optional[com.example.demo.model.User@57c2f91d]
userweb-app  | ===========getbyname===================
userweb-app  | ===========getbyname===================
userweb-app  | ===========getbyname===================
userweb-app  | ===========getbyname===================
userweb-app  | ----------------Optional[com.example.demo.model.User@3a0a05f8]
userweb-app  | ----------------Optional[com.example.demo.model.User@c82ed71]
userweb-app  | ===========getbyname===================
userweb-app  | ----------------Optional[com.example.demo.model.User@1cecb228]
userweb-app  | ----------------Optional[com.example.demo.model.User@1f61729c]
userweb-app  | ----------------Optional[com.example.demo.model.User@3b1e082a]
userweb-app  | ===========getbyname===================
userweb-app  | ===========getbyname===================
userweb-app  | ----------------Optional[com.example.demo.model.User@5f39544b]
userweb-app  | ----------------Optional[com.example.demo.model.User@38c0bba0]
userweb-app  | ===========getbyname===================
userweb-app  | ===========getbyname===================
userweb-app  | ----------------Optional[com.example.demo.model.User@5434c8c1]
userweb-app  | ===========getbyname===================
userweb-app  | ----------------Optional[com.example.demo.model.User@7bf55f4b]
userweb-app  | ----------------Optional[com.example.demo.model.User@16def5a1]
userweb-app  | ===========getbyname===================
userweb-app  | ===========getbyname===================
userweb-app  | ===========getbyname===================
userweb-app  | ===========getbyname===================
userweb-app  | ----------------Optional[com.example.demo.model.User@1970e138]
userweb-app  | ===========getbyname===================
userweb-app  | ----------------Optional[com.example.demo.model.User@4622e251]
userweb-app  | ----------------Optional[com.example.demo.model.User@20b3ae73]
userweb-app  | ===========getbyname===================
userweb-app  | ----------------Optional[com.example.demo.model.User@5a8b263b]
userweb-app  | ===========getbyname===================
userweb-app  | ===========getbyname===================
userweb-app  | ----------------Optional[com.example.demo.model.User@99cf513]
userweb-app  | ===========getbyname===================
userweb-app  | ----------------Optional[com.example.demo.model.User@d249b6b]
userweb-app  | ===========getbyname===================
userweb-app  | ===========getbyname===================
userweb-app  | ===========getbyname===================
userweb-app  | ===========getbyname===================
userweb-app  | ----------------Optional[com.example.demo.model.User@2d31b6cc]
userweb-app  | ===========getbyname===================
userweb-app  | ----------------Optional[com.example.demo.model.User@2d309962]
userweb-app  | ----------------Optional[com.example.demo.model.User@2a6f7554]
userweb-app  | ----------------Optional[com.example.demo.model.User@5c3eebda]
userweb-app  | ----------------Optional[com.example.demo.model.User@7baf50b0]
userweb-app  | ===========getbyname===================
userweb-app  | ----------------Optional[com.example.demo.model.User@3459f075]
userweb-app  | ===========getbyname===================
userweb-app  | ===========getbyname===================
userweb-app  | ----------------Optional[com.example.demo.model.User@614a470c]
userweb-app  | ----------------Optional[com.example.demo.model.User@3616849d]
userweb-app  | ===========getbyname===================
userweb-app  | ===========getbyname===================
userweb-app  | ----------------Optional[com.example.demo.model.User@7ade8a72]
userweb-app  | ----------------Optional[com.example.demo.model.User@3b33d0be]
userweb-app  | ===========getbyname===================
userweb-app  | ----------------Optional[com.example.demo.model.User@68f956ed]
userweb-app  | === USERS === http-nio-8080-exec-45 JWT成功 username=test25
userweb-app  | === USERS AUTH === http-nio-8080-exec-45 username=test25
userweb-app  | ===========getbyname===================
userweb-app  | ----------------Optional[com.example.demo.model.User@59f243d4]
userweb-app  | ----------------Optional[com.example.demo.model.User@5181110e]
userweb-app  | ===========getbyname===================
userweb-app  | ----------------Optional[com.example.demo.model.User@472c9fca]
userweb-app  | ----------------Optional[com.example.demo.model.User@7eb68db1]
userweb-app  | ----------------Optional[com.example.demo.model.User@555abf84]
userweb-app  | ----------------Optional[com.example.demo.model.User@4a2a0bf9]
userweb-app  | ===========getbyname===================
userweb-app  | ----------------Optional[com.example.demo.model.User@4b314ad9]
userweb-app  | ===========getbyname===================
userweb-app  | ===========getbyname===================
userweb-app  | ===========getbyname===================
userweb-app  | ----------------Optional[com.example.demo.model.User@558c324f]
userweb-app  | ===========getbyname===================
userweb-app  | ----------------Optional[com.example.demo.model.User@13003101]
userweb-app  | ===========getbyname===================
userweb-app  | ===========getbyname===================
userweb-app  | ===========getbyname===================
userweb-app  | ===========getbyname===================
userweb-app  | ===========getbyname===================
userweb-app  | ===========getbyname===================
userweb-app  | ===========getbyname===================
userweb-app  | ----------------Optional[com.example.demo.model.User@d5dc11c]
userweb-app  | ----------------Optional[com.example.demo.model.User@1173db2f]
userweb-app  | ----------------Optional[com.example.demo.model.User@6125d8bc]
userweb-app  | ----------------Optional[com.example.demo.model.User@4c0d4fa6]
userweb-app  | ===========getbyname===================
userweb-app  | ----------------Optional[com.example.demo.model.User@5979cb84]
userweb-app  | ===========getbyname===================
userweb-app  | ----------------Optional[com.example.demo.model.User@1291dddc]
userweb-app  | ===========getbyname===================
userweb-app  | ----------------Optional[com.example.demo.model.User@164daeb1]
userweb-app  | ===========getbyname===================
userweb-app  | ===========getbyname===================
userweb-app  | ===========getbyname===================
userweb-app  | ----------------Optional[com.example.demo.model.User@6e758538]
userweb-app  | ===========getbyname===================
userweb-app  | ----------------Optional[com.example.demo.model.User@10b02aa8]
userweb-app  | ===========getbyname===================
userweb-app  | ----------------Optional[com.example.demo.model.User@37bf0dc9]
userweb-app  | ===========getbyname===================
userweb-app  | ===========getbyname===================
userweb-app  | ----------------Optional[com.example.demo.model.User@8011afe]
userweb-app  | ----------------Optional[com.example.demo.model.User@777f99ee]
userweb-app  | ----------------Optional[com.example.demo.model.User@59e227fa]
userweb-app  | === USERS === http-nio-8080-exec-39 JWT成功 username=test60
userweb-app  | === USERS AUTH === http-nio-8080-exec-39 username=test60
userweb-app  | ===========getbyname===================
userweb-app  | ===========getbyname===================
userweb-app  | ----------------Optional[com.example.demo.model.User@16f9c9c1]
userweb-app  | ===========getbyname===================
userweb-app  | ===========getbyname===================
userweb-app  | ----------------Optional[com.example.demo.model.User@798567a]
userweb-app  | ===========getbyname===================
userweb-app  | ===========getbyname===================
userweb-app  | ----------------Optional[com.example.demo.model.User@47b73891]
userweb-app  | ----------------Optional[com.example.demo.model.User@16c25006]
userweb-app  | ----------------Optional[com.example.demo.model.User@8339aea]
userweb-app  | ===========getbyname===================
userweb-app  | ----------------Optional[com.example.demo.model.User@6519752e]
userweb-app  | ===========getbyname===================
userweb-app  | ===========getbyname===================
userweb-app  | ===========getbyname===================
userweb-app  | ----------------Optional[com.example.demo.model.User@2a70bf99]
userweb-app  | ===========getbyname===================
userweb-app  | ===========getbyname===================
userweb-app  | ----------------Optional[com.example.demo.model.User@3394e34]
userweb-app  | ===========getbyname===================
userweb-app  | ===========getbyname===================
userweb-app  | ----------------Optional[com.example.demo.model.User@69281e6e]
userweb-app  | ----------------Optional[com.example.demo.model.User@6a4a3589]
userweb-app  | ===========getbyname===================
userweb-app  | ===========getbyname===================
userweb-app  | ===========getbyname===================
userweb-app  | ----------------Optional[com.example.demo.model.User@79449fe0]
userweb-app  | ===========getbyname===================
userweb-app  | ===========getbyname===================
userweb-app  | ----------------Optional[com.example.demo.model.User@40d70bf9]
userweb-app  | ----------------Optional[com.example.demo.model.User@246ad816]
userweb-app  | ===========getbyname===================
userweb-app  | ----------------Optional[com.example.demo.model.User@31c44faf]
userweb-app  | ----------------Optional[com.example.demo.model.User@7400a60e]
userweb-app  | ----------------Optional[com.example.demo.model.User@35d63a63]
userweb-app  | ----------------Optional[com.example.demo.model.User@539bd24c]
userweb-app  | ===========getbyname===================
userweb-app  | ----------------Optional[com.example.demo.model.User@4d303e13]
userweb-app  | ----------------Optional[com.example.demo.model.User@53194a7b]
userweb-app  | ===========getbyname===================
userweb-app  | ----------------Optional[com.example.demo.model.User@36142819]
userweb-app  | ----------------Optional[com.example.demo.model.User@3d5ee231]
userweb-app  | ----------------Optional[com.example.demo.model.User@1009b96c]
userweb-app  | ===========getbyname===================
userweb-app  | ===========getbyname===================
userweb-app  | ===========getbyname===================
userweb-app  | ----------------Optional[com.example.demo.model.User@391f2af8]
userweb-app  | ----------------Optional[com.example.demo.model.User@4e1b87e2]
userweb-app  | ===========getbyname===================
userweb-app  | ===========getbyname===================
userweb-app  | ----------------Optional[com.example.demo.model.User@77afe9d7]
userweb-app  | ===========getbyname===================
userweb-app  | ===========getbyname===================
userweb-app  | ----------------Optional[com.example.demo.model.User@669ef5c2]
userweb-app  | ===========getbyname===================
userweb-app  | ----------------Optional[com.example.demo.model.User@34c6993f]
userweb-app  | ----------------Optional[com.example.demo.model.User@6d746155]
userweb-app  | ----------------Optional[com.example.demo.model.User@56c45dea]
userweb-app  | ----------------Optional[com.example.demo.model.User@598d3da0]
userweb-app  | ----------------Optional[com.example.demo.model.User@6b84d2ad]
userweb-app  | ----------------Optional[com.example.demo.model.User@2eb18e38]
userweb-app  | ----------------Optional[com.example.demo.model.User@4868b283]
userweb-app  | === USERS === http-nio-8080-exec-25 JWT成功 username=test21
userweb-app  | === USERS AUTH === http-nio-8080-exec-25 username=test21
userweb-app  | ===========getbyname===================
userweb-app  | ===========getbyname===================
userweb-app  | ===========getbyname===================
userweb-app  | ===========getbyname===================
userweb-app  | ----------------Optional[com.example.demo.model.User@5028da3e]
userweb-app  | ===========getbyname===================
userweb-app  | ----------------Optional[com.example.demo.model.User@7ddc67e9]
userweb-app  | ===========getbyname===================
userweb-app  | ----------------Optional[com.example.demo.model.User@5403a23b]
userweb-app  | ----------------Optional[com.example.demo.model.User@6428c322]
userweb-app  | ----------------Optional[com.example.demo.model.User@4af7ce5c]
userweb-app  | ===========getbyname===================
userweb-app  | ===========getbyname===================
userweb-app  | ===========getbyname===================
userweb-app  | ----------------Optional[com.example.demo.model.User@3c8d1e16]
userweb-app  | ----------------Optional[com.example.demo.model.User@63d0b360]
userweb-app  | ----------------Optional[com.example.demo.model.User@7cfa69bc]
userweb-app  | ===========getbyname===================
userweb-app  | ----------------Optional[com.example.demo.model.User@26a08463]
userweb-app  | ----------------Optional[com.example.demo.model.User@69b49e2e]
userweb-app  | ===========getbyname===================
userweb-app  | ===========getbyname===================
userweb-app  | ===========getbyname===================
userweb-app  | === USERS === http-nio-8080-exec-35 JWT成功 username=test55
userweb-app  | ----------------Optional[com.example.demo.model.User@6c5c7a9]
userweb-app  | ----------------Optional[com.example.demo.model.User@5e54bcae]
userweb-app  | ===========getbyname===================
userweb-app  | ===========getbyname===================
userweb-app  | ----------------Optional[com.example.demo.model.User@1d82a032]
userweb-app  | ----------------Optional[com.example.demo.model.User@1c48d471]
userweb-app  | ----------------Optional[com.example.demo.model.User@63492926]
userweb-app  | ===========getbyname===================
userweb-app  | ===========getbyname===================
userweb-app  | ----------------Optional[com.example.demo.model.User@85523c8]
userweb-app  | ===========getbyname===================
userweb-app  | ----------------Optional[com.example.demo.model.User@13818c63]
userweb-app  | ----------------Optional[com.example.demo.model.User@295019c7]
userweb-app  | ===========getbyname===================
userweb-app  | ----------------Optional[com.example.demo.model.User@17e00ad9]
userweb-app  | ----------------Optional[com.example.demo.model.User@3efd94d4]
userweb-app  | ----------------Optional[com.example.demo.model.User@fdcaba5]
userweb-app  | ===========getbyname===================
userweb-app  | ----------------Optional[com.example.demo.model.User@7a98a6fd]
userweb-app  | ===========getbyname===================
userweb-app  | ----------------Optional[com.example.demo.model.User@738e292c]
userweb-app  | ===========getbyname===================
userweb-app  | ----------------Optional[com.example.demo.model.User@7581a92d]
userweb-app  | ===========getbyname===================
userweb-app  | ----------------Optional[com.example.demo.model.User@4e3a0e62]
userweb-app  | ===========getbyname===================
userweb-app  | ----------------Optional[com.example.demo.model.User@5699fae1]
userweb-app  | ===========getbyname===================
userweb-app  | ----------------Optional[com.example.demo.model.User@567e0f13]
userweb-app  | ===========getbyname===================
userweb-app  | ----------------Optional[com.example.demo.model.User@72ca6d8f]
userweb-app  | ===========getbyname===================
userweb-app  | ===========getbyname===================
userweb-app  | ----------------Optional[com.example.demo.model.User@3aa84f11]
userweb-app  | ===========getbyname===================
userweb-app  | ----------------Optional[com.example.demo.model.User@6260a4bb]
userweb-app  | ----------------Optional[com.example.demo.model.User@79fa029]
userweb-app  | ----------------Optional[com.example.demo.model.User@4ad6d630]
userweb-app  | ----------------Optional[com.example.demo.model.User@460a45d1]
userweb-app  | ===========getbyname===================
userweb-app  | ===========getbyname===================
userweb-app  | === USERS === http-nio-8080-exec-14 JWT成功 username=test18
userweb-app  | === USERS AUTH === http-nio-8080-exec-14 username=test18
userweb-app  | ===========getbyname===================
userweb-app  | ===========getbyname===================
userweb-app  | ----------------Optional[com.example.demo.model.User@2afc52d1]
userweb-app  | ----------------Optional[com.example.demo.model.User@312746f9]
userweb-app  | === USERS === http-nio-8080-exec-21 JWT成功 username=test36
userweb-app  | === USERS AUTH === http-nio-8080-exec-21 username=test36
userweb-app  | ===========getbyname===================
userweb-app  | ----------------Optional[com.example.demo.model.User@21f54ce8]
userweb-app  | ----------------Optional[com.example.demo.model.User@3b1ec607]
userweb-app  | ===========getbyname===================
userweb-app  | ===========getbyname===================
userweb-app  | ----------------Optional[com.example.demo.model.User@6162903]
userweb-app  | ----------------Optional[com.example.demo.model.User@225caabe]
userweb-app  | ===========getbyname===================
userweb-app  | ===========getbyname===================
userweb-app  | ----------------Optional[com.example.demo.model.User@14647de1]
userweb-app  | ----------------Optional[com.example.demo.model.User@367cb44c]
userweb-app  | ----------------Optional[com.example.demo.model.User@2e86eba4]
userweb-app  | ===========getbyname===================
userweb-app  | ----------------Optional[com.example.demo.model.User@524c13ec]
userweb-app  | ===========getbyname===================
userweb-app  | ===========getbyname===================
userweb-app  | ----------------Optional[com.example.demo.model.User@306073e9]
userweb-app  | ----------------Optional[com.example.demo.model.User@78743818]
userweb-app  | ----------------Optional[com.example.demo.model.User@c810673]
userweb-app  | === USERS === http-nio-8080-exec-12 JWT成功 username=test16
userweb-app  | === USERS AUTH === http-nio-8080-exec-12 username=test16
userweb-app  | ===========getbyname===================
userweb-app  | ===========getbyname===================
userweb-app  | ----------------Optional[com.example.demo.model.User@525fbfd1]
userweb-app  | ===========getbyname===================
userweb-app  | ----------------Optional[com.example.demo.model.User@49bb52fa]
userweb-app  | ===========getbyname===================
userweb-app  | ----------------Optional[com.example.demo.model.User@33ec2967]
userweb-app  | ===========getbyname===================
userweb-app  | ===========getbyname===================
userweb-app  | ===========getbyname===================
userweb-app  | ===========getbyname===================
userweb-app  | ===========getbyname===================
userweb-app  | ----------------Optional[com.example.demo.model.User@2c62b03f]
userweb-app  | ----------------Optional[com.example.demo.model.User@43438968]
userweb-app  | === USERS === http-nio-8080-exec-27 JWT成功 username=test46
userweb-app  | ----------------Optional[com.example.demo.model.User@c31e6e8]
userweb-app  | === USERS AUTH === http-nio-8080-exec-27 username=test46
userweb-app  | === USERS === http-nio-8080-exec-23 JWT成功 username=test4
userweb-app  | === USERS AUTH === http-nio-8080-exec-23 username=test4
userweb-app  | ----------------Optional[com.example.demo.model.User@4c459fbb]
userweb-app  | ===========getbyname===================
userweb-app  | ===========getbyname===================
userweb-app  | === USERS === http-nio-8080-exec-47 JWT成功 username=test41
userweb-app  | === USERS AUTH === http-nio-8080-exec-47 username=test41
userweb-app  | ===========getbyname===================
userweb-app  | ===========getbyname===================
userweb-app  | ===========getbyname===================
userweb-app  | ===========getbyname===================
userweb-app  | ===========getbyname===================
userweb-app  | ----------------Optional[com.example.demo.model.User@24a5913c]
userweb-app  | ===========getbyname===================
userweb-app  | ----------------Optional[com.example.demo.model.User@64009151]
userweb-app  | ----------------Optional[com.example.demo.model.User@7ad55254]
userweb-app  | ----------------Optional[com.example.demo.model.User@3075b02f]
userweb-app  | ----------------Optional[com.example.demo.model.User@68e9bbe9]
userweb-app  | ----------------Optional[com.example.demo.model.User@253ebd66]
userweb-app  | ----------------Optional[com.example.demo.model.User@4359ce25]
userweb-app  | ----------------Optional[com.example.demo.model.User@439891c3]
userweb-app  | ===========getbyname===================
userweb-app  | ----------------Optional[com.example.demo.model.User@71aba1a2]
userweb-app  | ===========getbyname===================
userweb-app  | ===========getbyname===================
userweb-app  | ----------------Optional[com.example.demo.model.User@5a344480]
userweb-app  | === USERS AUTH === http-nio-8080-exec-35 username=test55
userweb-app  | ===========getbyname===================
userweb-app  | ===========getbyname===================
userweb-app  | ----------------Optional[com.example.demo.model.User@5967ad7]
userweb-app  | ===========getbyname===================
userweb-app  | ----------------Optional[com.example.demo.model.User@61920504]
userweb-app  | ----------------Optional[com.example.demo.model.User@49a8cd2]
userweb-app  | === USERS === http-nio-8080-exec-42 JWT成功 username=test54
userweb-app  | === USERS AUTH === http-nio-8080-exec-42 username=test54
userweb-app  | ===========getbyname===================
userweb-app  | ----------------Optional[com.example.demo.model.User@77581471]
userweb-app  | ----------------Optional[com.example.demo.model.User@21cd222e]
userweb-app  | ===========getbyname===================
userweb-app  | ----------------Optional[com.example.demo.model.User@5a02d6f]
userweb-app  | ----------------Optional[com.example.demo.model.User@5bc6ccf7]
userweb-app  | ----------------Optional[com.example.demo.model.User@2fba4b34]
userweb-app  | ----------------Optional[com.example.demo.model.User@5a31d66c]
userweb-app  | ----------------Optional[com.example.demo.model.User@5f396a5d]
userweb-app  | ===========getbyname===================
userweb-app  | ===========getbyname===================
userweb-app  | ===========getbyname===================
userweb-app  | ----------------Optional[com.example.demo.model.User@3a323d53]
userweb-app  | ===========getbyname===================
userweb-app  | ===========getbyname===================
userweb-app  | === USERS === http-nio-8080-exec-24 JWT成功 username=test51
userweb-app  | === USERS AUTH === http-nio-8080-exec-24 username=test51
userweb-app  | ----------------Optional[com.example.demo.model.User@3fc1f600]
userweb-app  | ===========getbyname===================
userweb-app  | ----------------Optional[com.example.demo.model.User@5f82789d]
userweb-app  | ----------------Optional[com.example.demo.model.User@3c98f100]
userweb-app  | === USERS === http-nio-8080-exec-37 JWT成功 username=test19
userweb-app  | === USERS AUTH === http-nio-8080-exec-37 username=test19
userweb-app  | ===========getbyname===================
userweb-app  | ----------------Optional[com.example.demo.model.User@1e5d5ecb]
userweb-app  | ===========getbyname===================
userweb-app  | ===========getbyname===================
userweb-app  | ===========getbyname===================
userweb-app  | ===========getbyname===================
userweb-app  | ----------------Optional[com.example.demo.model.User@5f02bc59]
userweb-app  | ===========getbyname===================
userweb-app  | ----------------Optional[com.example.demo.model.User@21150383]
userweb-app  | ----------------Optional[com.example.demo.model.User@27096eac]
userweb-app  | ----------------Optional[com.example.demo.model.User@7a1c58b3]
userweb-app  | ===========getbyname===================
userweb-app  | ===========getbyname===================
userweb-app  | ===========getbyname===================
userweb-app  | ===========getbyname===================
userweb-app  | ===========getbyname===================
userweb-app  | ----------------Optional[com.example.demo.model.User@7c92e84e]
userweb-app  | ----------------Optional[com.example.demo.model.User@5f98026e]
userweb-app  | ----------------Optional[com.example.demo.model.User@3d3e3742]
userweb-app  | === USERS === http-nio-8080-exec-29 JWT成功 username=test24
userweb-app  | === USERS AUTH === http-nio-8080-exec-29 username=test24
userweb-app  | ----------------Optional[com.example.demo.model.User@3b35dd65]
userweb-app  | ----------------Optional[com.example.demo.model.User@77c4b8db]
userweb-app  | ----------------Optional[com.example.demo.model.User@2403ac14]
userweb-app  | ===========getbyname===================
userweb-app  | ===========getbyname===================
userweb-app  | === USERS === http-nio-8080-exec-10 JWT成功 username=test20
userweb-app  | === USERS AUTH === http-nio-8080-exec-10 username=test20
userweb-app  | ===========getbyname===================
userweb-app  | ===========getbyname===================
userweb-app  | ----------------Optional[com.example.demo.model.User@4be7d7ec]
userweb-app  | ----------------Optional[com.example.demo.model.User@1c7df95b]
userweb-app  | ----------------Optional[com.example.demo.model.User@5a7d42b7]
userweb-app  | ----------------Optional[com.example.demo.model.User@3a400ab4]
userweb-app  | === USERS === http-nio-8080-exec-61 JWT成功 username=test2
userweb-app  | === USERS AUTH === http-nio-8080-exec-61 username=test2
userweb-app  | ===========getbyname===================
userweb-app  | ----------------Optional[com.example.demo.model.User@6f2b3fc8]
userweb-app  | ----------------Optional[com.example.demo.model.User@53353c21]
userweb-app  | ===========getbyname===================
userweb-app  | ----------------Optional[com.example.demo.model.User@77dc9fd0]
userweb-app  | ----------------Optional[com.example.demo.model.User@c13db25]
userweb-app  | ===========getbyname===================
userweb-app  | === USERS === http-nio-8080-exec-36 JWT成功 username=test30
userweb-app  | === USERS AUTH === http-nio-8080-exec-36 username=test30
userweb-app  | ===========getbyname===================
userweb-app  | ----------------Optional[com.example.demo.model.User@586948f6]
userweb-app  | ===========getbyname===================
userweb-app  | ----------------Optional[com.example.demo.model.User@47b7e326]
userweb-app  | === USERS === http-nio-8080-exec-20 JWT成功 username=test42
userweb-app  | === USERS AUTH === http-nio-8080-exec-20 username=test42
userweb-app  | ----------------Optional[com.example.demo.model.User@4ea3b7cd]
userweb-app  | ----------------Optional[com.example.demo.model.User@67a29b4]
userweb-app  | ===========getbyname===================
userweb-app  | ----------------Optional[com.example.demo.model.User@3dbf366b]
userweb-app  | ===========getbyname===================
userweb-app  | ----------------Optional[com.example.demo.model.User@625022db]
userweb-app  | ===========getbyname===================
userweb-app  | ----------------Optional[com.example.demo.model.User@984a5e1]
userweb-app  | === USERS === http-nio-8080-exec-7 JWT成功 username=test8
userweb-app  | === USERS AUTH === http-nio-8080-exec-7 username=test8
userweb-app  | ===========getbyname===================
userweb-app  | ----------------Optional[com.example.demo.model.User@60d54dbe]
userweb-app  | ===========getbyname===================
userweb-app  | === USERS === http-nio-8080-exec-30 JWT成功 username=test35
userweb-app  | === USERS AUTH === http-nio-8080-exec-30 username=test35
userweb-app  | ----------------Optional[com.example.demo.model.User@6e4be378]
userweb-app  | ===========getbyname===================
userweb-app  | ----------------Optional[com.example.demo.model.User@769f060f]
userweb-app  | ===========getbyname===================
userweb-app  | ----------------Optional[com.example.demo.model.User@7545cf59]
userweb-app  | ===========getbyname===================
userweb-app  | === USERS === http-nio-8080-exec-59 JWT成功 username=test28
userweb-app  | ===========getbyname===================
userweb-app  | ----------------Optional[com.example.demo.model.User@9090e5f]
userweb-app  | ----------------Optional[com.example.demo.model.User@4f51cfba]
userweb-app  | ----------------Optional[com.example.demo.model.User@7dd257d5]
userweb-app  | ===========getbyname===================
userweb-app  | ===========getbyname===================
userweb-app  | ----------------Optional[com.example.demo.model.User@dc8d200]
userweb-app  | ----------------Optional[com.example.demo.model.User@465b4026]
userweb-app  | ----------------Optional[com.example.demo.model.User@34f632b]
userweb-app  | === USERS AUTH === http-nio-8080-exec-59 username=test28
userweb-app  | ===========getbyname===================
userweb-app  | ----------------Optional[com.example.demo.model.User@75ffd6fd]
userweb-app  | ----------------Optional[com.example.demo.model.User@70b59aa2]
userweb-app  | ===========getbyname===================
userweb-app  | ----------------Optional[com.example.demo.model.User@285525f6]
userweb-app  | ----------------Optional[com.example.demo.model.User@557f2547]
userweb-app  | ===========getbyname===================
userweb-app  | ===========getbyname===================
userweb-app  | ----------------Optional[com.example.demo.model.User@3297a36]
userweb-app  | ----------------Optional[com.example.demo.model.User@5fb96758]
userweb-app  | === USERS === http-nio-8080-exec-54 JWT成功 username=test37
userweb-app  | === USERS AUTH === http-nio-8080-exec-54 username=test37
userweb-app  | ===========getbyname===================
userweb-app  | === USERS === http-nio-8080-exec-31 JWT成功 username=test6
userweb-app  | === USERS AUTH === http-nio-8080-exec-31 username=test6
userweb-app  | ----------------Optional[com.example.demo.model.User@41c80b3d]
userweb-app  | ===========getbyname===================
userweb-app  | ----------------Optional[com.example.demo.model.User@35f39795]
userweb-app  | ===========getbyname===================
userweb-app  | ===========getbyname===================
userweb-app  | ----------------Optional[com.example.demo.model.User@7f670923]
userweb-app  | ----------------Optional[com.example.demo.model.User@33c8b70]
userweb-app  | ===========getbyname===================
userweb-app  | === USERS === http-nio-8080-exec-52 JWT成功 username=test33
userweb-app  | === USERS AUTH === http-nio-8080-exec-52 username=test33
userweb-app  | ===========getbyname===================
userweb-app  | ----------------Optional[com.example.demo.model.User@550ebf04]
userweb-app  | === USERS === http-nio-8080-exec-19 JWT成功 username=test7
userweb-app  | === USERS AUTH === http-nio-8080-exec-19 username=test7
userweb-app  | === USERS === http-nio-8080-exec-58 JWT成功 username=test44
userweb-app  | === USERS AUTH === http-nio-8080-exec-58 username=test44
userweb-app  | ===========getbyname===================
userweb-app  | ===========getbyname===================
userweb-app  | ----------------Optional[com.example.demo.model.User@280c2342]
userweb-app  | === USERS === http-nio-8080-exec-49 JWT成功 username=test27
userweb-app  | === USERS AUTH === http-nio-8080-exec-49 username=test27
userweb-app  | ===========getbyname===================
userweb-app  | ----------------Optional[com.example.demo.model.User@18cfa3a8]
userweb-app  | ===========getbyname===================
userweb-app  | ----------------Optional[com.example.demo.model.User@40f4d4de]
userweb-app  | ----------------Optional[com.example.demo.model.User@3a9c51bc]
userweb-app  | ===========getbyname===================
userweb-app  | ===========getbyname===================
userweb-app  | ===========getbyname===================
userweb-app  | ===========getbyname===================
userweb-app  | ----------------Optional[com.example.demo.model.User@649568b]
userweb-app  | ----------------Optional[com.example.demo.model.User@7cb40459]
userweb-app  | === USERS === http-nio-8080-exec-2 JWT成功 username=test29
userweb-app  | === USERS AUTH === http-nio-8080-exec-2 username=test29
userweb-app  | ===========getbyname===================
userweb-app  | ===========getbyname===================
userweb-app  | ----------------Optional[com.example.demo.model.User@5644b4c4]
userweb-app  | ----------------Optional[com.example.demo.model.User@6bf93e78]
userweb-app  | ----------------Optional[com.example.demo.model.User@3bbe1d6f]
userweb-app  | ===========getbyname===================
userweb-app  | ===========getbyname===================
userweb-app  | ----------------Optional[com.example.demo.model.User@559a2ab4]
userweb-app  | ===========getbyname===================
userweb-app  | ----------------Optional[com.example.demo.model.User@c13a5cb]
userweb-app  | === USERS === http-nio-8080-exec-28 JWT成功 username=test45
userweb-app  | === USERS AUTH === http-nio-8080-exec-28 username=test45
userweb-app  | ===========getbyname===================
userweb-app  | === USERS === http-nio-8080-exec-9 JWT成功 username=test15
userweb-app  | === USERS AUTH === http-nio-8080-exec-9 username=test15
userweb-app  | ===========getbyname===================
userweb-app  | ===========getbyname===================
userweb-app  | ----------------Optional[com.example.demo.model.User@61053866]
userweb-app  | === USERS === http-nio-8080-exec-46 JWT成功 username=test49
userweb-app  | === USERS AUTH === http-nio-8080-exec-46 username=test49
userweb-app  | ===========getbyname===================
userweb-app  | ===========getbyname===================
userweb-app  | ===========getbyname===================
userweb-app  | === USERS === http-nio-8080-exec-33 JWT成功 username=test9
userweb-app  | ===========getbyname===================
userweb-app  | ===========getbyname===================
userweb-app  | === USERS AUTH === http-nio-8080-exec-33 username=test9
userweb-app  | ===========getbyname===================
userweb-app  | === USERS === http-nio-8080-exec-32 JWT成功 username=test22
userweb-app  | === USERS AUTH === http-nio-8080-exec-32 username=test22
userweb-app  | ===========getbyname===================
userweb-app  | === USERS === http-nio-8080-exec-16 JWT成功 username=test43
userweb-app  | === USERS AUTH === http-nio-8080-exec-16 username=test43
userweb-app  | ----------------Optional[com.example.demo.model.User@24c25ab4]
userweb-app  | ===========getbyname===================
userweb-app  | ----------------Optional[com.example.demo.model.User@6c98a56c]
userweb-app  | ----------------Optional[com.example.demo.model.User@5d485b39]
userweb-app  | ===========getbyname===================
userweb-app  | ----------------Optional[com.example.demo.model.User@4328ccbc]
userweb-app  | ===========getbyname===================
userweb-app  | ----------------Optional[com.example.demo.model.User@15b0dffb]
userweb-app  | ----------------Optional[com.example.demo.model.User@7e1c4cc0]
userweb-app  | ===========getbyname===================
userweb-app  | ===========getbyname===================
userweb-app  | ----------------Optional[com.example.demo.model.User@72a01c4f]
userweb-app  | ===========getbyname===================
userweb-app  | ===========getbyname===================
userweb-app  | === USERS === http-nio-8080-exec-6 JWT成功 username=test12
userweb-app  | === USERS AUTH === http-nio-8080-exec-6 username=test12
userweb-app  | ----------------Optional[com.example.demo.model.User@1125d040]
userweb-app  | ===========getbyname===================
userweb-app  | ===========getbyname===================
userweb-app  | ----------------Optional[com.example.demo.model.User@4079171a]
userweb-app  | ----------------Optional[com.example.demo.model.User@4cf375f7]
userweb-app  | ----------------Optional[com.example.demo.model.User@3ea68295]
userweb-app  | ----------------Optional[com.example.demo.model.User@63e26ece]
userweb-app  | ----------------Optional[com.example.demo.model.User@28a06538]
userweb-app  | ----------------Optional[com.example.demo.model.User@6b7e2d9a]
userweb-app  | ----------------Optional[com.example.demo.model.User@33f16990]
userweb-app  | === USERS === http-nio-8080-exec-13 JWT成功 username=test38
userweb-app  | === USERS AUTH === http-nio-8080-exec-13 username=test38
userweb-app  | ===========getbyname===================
userweb-app  | ----------------Optional[com.example.demo.model.User@5d0c4efe]
userweb-app  | === USERS === http-nio-8080-exec-57 JWT成功 username=test58
userweb-app  | === USERS AUTH === http-nio-8080-exec-57 username=test58
userweb-app  | ===========getbyname===================
userweb-app  | ===========getbyname===================
userweb-app  | ===========getbyname===================
userweb-app  | ----------------Optional[com.example.demo.model.User@1e5d26a2]
userweb-app  | ----------------Optional[com.example.demo.model.User@3a3b1f9e]
userweb-app  | ----------------Optional[com.example.demo.model.User@4dca5fed]
userweb-app  | ===========getbyname===================
userweb-app  | ----------------Optional[com.example.demo.model.User@64f0909c]
userweb-app  | ----------------Optional[com.example.demo.model.User@5bcf17dd]
userweb-app  | ----------------Optional[com.example.demo.model.User@18d9ff25]
userweb-app  | === USERS === http-nio-8080-exec-51 JWT成功 username=test53
userweb-app  | === USERS AUTH === http-nio-8080-exec-51 username=test53
userweb-app  | ===========getbyname===================
userweb-app  | ===========getbyname===================
userweb-app  | ----------------Optional[com.example.demo.model.User@758feec8]
userweb-app  | ===========getbyname===================
userweb-app  | === USERS === http-nio-8080-exec-53 JWT成功 username=test39
userweb-app  | ----------------Optional[com.example.demo.model.User@5ef8b188]
userweb-app  | ===========getbyname===================
userweb-app  | ----------------Optional[com.example.demo.model.User@6550eaf7]
userweb-app  | ----------------Optional[com.example.demo.model.User@6e0bde52]
userweb-app  | ----------------Optional[com.example.demo.model.User@41e3fa86]
userweb-app  | ===========getbyname===================
userweb-app  | ----------------Optional[com.example.demo.model.User@65701fbd]
userweb-app  | ----------------Optional[com.example.demo.model.User@5874384a]
userweb-app  | ===========getbyname===================
userweb-app  | ----------------Optional[com.example.demo.model.User@692bd323]
userweb-app  | ===========getbyname===================
userweb-app  | ===========getbyname===================
userweb-app  | === USERS === http-nio-8080-exec-1 JWT成功 username=test31
userweb-app  | === USERS AUTH === http-nio-8080-exec-1 username=test31
userweb-app  | ===========getbyname===================
userweb-app  | ===========getbyname===================
userweb-app  | ----------------Optional[com.example.demo.model.User@4fe8eb33]
userweb-app  | === USERS === http-nio-8080-exec-38 JWT成功 username=test23
userweb-app  | === USERS AUTH === http-nio-8080-exec-38 username=test23
userweb-app  | ----------------Optional[com.example.demo.model.User@43e89d4d]
userweb-app  | ----------------Optional[com.example.demo.model.User@4f4f615a]
userweb-app  | ----------------Optional[com.example.demo.model.User@7caea495]
userweb-app  | === USERS === http-nio-8080-exec-26 JWT成功 username=test10
userweb-app  | === USERS AUTH === http-nio-8080-exec-26 username=test10
userweb-app  | ===========getbyname===================
userweb-app  | ----------------Optional[com.example.demo.model.User@3858b247]
userweb-app  | ===========getbyname===================
userweb-app  | === USERS === http-nio-8080-exec-11 JWT成功 username=test3
userweb-app  | ===========getbyname===================
userweb-app  | === USERS === http-nio-8080-exec-22 JWT成功 username=test48
userweb-app  | === USERS AUTH === http-nio-8080-exec-22 username=test48
userweb-app  | ----------------Optional[com.example.demo.model.User@105abc1d]
userweb-app  | ----------------Optional[com.example.demo.model.User@5cb8e85]
userweb-app  | ----------------Optional[com.example.demo.model.User@34470607]
userweb-app  | ----------------Optional[com.example.demo.model.User@1dfd36a2]
userweb-app  | ----------------Optional[com.example.demo.model.User@2c524ac1]
userweb-app  | ===========getbyname===================
userweb-app  | ===========getbyname===================
userweb-app  | ----------------Optional[com.example.demo.model.User@4b74b5a8]
userweb-app  | ----------------Optional[com.example.demo.model.User@168819d8]
userweb-app  | === USERS AUTH === http-nio-8080-exec-11 username=test3
userweb-app  | ===========getbyname===================
userweb-app  | === USERS === http-nio-8080-exec-56 JWT成功 username=test32
userweb-app  | === USERS AUTH === http-nio-8080-exec-56 username=test32
userweb-app  | ===========getbyname===================
userweb-app  | ===========getbyname===================
userweb-app  | === USERS === http-nio-8080-exec-40 JWT成功 username=test47
userweb-app  | === USERS AUTH === http-nio-8080-exec-40 username=test47
userweb-app  | ===========getbyname===================
userweb-app  | === USERS === http-nio-8080-exec-8 JWT成功 username=test40
userweb-app  | === USERS AUTH === http-nio-8080-exec-8 username=test40
userweb-app  | ----------------Optional[com.example.demo.model.User@44f424ff]
userweb-app  | ===========getbyname===================
userweb-app  | ----------------Optional[com.example.demo.model.User@3e45f1c6]
userweb-app  | === USERS === http-nio-8080-exec-4 JWT成功 username=test13
userweb-app  | === USERS AUTH === http-nio-8080-exec-4 username=test13
userweb-app  | ===========getbyname===================
userweb-app  | ===========getbyname===================
userweb-app  | === USERS === http-nio-8080-exec-3 JWT成功 username=test5
userweb-app  | === USERS AUTH === http-nio-8080-exec-53 username=test39
userweb-app  | ===========getbyname===================
userweb-app  | ===========getbyname===================
userweb-app  | === USERS AUTH === http-nio-8080-exec-3 username=test5
userweb-app  | ===========getbyname===================
userweb-app  | ----------------Optional[com.example.demo.model.User@3e7b4cb7]
userweb-app  | ===========getbyname===================
userweb-app  | ----------------Optional[com.example.demo.model.User@32de7d50]
userweb-app  | ===========getbyname===================
userweb-app  | ----------------Optional[com.example.demo.model.User@4e672eb3]
userweb-app  | ===========getbyname===================
userweb-app  | ----------------Optional[com.example.demo.model.User@2a004eb4]
userweb-app  | === USERS === http-nio-8080-exec-17 JWT成功 username=test59
userweb-app  | === USERS AUTH === http-nio-8080-exec-17 username=test59
userweb-app  | ----------------Optional[com.example.demo.model.User@6b651c82]
userweb-app  | ===========getbyname===================
userweb-app  | ----------------Optional[com.example.demo.model.User@25a30cde]
userweb-app  | ----------------Optional[com.example.demo.model.User@757e535f]
userweb-app  | === USERS === http-nio-8080-exec-5 JWT成功 username=test34
userweb-app  | === USERS AUTH === http-nio-8080-exec-5 username=test34
userweb-app  | === USERS === http-nio-8080-exec-55 JWT成功 username=test57
userweb-app  | === USERS AUTH === http-nio-8080-exec-55 username=test57
userweb-app  | ===========getbyname===================
userweb-app  | ----------------Optional[com.example.demo.model.User@5655ad04]
userweb-app  | === USERS === http-nio-8080-exec-44 JWT成功 username=test11
userweb-app  | === USERS AUTH === http-nio-8080-exec-44 username=test11
userweb-app  | ===========getbyname===================
userweb-app  | === USERS === http-nio-8080-exec-50 JWT成功 username=test14
userweb-app  | === USERS AUTH === http-nio-8080-exec-50 username=test14
userweb-app  | ----------------Optional[com.example.demo.model.User@50697907]
userweb-app  | ----------------Optional[com.example.demo.model.User@27249231]
userweb-app  | ===========getbyname===================
userweb-app  | ----------------Optional[com.example.demo.model.User@71cba425]
userweb-app  | ----------------Optional[com.example.demo.model.User@34859f8a]
userweb-app  | ----------------Optional[com.example.demo.model.User@24ec08f2]
userweb-app  | ----------------Optional[com.example.demo.model.User@35c4f3eb]
userweb-app  | ===========getbyname===================
userweb-app  | ----------------Optional[com.example.demo.model.User@36b27e89]
userweb-app  | === USERS === http-nio-8080-exec-34 JWT成功 username=test26
userweb-app  | ----------------Optional[com.example.demo.model.User@5ec512f8]
userweb-app  | ===========getbyname===================
userweb-app  | ----------------Optional[com.example.demo.model.User@b695a37]
userweb-app  | === USERS AUTH === http-nio-8080-exec-34 username=test26
userweb-app  | ===========getbyname===================
userweb-app  | ----------------Optional[com.example.demo.model.User@5c10a479]
userweb-app  | ----------------Optional[com.example.demo.model.User@a4d7cc]
userweb-app  | === USERS === http-nio-8080-exec-43 JWT成功 username=test56
userweb-app  | === USERS AUTH === http-nio-8080-exec-43 username=test56
userweb-app  | ===========getbyname===================
userweb-app  | ===========getbyname===================
userweb-app  | === USERS === http-nio-8080-exec-60 JWT成功 username=test50
userweb-app  | === USERS AUTH === http-nio-8080-exec-60 username=test50
userweb-app  | ----------------Optional[com.example.demo.model.User@48d53dba]
userweb-app  | ===========getbyname===================
userweb-app  | ----------------Optional[com.example.demo.model.User@507f03e1]
userweb-app  | ----------------Optional[com.example.demo.model.User@3c575882]
userweb-app  | === USERS === http-nio-8080-exec-18 JWT成功 username=test52
userweb-app  | === USERS AUTH === http-nio-8080-exec-18 username=test52
userweb-app  | ===========getbyname===================
userweb-app  | ----------------Optional[com.example.demo.model.User@5f64eb71]
userweb-app  | === USERS === http-nio-8080-exec-48 JWT成功 username=test17
userweb-app  | === USERS AUTH === http-nio-8080-exec-48 username=test17
userweb-app  | ===========getbyname===================
userweb-app  | ----------------Optional[com.example.demo.model.User@33dce3c5]
userweb-app  | === USERS === http-nio-8080-exec-15 JWT成功 username=test1
userweb-app  | === USERS AUTH === http-nio-8080-exec-15 username=test1
userweb-app  | ===========getbyname===================
userweb-app  | ----------------Optional[com.example.demo.model.User@4da079b6]
userweb-app  | ===========getbyname===================
userweb-app  | ----------------Optional[com.example.demo.model.User@3a8f9297]
userweb-app  | ===========getbyname===================
userweb-app  | ----------------Optional[com.example.demo.model.User@73c1aa1f]
userweb-app  | ===========getbyname===================
userweb-app  | ===========getbyname===================
userweb-app  | ----------------Optional[com.example.demo.model.User@df503e9]
userweb-app  | ----------------Optional[com.example.demo.model.User@7ff18932]
userweb-app  | ===========getbyname===================
userweb-app  | ----------------Optional[com.example.demo.model.User@788100b6]
userweb-app  | ===========getbyname===================
userweb-app  | ----------------Optional[com.example.demo.model.User@58cc0dfd]
userweb-app  | ===========getbyname===================
userweb-app  | ===========getbyname===================
userweb-app  | ===========getbyname===================
userweb-app  | ----------------Optional[com.example.demo.model.User@2cae05fa]
userweb-app  | ----------------Optional[com.example.demo.model.User@4361eb2a]
userweb-app  | ----------------Optional[com.example.demo.model.User@5f566b34]
userweb-app  | ===========getbyname===================
userweb-app  | ===========getbyname===================
userweb-app  | ----------------Optional[com.example.demo.model.User@5577b14e]
userweb-app  | ===========getbyname===================
userweb-app  | ----------------Optional[com.example.demo.model.User@39854b32]
userweb-app  | ----------------Optional[com.example.demo.model.User@e429766]
userweb-app  | ===========getbyname===================
userweb-app  | ----------------Optional[com.example.demo.model.User@42c3aa6b]
userweb-app  | ===========getbyname===================
userweb-app  | ===========getbyname===================
userweb-app  | ----------------Optional[com.example.demo.model.User@60b7fea7]
userweb-app  | User 初始資料建立完成
userweb-app  | ----------------Optional[com.example.demo.model.User@7bfc307b]
userweb-app  | ===========getbyname===================
userweb-app  | ----------------Optional[com.example.demo.model.User@47ab952]
userweb-app  | ---------me 200---------
userweb-app  | ---------me 200---------
userweb-app  | ===========getbyname===================
userweb-app  | ----------------Optional[com.example.demo.model.User@17417abc]
userweb-app  | ---------me 200---------
userweb-app  | ===========getbyname===================
userweb-app  | ----------------Optional[com.example.demo.model.User@6d6df355]
userweb-app  | ===========getbyname===================
userweb-app  | ===========getbyname===================
userweb-app  | ----------------Optional[com.example.demo.model.User@7b7451ee]
userweb-app  | ===========getbyname===================
userweb-app  | ----------------Optional[com.example.demo.model.User@7ade43f7]
userweb-app  | ---------me 200---------
userweb-app  | ---------me 200---------
userweb-app  | ---------me 200---------
userweb-app  | ----------------Optional[com.example.demo.model.User@18f3ce35]
userweb-app  | ---------me 200---------
userweb-app  | ===========getbyname===================
userweb-app  | ----------------Optional[com.example.demo.model.User@6afddd05]
userweb-app  | ===========getbyname===================
userweb-app  | ----------------Optional[com.example.demo.model.User@ef46eac]
userweb-app  | ===========getbyname===================
userweb-app  | ----------------Optional[com.example.demo.model.User@47699549]
userweb-app  | ===========getbyname===================
userweb-app  | ----------------Optional[com.example.demo.model.User@5f10fad9]
userweb-app  | ===========getbyname===================
userweb-app  | ===========getbyname===================
userweb-app  | ----------------Optional[com.example.demo.model.User@7270f36e]
userweb-app  | ----------------Optional[com.example.demo.model.User@361b10fe]
userweb-app  | ---------me 200---------
userweb-app  | ===========getbyname===================
userweb-app  | ----------------Optional[com.example.demo.model.User@1cdbecb4]
userweb-app  | ===========getbyname===================
userweb-app  | ===========getbyname===================
userweb-app  | ----------------Optional[com.example.demo.model.User@706e8d1b]
userweb-app  | ----------------Optional[com.example.demo.model.User@4b9811c8]
userweb-app  | ===========getbyname===================
userweb-app  | ----------------Optional[com.example.demo.model.User@115b3094]
userweb-app  | ---------me 200---------
userweb-app  | ===========getbyname===================
userweb-app  | ===========getbyname===================
userweb-app  | ----------------Optional[com.example.demo.model.User@4039ef47]
userweb-app  | -----------test_1790235541124_31------1234--------
userweb-app  | ### AUTH ### Thread=http-nio-8080-exec-35 | requestUsername=test_1790235541124_31
userweb-app  | ===========getbyname===================
userweb-app  | ===========getbyname===================
userweb-app  | ===========getbyname===================
userweb-app  | ----------------Optional[com.example.demo.model.User@1e26693b]
userweb-app  | ---------me 200---------
userweb-app  | ----------------Optional[com.example.demo.model.User@13289281]
userweb-app  | ----------------Optional[com.example.demo.model.User@217a5a28]
userweb-app  | ----------------Optional[com.example.demo.model.User@42934b6b]
userweb-app  | ===========getbyname===================
userweb-app  | ---------me 200---------
userweb-app  | ===========getbyname===================
userweb-app  | ----------finish-------------
userweb-app  | ---------me 200---------
userweb-app  | ----------------Optional[com.example.demo.model.User@7b6a7bfe]
userweb-app  | ### AUTH USER ### requestUsername=test_1790235541124_31 | dbUsername=test_1790235541124_31 | userId=101
userweb-app  | ===========getbyname===================
userweb-app  | ----------------Optional[com.example.demo.model.User@13d3c4a5]
userweb-app  | ---------me 200---------
userweb-app  | ===========getbyname===================
userweb-app  | ----------------Optional[com.example.demo.model.User@1f54ac8e]
userweb-app  | ---------me 200---------
userweb-app  | -----------test_1790235541130_8------1234--------
userweb-app  | ### AUTH ### Thread=http-nio-8080-exec-45 | requestUsername=test_1790235541130_8
userweb-app  | ===========getbyname===================
userweb-app  | ===========getbyname===================
userweb-app  | ===========getbyname===================
userweb-app  | ----------------Optional[com.example.demo.model.User@361fe789]
userweb-app  | -----------test_1790235541156_27------1234--------
userweb-app  | ### AUTH ### Thread=http-nio-8080-exec-26 | requestUsername=test_1790235541156_27
userweb-app  | ===========getbyname===================
userweb-app  | ----------finish-------------
userweb-app  | ### AUTH USER ### requestUsername=test_1790235541130_8 | dbUsername=test_1790235541130_8 | userId=104
userweb-app  | ----------------Optional[com.example.demo.model.User@51b65f45]
userweb-app  | -----------test_1790235541302_2------1234--------
userweb-app  | ### AUTH ### Thread=http-nio-8080-exec-22 | requestUsername=test_1790235541302_2
userweb-app  | ===========getbyname===================
userweb-app  | ----------------Optional[com.example.demo.model.User@68b0819e]
userweb-app  | ----------------Optional[com.example.demo.model.User@56f539f2]
userweb-app  | ----------finish-------------
userweb-app  | ### AUTH USER ### requestUsername=test_1790235541302_2 | dbUsername=test_1790235541302_2 | userId=108
userweb-app  | ===========getbyname===================
userweb-app  | ----------------Optional[com.example.demo.model.User@197a4cc5]
userweb-app  | ----------------Optional[com.example.demo.model.User@7bf8fbc6]
userweb-app  | ---------me 200---------
userweb-app  | ----------finish-------------
userweb-app  | ### AUTH USER ### requestUsername=test_1790235541156_27 | dbUsername=test_1790235541156_27 | userId=105
userweb-app  | ===========getbyname===================
userweb-app  | ===========getbyname===================
userweb-app  | ----------------Optional[com.example.demo.model.User@475eaad]
userweb-app  | ------------------------------
userweb-app  | ----------------Optional[com.example.demo.model.User@1cd06a7]
userweb-app  | ===========getbyname===================
userweb-app  | ===========getbyname===================
userweb-app  | ----------------Optional[com.example.demo.model.User@5f4b8bba]
userweb-app  | ----------------Optional[com.example.demo.model.User@63728a73]
userweb-app  | ===========getbyname===================
userweb-app  | ----------------Optional[com.example.demo.model.User@15533275]
userweb-app  | ---------me 200---------
userweb-app  | ===========getbyname===================
userweb-app  | ===========getbyname===================
userweb-app  | ----------------Optional[com.example.demo.model.User@2ab6e270]
userweb-app  | ------------------------------
userweb-app  | ----------------Optional[com.example.demo.model.User@5d32c1a9]
userweb-app  | ===========getbyname===================
userweb-app  | ===========getbyname===================
userweb-app  | ----------------Optional[com.example.demo.model.User@488cfba0]
userweb-app  | ---------me 200---------
userweb-app  | ---------me 200---------
userweb-app  | ----------------Optional[com.example.demo.model.User@619c3494]
userweb-app  | ===========getbyname===================
userweb-app  | ===========getbyname===================
userweb-app  | ----------------Optional[com.example.demo.model.User@4723861b]
userweb-app  | ------------------------------
userweb-app  | ===========getbyname===================
userweb-app  | ----------------Optional[com.example.demo.model.User@7a327fa6]
userweb-app  | ---------me 200---------
userweb-app  | ===========getbyname===================
userweb-app  | ----------------Optional[com.example.demo.model.User@3e41ff63]
userweb-app  | ===========getbyname===================
userweb-app  | ----------------Optional[com.example.demo.model.User@4ed2bac6]
userweb-app  | ----------------Optional[com.example.demo.model.User@30656a4d]
userweb-app  | -----------test_1790235541127_30------1234--------
userweb-app  | ### AUTH ### Thread=http-nio-8080-exec-45 | requestUsername=test_1790235541127_30
userweb-app  | ===========getbyname===================
userweb-app  | ----------------Optional[com.example.demo.model.User@586f2d89]
userweb-app  | -----------test_1790235541130_34------1234--------
userweb-app  | ### AUTH ### Thread=http-nio-8080-exec-14 | requestUsername=test_1790235541130_34
userweb-app  | ===========getbyname===================
userweb-app  | ----------finish-------------
userweb-app  | ### AUTH USER ### requestUsername=test_1790235541127_30 | dbUsername=test_1790235541127_30 | userId=102
userweb-app  | ----------------Optional[com.example.demo.model.User@729b40cb]
userweb-app  | ---------me 200---------
userweb-app  | ---------me 200---------
userweb-app  | ===========getbyname===================
userweb-app  | -----------test_1790235541130_1------1234--------
userweb-app  | ### AUTH ### Thread=http-nio-8080-exec-35 | requestUsername=test_1790235541130_1
userweb-app  | ===========getbyname===================
userweb-app  | ----------------Optional[com.example.demo.model.User@7172afe2]
userweb-app  | ----------------Optional[com.example.demo.model.User@6a2c098a]
userweb-app  | ----------finish-------------
userweb-app  | ### AUTH USER ### requestUsername=test_1790235541130_34 | dbUsername=test_1790235541130_34 | userId=103
userweb-app  | ===========getbyname===================
userweb-app  | ===========getbyname===================
userweb-app  | ----------------Optional[com.example.demo.model.User@6712f7f5]
userweb-app  | ===========getbyname===================
userweb-app  | ----------------Optional[com.example.demo.model.User@7a44bd2c]
userweb-app  | ---------me 200---------
userweb-app  | ----------------Optional[com.example.demo.model.User@41d54edf]
userweb-app  | ----------------Optional[com.example.demo.model.User@2b8a1c99]
userweb-app  | -----------test_1790235541171_24------1234--------
userweb-app  | ### AUTH ### Thread=http-nio-8080-exec-53 | requestUsername=test_1790235541171_24
userweb-app  | ===========getbyname===================
userweb-app  | ----------------Optional[com.example.demo.model.User@5d92ba4b]
userweb-app  | ----------finish-------------
userweb-app  | ### AUTH USER ### requestUsername=test_1790235541171_24 | dbUsername=test_1790235541171_24 | userId=106
userweb-app  | ===========getbyname===================
userweb-app  | ----------------Optional[com.example.demo.model.User@56accc81]
userweb-app  | ---------me 200---------
userweb-app  | ===========getbyname===================
userweb-app  | ----------------Optional[com.example.demo.model.User@5d6edbc]
userweb-app  | ===========getbyname===================
userweb-app  | ===========getbyname===================
userweb-app  | ----------finish-------------
userweb-app  | ### AUTH USER ### requestUsername=test_1790235541130_1 | dbUsername=test_1790235541130_1 | userId=107
userweb-app  | ----------------Optional[com.example.demo.model.User@572dd19d]
userweb-app  | ----------------Optional[com.example.demo.model.User@68cb2f8f]
userweb-app  | -----------test_1790235541706_55------1234--------
userweb-app  | ### AUTH ### Thread=http-nio-8080-exec-24 | requestUsername=test_1790235541706_55
userweb-app  | ===========getbyname===================
userweb-app  | ===========getbyname===================
userweb-app  | ===========getbyname===================
userweb-app  | ===========getbyname===================
userweb-app  | ===========getbyname===================
userweb-app  | ===========getbyname===================
userweb-app  | ===========getbyname===================
userweb-app  | ----------------Optional[com.example.demo.model.User@4adc5591]
userweb-app  | ===========getbyname===================
userweb-app  | ----------------Optional[com.example.demo.model.User@17d48794]
userweb-app  | ===========getbyname===================
userweb-app  | ===========getbyname===================
userweb-app  | ----------------Optional[com.example.demo.model.User@2b6aef78]
userweb-app  | ----------------Optional[com.example.demo.model.User@3b4cddcc]
userweb-app  | ===========getbyname===================
userweb-app  | ----------------Optional[com.example.demo.model.User@58c3a0e8]
userweb-app  | ---------me 200---------
userweb-app  | ----------------Optional[com.example.demo.model.User@648d2a69]
userweb-app  | ===========getbyname===================
userweb-app  | ===========getbyname===================
userweb-app  | ===========getbyname===================
userweb-app  | ----------------Optional[com.example.demo.model.User@6b6e5d5d]
userweb-app  | ----------finish-------------
userweb-app  | ### AUTH USER ### requestUsername=test_1790235541706_55 | dbUsername=test_1790235541706_55 | userId=109
userweb-app  | ===========getbyname===================
userweb-app  | ===========getbyname===================
userweb-app  | ===========getbyname===================
userweb-app  | ----------------Optional[com.example.demo.model.User@1bb8368f]
userweb-app  | ----------------Optional[com.example.demo.model.User@2b2f7e60]
userweb-app  | ===========getbyname===================
userweb-app  | ----------------Optional[com.example.demo.model.User@21d66570]
userweb-app  | ===========getbyname===================
userweb-app  | ===========getbyname===================
userweb-app  | ----------------Optional[com.example.demo.model.User@383b71a8]
userweb-app  | ----------------Optional[com.example.demo.model.User@1d999cc]
userweb-app  | ----------------Optional[com.example.demo.model.User@22dc621a]
userweb-app  | ----------------Optional[com.example.demo.model.User@166a0566]
userweb-app  | ===========getbyname===================
userweb-app  | ===========getbyname===================
userweb-app  | ----------------Optional[com.example.demo.model.User@159d140f]
userweb-app  | ----------------Optional[com.example.demo.model.User@793a5f6c]
userweb-app  | ------------------------------
userweb-app  | ===========getbyname===================
userweb-app  | ----------------Optional[com.example.demo.model.User@658da7d8]
userweb-app  | ===========getbyname===================
userweb-app  | ===========getbyname===================
userweb-app  | ----------------Optional[com.example.demo.model.User@20aecc62]
userweb-app  | ===========getbyname===================
userweb-app  | ----------------Optional[com.example.demo.model.User@2387d213]
userweb-app  | ----------------Optional[com.example.demo.model.User@2ca7f92b]
userweb-app  | ----------------Optional[com.example.demo.model.User@2376e16a]
userweb-app  | ===========getbyname===================
userweb-app  | ----------------Optional[com.example.demo.model.User@12fbdde5]
userweb-app  | ===========getbyname===================
userweb-app  | ----------------Optional[com.example.demo.model.User@10494591]
userweb-app  | ------------------------------
userweb-app  | ----------------Optional[com.example.demo.model.User@66568887]
userweb-app  | ----------------Optional[com.example.demo.model.User@7ef1bac1]
userweb-app  | ---------me 200---------
userweb-app  | ----------------Optional[com.example.demo.model.User@69a512df]
userweb-app  | ---------me 200---------
userweb-app  | ----------------Optional[com.example.demo.model.User@3adf6629]
userweb-app  | ------------------------------
userweb-app  | ===========getbyname===================
userweb-app  | ---------me 200---------
userweb-app  | ----------------Optional[com.example.demo.model.User@d340c03]
userweb-app  | ===========getbyname===================
userweb-app  | ===========getbyname===================
userweb-app  | ===========getbyname===================
userweb-app  | ----------------Optional[com.example.demo.model.User@7814c570]
userweb-app  | ===========getbyname===================
userweb-app  | ----------------Optional[com.example.demo.model.User@2b82a8d7]
userweb-app  | ----------------Optional[com.example.demo.model.User@5f83d74a]
userweb-app  | ---------me 200---------
userweb-app  | ----------------Optional[com.example.demo.model.User@69d5b5b7]
userweb-app  | ---------me 200---------
userweb-app  | ===========getbyname===================
userweb-app  | ---------me 200---------
userweb-app  | ===========getbyname===================
userweb-app  | ===========getbyname===================
userweb-app  | ----------------Optional[com.example.demo.model.User@607242fd]
userweb-app  | ===========getbyname===================
userweb-app  | ----------------Optional[com.example.demo.model.User@764e7e13]
userweb-app  | ===========getbyname===================
userweb-app  | ----------------Optional[com.example.demo.model.User@7a37b87c]
userweb-app  | ===========getbyname===================
userweb-app  | ===========getbyname===================
userweb-app  | ----------------Optional[com.example.demo.model.User@34c7731e]
userweb-app  | ------------------------------
userweb-app  | ===========getbyname===================
userweb-app  | ===========getbyname===================
userweb-app  | ===========getbyname===================
userweb-app  | ----------------Optional[com.example.demo.model.User@f3b1ea3]
userweb-app  | ===========getbyname===================
userweb-app  | ===========getbyname===================
userweb-app  | ----------------Optional[com.example.demo.model.User@5e44035d]
userweb-app  | ----------------Optional[com.example.demo.model.User@7e4d0d25]
userweb-app  | ===========getbyname===================
userweb-app  | ===========getbyname===================
userweb-app  | ----------------Optional[com.example.demo.model.User@3c1b4909]
userweb-app  | ===========getbyname===================
userweb-app  | ---------me 200---------
userweb-app  | ===========getbyname===================
userweb-app  | ----------------Optional[com.example.demo.model.User@214bf944]
userweb-app  | ----------------Optional[com.example.demo.model.User@33117537]
userweb-app  | ---------me 200---------
userweb-app  | ----------------Optional[com.example.demo.model.User@18b7aa9c]
userweb-app  | ------------------------------
userweb-app  | ===========getbyname===================
userweb-app  | ===========getbyname===================
userweb-app  | ----------------Optional[com.example.demo.model.User@742546cd]
userweb-app  | ----------------Optional[com.example.demo.model.User@3d093fcd]
userweb-app  | ---------me 200---------
userweb-app  | ----------------Optional[com.example.demo.model.User@35d2a16c]
userweb-app  | ----------------Optional[com.example.demo.model.User@7da216d7]
userweb-app  | ----------------Optional[com.example.demo.model.User@442af5c5]
userweb-app  | ---------me 200---------
userweb-app  | ----------------Optional[com.example.demo.model.User@79461252]
userweb-app  | ===========getbyname===================
userweb-app  | ----------------Optional[com.example.demo.model.User@348a46ab]
userweb-app  | ----------------Optional[com.example.demo.model.User@4b925d2c]
userweb-app  | ----------------Optional[com.example.demo.model.User@c7e315f]
userweb-app  | ===========getbyname===================
userweb-app  | ===========getbyname===================
userweb-app  | ----------------Optional[com.example.demo.model.User@70f9c7db]
userweb-app  | ----------------Optional[com.example.demo.model.User@4e40997]
userweb-app  | ---------me 200---------
userweb-app  | ===========getbyname===================
userweb-app  | ----------------Optional[com.example.demo.model.User@2ec59b42]
userweb-app  | ---------me 200---------
userweb-app  | ---------me 200---------
userweb-app  | ===========getbyname===================
userweb-app  | -----------test_1790235541725_48------1234--------
userweb-app  | ### AUTH ### Thread=http-nio-8080-exec-58 | requestUsername=test_1790235541725_48
userweb-app  | ===========getbyname===================
userweb-app  | ===========getbyname===================
userweb-app  | ----------------Optional[com.example.demo.model.User@192d3e52]
userweb-app  | ----------finish-------------
userweb-app  | ### AUTH USER ### requestUsername=test_1790235541725_48 | dbUsername=test_1790235541725_48 | userId=110
userweb-app  | ===========getbyname===================
userweb-app  | ===========getbyname===================
userweb-app  | ===========getbyname===================
userweb-app  | ----------------Optional[com.example.demo.model.User@10f42bd7]
userweb-app  | ---------me 200---------
userweb-app  | ===========getbyname===================
userweb-app  | ===========getbyname===================
userweb-app  | ===========getbyname===================
userweb-app  | ----------------Optional[com.example.demo.model.User@6048f8ce]
userweb-app  | ----------------Optional[com.example.demo.model.User@539705e3]
userweb-app  | ----------------Optional[com.example.demo.model.User@51c4ce40]
userweb-app  | ----------------Optional[com.example.demo.model.User@2aaa5606]
userweb-app  | ----------------Optional[com.example.demo.model.User@7af86ea6]
userweb-app  | ----------------Optional[com.example.demo.model.User@1a32389a]
userweb-app  | ===========getbyname===================
userweb-app  | ===========getbyname===================
userweb-app  | ----------------Optional[com.example.demo.model.User@7b1ed8aa]
userweb-app  | ----------------Optional[com.example.demo.model.User@11d77e01]
userweb-app  | ===========getbyname===================
userweb-app  | ===========getbyname===================
userweb-app  | ===========getbyname===================
userweb-app  | ===========getbyname===================
userweb-app  | ===========getbyname===================
userweb-app  | ===========getbyname===================
userweb-app  | ----------------Optional[com.example.demo.model.User@6f2fa3d7]
userweb-app  | ----------------Optional[com.example.demo.model.User@42d05633]
userweb-app  | ----------------Optional[com.example.demo.model.User@fc3efa4]
userweb-app  | ----------------Optional[com.example.demo.model.User@530aa0ff]
userweb-app  | ----------------Optional[com.example.demo.model.User@538ceb13]
userweb-app  | ---------me 200---------
userweb-app  | ===========getbyname===================
userweb-app  | ----------------Optional[com.example.demo.model.User@4dde5256]
userweb-app  | ===========getbyname===================
userweb-app  | ---------me 200---------
userweb-app  | -----------test_1790235541505_10------1234--------
userweb-app  | ### AUTH ### Thread=http-nio-8080-exec-23 | requestUsername=test_1790235541505_10
userweb-app  | ===========getbyname===================
userweb-app  | ----------------Optional[com.example.demo.model.User@708b2ae1]
userweb-app  | ----------finish-------------
userweb-app  | ### AUTH USER ### requestUsername=test_1790235541505_10 | dbUsername=test_1790235541505_10 | userId=111
userweb-app  | ===========getbyname===================
userweb-app  | ===========getbyname===================
userweb-app  | ===========getbyname===================
userweb-app  | ----------------Optional[com.example.demo.model.User@c107be7]
userweb-app  | ===========getbyname===================
userweb-app  | ----------------Optional[com.example.demo.model.User@7c949d27]
userweb-app  | ----------------Optional[com.example.demo.model.User@66f68a95]
userweb-app  | ----------------Optional[com.example.demo.model.User@daff660]
userweb-app  | ---------me 200---------
userweb-app  | ===========getbyname===================
userweb-app  | ----------------Optional[com.example.demo.model.User@35c0128a]
userweb-app  | ===========getbyname===================
userweb-app  | ===========getbyname===================
userweb-app  | ===========getbyname===================
userweb-app  | ===========getbyname===================
userweb-app  | ----------------Optional[com.example.demo.model.User@74b21c42]
userweb-app  | ----------------Optional[com.example.demo.model.User@4e1ef995]
userweb-app  | ---------me 200---------
userweb-app  | ----------------Optional[com.example.demo.model.User@72e3f547]
userweb-app  | ===========getbyname===================
userweb-app  | ===========getbyname===================
userweb-app  | ===========getbyname===================
userweb-app  | ----------------Optional[com.example.demo.model.User@65d90647]
userweb-app  | ===========getbyname===================
userweb-app  | ===========getbyname===================
userweb-app  | ----------------Optional[com.example.demo.model.User@483806d2]
userweb-app  | ----------------Optional[com.example.demo.model.User@41cf334e]
userweb-app  | ===========getbyname===================
userweb-app  | ----------------Optional[com.example.demo.model.User@65a6b401]
userweb-app  | ===========getbyname===================
userweb-app  | ===========getbyname===================
userweb-app  | ----------------Optional[com.example.demo.model.User@101dd111]
userweb-app  | ----------------Optional[com.example.demo.model.User@7075da00]
userweb-app  | ===========getbyname===================
userweb-app  | ---------me 200---------
userweb-app  | ===========getbyname===================
userweb-app  | ----------------Optional[com.example.demo.model.User@55815767]
userweb-app  | ----------------Optional[com.example.demo.model.User@5f006e13]
userweb-app  | ===========getbyname===================
userweb-app  | ===========getbyname===================
userweb-app  | ----------------Optional[com.example.demo.model.User@703f808f]
userweb-app  | ===========getbyname===================
userweb-app  | ===========getbyname===================
userweb-app  | -----------test_1790235541645_12------1234--------
userweb-app  | ### AUTH ### Thread=http-nio-8080-exec-51 | requestUsername=test_1790235541645_12
userweb-app  | ===========getbyname===================
userweb-app  | ---------me 200---------
userweb-app  | ===========getbyname===================
userweb-app  | ===========getbyname===================
userweb-app  | ----------------Optional[com.example.demo.model.User@40f1d18e]
userweb-app  | ----------------Optional[com.example.demo.model.User@39fea5a5]
userweb-app  | ===========getbyname===================
userweb-app  | -----------test_1790235542171_23------1234--------
userweb-app  | ### AUTH ### Thread=http-nio-8080-exec-3 | requestUsername=test_1790235542171_23
userweb-app  | ===========getbyname===================
userweb-app  | ----------------Optional[com.example.demo.model.User@3582b2f0]
userweb-app  | ----------finish-------------
userweb-app  | ### AUTH USER ### requestUsername=test_1790235542171_23 | dbUsername=test_1790235542171_23 | userId=116
userweb-app  | ----------------Optional[com.example.demo.model.User@2b6524fc]
userweb-app  | ===========getbyname===================
userweb-app  | ----------------Optional[com.example.demo.model.User@58dffb60]
userweb-app  | ---------me 200---------
userweb-app  | ----------------Optional[com.example.demo.model.User@4bda0937]
userweb-app  | ----------finish-------------
userweb-app  | ===========getbyname===================
userweb-app  | ### AUTH USER ### requestUsername=test_1790235541645_12 | dbUsername=test_1790235541645_12 | userId=112
userweb-app  | ----------------Optional[com.example.demo.model.User@5190ced4]
userweb-app  | ------------------------------
userweb-app  | -----------test_1790235541585_25------1234--------
userweb-app  | ### AUTH ### Thread=http-nio-8080-exec-52 | requestUsername=test_1790235541585_25
userweb-app  | ===========getbyname===================
userweb-app  | ----------------Optional[com.example.demo.model.User@2e91f64e]
userweb-app  | ===========getbyname===================
userweb-app  | ----------finish-------------
userweb-app  | ### AUTH USER ### requestUsername=test_1790235541585_25 | dbUsername=test_1790235541585_25 | userId=113
userweb-app  | ----------------Optional[com.example.demo.model.User@68e134a8]
userweb-app  | ----------------Optional[com.example.demo.model.User@6d0b1ab0]
userweb-app  | ===========getbyname===================
userweb-app  | ===========getbyname===================
userweb-app  | ===========getbyname===================
userweb-app  | ----------------Optional[com.example.demo.model.User@707b1eb7]
userweb-app  | ----------------Optional[com.example.demo.model.User@447bc62d]
userweb-app  | ---------me 200---------
userweb-app  | ===========getbyname===================
userweb-app  | ===========getbyname===================
userweb-app  | ----------------Optional[com.example.demo.model.User@1919f9ec]
userweb-app  | ----------------Optional[com.example.demo.model.User@3ce2b6ad]
userweb-app  | ===========getbyname===================
userweb-app  | ===========getbyname===================
userweb-app  | ---------me 200---------
userweb-app  | ===========getbyname===================
userweb-app  | ----------------Optional[com.example.demo.model.User@1c4fd9e4]
userweb-app  | ===========getbyname===================
userweb-app  | ===========getbyname===================
userweb-app  | ----------------Optional[com.example.demo.model.User@23ed46b2]
userweb-app  | ===========getbyname===================
userweb-app  | ===========getbyname===================
userweb-app  | ===========getbyname===================
userweb-app  | ----------------Optional[com.example.demo.model.User@14aebf]
userweb-app  | -----------test_1790235541883_38------1234--------
userweb-app  | ### AUTH ### Thread=http-nio-8080-exec-35 | requestUsername=test_1790235541883_38
userweb-app  | ===========getbyname===================
userweb-app  | ----------------Optional[com.example.demo.model.User@34afbff4]
userweb-app  | ===========getbyname===================
userweb-app  | ----------finish-------------
userweb-app  | ### AUTH USER ### requestUsername=test_1790235541883_38 | dbUsername=test_1790235541883_38 | userId=114
userweb-app  | ===========getbyname===================
userweb-app  | ----------------Optional[com.example.demo.model.User@34c1cb4c]
userweb-app  | ------------------------------
userweb-app  | ----------------Optional[com.example.demo.model.User@65c7e304]
userweb-app  | ---------me 200---------
userweb-app  | ----------------Optional[com.example.demo.model.User@7f4d534b]
userweb-app  | ---------me 200---------
userweb-app  | ----------------Optional[com.example.demo.model.User@eb3a847]
userweb-app  | ------------------------------
userweb-app  | ----------------Optional[com.example.demo.model.User@56e4bce2]
userweb-app  | ===========getbyname===================
userweb-app  | ---------me 200---------
userweb-app  | ----------------Optional[com.example.demo.model.User@5678e79e]
userweb-app  | ----------------Optional[com.example.demo.model.User@282b514]
userweb-app  | ===========getbyname===================
userweb-app  | ----------------Optional[com.example.demo.model.User@31660bd]
userweb-app  | ===========getbyname===================
userweb-app  | ===========getbyname===================
userweb-app  | ===========getbyname===================
userweb-app  | ----------------Optional[com.example.demo.model.User@3845f8ca]
userweb-app  | ----------------Optional[com.example.demo.model.User@e9ed1bc]
userweb-app  | ----------------Optional[com.example.demo.model.User@280723b0]
userweb-app  | ---------me 200---------
userweb-app  | ===========getbyname===================
userweb-app  | ----------------Optional[com.example.demo.model.User@3b7d9cbe]
userweb-app  | ===========getbyname===================
userweb-app  | ----------------Optional[com.example.demo.model.User@4adc7bee]
userweb-app  | ----------------Optional[com.example.demo.model.User@496e1ee8]
userweb-app  | -----------test_1790235542483_42------1234--------
userweb-app  | ### AUTH ### Thread=http-nio-8080-exec-43 | requestUsername=test_1790235542483_42
userweb-app  | ===========getbyname===================
userweb-app  | ===========getbyname===================
userweb-app  | ----------------Optional[com.example.demo.model.User@145cdbb4]
userweb-app  | ---------me 200---------
userweb-app  | ===========getbyname===================
userweb-app  | ===========getbyname===================
userweb-app  | ===========getbyname===================
userweb-app  | ----------------Optional[com.example.demo.model.User@73591e19]
userweb-app  | ----------------Optional[com.example.demo.model.User@34952ae2]
userweb-app  | ----------------Optional[com.example.demo.model.User@60e36536]
userweb-app  | ---------me 200---------
userweb-app  | ----------------Optional[com.example.demo.model.User@63ece0f5]
userweb-app  | ---------me 200---------
userweb-app  | ===========getbyname===================
userweb-app  | ===========getbyname===================
userweb-app  | ----------------Optional[com.example.demo.model.User@67e4a3d]
userweb-app  | ===========getbyname===================
userweb-app  | ----------------Optional[com.example.demo.model.User@31af85d6]
userweb-app  | ----------------Optional[com.example.demo.model.User@5c16ccc6]
userweb-app  | ---------me 200---------
userweb-app  | ===========getbyname===================
userweb-app  | ----------------Optional[com.example.demo.model.User@110f49da]
userweb-app  | ----------------Optional[com.example.demo.model.User@6e9946c6]
userweb-app  | ---------me 200---------
userweb-app  | ----------------Optional[com.example.demo.model.User@626740cc]
userweb-app  | ---------me 200---------
userweb-app  | ===========getbyname===================
userweb-app  | ----------------Optional[com.example.demo.model.User@7df6f687]
userweb-app  | ===========getbyname===================
userweb-app  | ===========getbyname===================
userweb-app  | ----------------Optional[com.example.demo.model.User@4ba001b9]
userweb-app  | ===========getbyname===================
userweb-app  | ----------------Optional[com.example.demo.model.User@69c434f]
userweb-app  | ---------me 200---------
userweb-app  | -----------test_1790235542417_22------1234--------
userweb-app  | ### AUTH ### Thread=http-nio-8080-exec-46 | requestUsername=test_1790235542417_22
userweb-app  | ===========getbyname===================
userweb-app  | ===========getbyname===================
userweb-app  | ----------------Optional[com.example.demo.model.User@66128de2]
userweb-app  | ===========getbyname===================
userweb-app  | ----------------Optional[com.example.demo.model.User@13598ba7]
userweb-app  | ----------------Optional[com.example.demo.model.User@5cfe6a8c]
userweb-app  | ----------------Optional[com.example.demo.model.User@2cf64efb]
userweb-app  | ===========getbyname===================
userweb-app  | ----------------Optional[com.example.demo.model.User@52cf44b]
userweb-app  | ----------------Optional[com.example.demo.model.User@d564224]
userweb-app  | ----------------Optional[com.example.demo.model.User@73d6218d]
userweb-app  | ----------------Optional[com.example.demo.model.User@4b4f9304]
userweb-app  | ----------------Optional[com.example.demo.model.User@3302ac88]
userweb-app  | ---------me 200---------
userweb-app  | ===========getbyname===================
userweb-app  | ----------------Optional[com.example.demo.model.User@17269978]
userweb-app  | ---------me 200---------
userweb-app  | ---------me 200---------
userweb-app  | ===========getbyname===================
userweb-app  | ---------me 200---------
userweb-app  | ===========getbyname===================
userweb-app  | ----------------Optional[com.example.demo.model.User@3c10b3d7]
userweb-app  | ===========getbyname===================
userweb-app  | ===========getbyname===================
userweb-app  | ----------------Optional[com.example.demo.model.User@426514af]
userweb-app  | ----------finish-------------
userweb-app  | ### AUTH USER ### requestUsername=test_1790235542483_42 | dbUsername=test_1790235542483_42 | userId=118
userweb-app  | ===========getbyname===================
userweb-app  | ----------------Optional[com.example.demo.model.User@32c956b4]
userweb-app  | ----------------Optional[com.example.demo.model.User@6c5d3d9a]
userweb-app  | ----------------Optional[com.example.demo.model.User@3a47eb0c]
userweb-app  | ----------------Optional[com.example.demo.model.User@459b2b58]
userweb-app  | ---------me 200---------
userweb-app  | ----------finish-------------
userweb-app  | ### AUTH USER ### requestUsername=test_1790235542417_22 | dbUsername=test_1790235542417_22 | userId=119
userweb-app  | ---------me 200---------
userweb-app  | ===========getbyname===================
userweb-app  | ----------------Optional[com.example.demo.model.User@1132fc01]
userweb-app  | ===========getbyname===================
userweb-app  | ----------------Optional[com.example.demo.model.User@55ea743f]
userweb-app  | ---------me 200---------
userweb-app  | ---------me 200---------
userweb-app  | ===========getbyname===================
userweb-app  | ----------------Optional[com.example.demo.model.User@216dd4e]
userweb-app  | ---------me 200---------
userweb-app  | ===========getbyname===================
userweb-app  | ----------------Optional[com.example.demo.model.User@485e5876]
userweb-app  | ---------me 200---------
userweb-app  | ----------------Optional[com.example.demo.model.User@76ce9747]
userweb-app  | -----------test_1790235542598_47------1234--------
userweb-app  | ### AUTH ### Thread=http-nio-8080-exec-13 | requestUsername=test_1790235542598_47
userweb-app  | ===========getbyname===================
userweb-app  | ===========getbyname===================
userweb-app  | -----------test_1790235542337_29------1234--------
userweb-app  | ### AUTH ### Thread=http-nio-8080-exec-11 | requestUsername=test_1790235542337_29
userweb-app  | ===========getbyname===================
userweb-app  | ----------------Optional[com.example.demo.model.User@3db460f1]
userweb-app  | ----------------Optional[com.example.demo.model.User@60417185]
userweb-app  | ----------finish-------------
userweb-app  | ### AUTH USER ### requestUsername=test_1790235542598_47 | dbUsername=test_1790235542598_47 | userId=120
userweb-app  | ===========getbyname===================
userweb-app  | ----------------Optional[com.example.demo.model.User@2d0c1629]
userweb-app  | ----------finish-------------
userweb-app  | ### AUTH USER ### requestUsername=test_1790235542337_29 | dbUsername=test_1790235542337_29 | userId=117
userweb-app  | ===========getbyname===================
userweb-app  | ----------------Optional[com.example.demo.model.User@1c6b1c14]
userweb-app  | ---------me 200---------
userweb-app  | ---------me 200---------
userweb-app  | ===========getbyname===================
userweb-app  | ----------------Optional[com.example.demo.model.User@73903517]
userweb-app  | ===========getbyname===================
userweb-app  | ----------------Optional[com.example.demo.model.User@5ac309f8]
userweb-app  | ===========getbyname===================
userweb-app  | ----------------Optional[com.example.demo.model.User@c335dca]
userweb-app  | ---------me 200---------
userweb-app  | -----------test_1790235542695_60------1234--------
userweb-app  | ### AUTH ### Thread=http-nio-8080-exec-30 | requestUsername=test_1790235542695_60
userweb-app  | ===========getbyname===================
userweb-app  | ===========getbyname===================
userweb-app  | ===========getbyname===================
userweb-app  | ===========getbyname===================
userweb-app  | ===========getbyname===================
userweb-app  | ===========getbyname===================
userweb-app  | ----------------Optional[com.example.demo.model.User@2e1206fe]
userweb-app  | ---------me 200---------
userweb-app  | ----------------Optional[com.example.demo.model.User@2f8f905b]
userweb-app  | ===========getbyname===================
userweb-app  | ----------------Optional[com.example.demo.model.User@21a1aecd]
userweb-app  | ---------me 200---------
userweb-app  | ===========getbyname===================
userweb-app  | ===========getbyname===================
userweb-app  | ----------------Optional[com.example.demo.model.User@53dd0a31]
userweb-app  | ---------me 200---------
userweb-app  | ---------me 200---------
userweb-app  | ----------------Optional[com.example.demo.model.User@39d63541]
userweb-app  | ------------------------------
userweb-app  | ===========getbyname===================
userweb-app  | ----------------Optional[com.example.demo.model.User@11e08556]
userweb-app  | ---------me 200---------
userweb-app  | ---------me 200---------
userweb-app  | ===========getbyname===================
userweb-app  | ----------------Optional[com.example.demo.model.User@a7b286]
userweb-app  | ----------------Optional[com.example.demo.model.User@63a15f52]
userweb-app  | ----------------Optional[com.example.demo.model.User@7392fa91]
userweb-app  | ----------finish-------------
userweb-app  | ### AUTH USER ### requestUsername=test_1790235542695_60 | dbUsername=test_1790235542695_60 | userId=123
userweb-app  | ----------------Optional[com.example.demo.model.User@4162f420]
userweb-app  | ---------me 200---------
userweb-app  | -----------test_1790235542349_26------1234--------
userweb-app  | ### AUTH ### Thread=http-nio-8080-exec-7 | requestUsername=test_1790235542349_26
userweb-app  | ===========getbyname===================
userweb-app  | ----------------Optional[com.example.demo.model.User@8cadf41]
userweb-app  | ------------------------------
userweb-app  | ----------------Optional[com.example.demo.model.User@61ed7e57]
userweb-app  | ---------me 200---------
userweb-app  | -----------test_1790235542128_46------1234--------
userweb-app  | ===========getbyname===================
userweb-app  | ----------------Optional[com.example.demo.model.User@afb2b17]
userweb-app  | ### AUTH ### Thread=http-nio-8080-exec-52 | requestUsername=test_1790235542128_46
userweb-app  | ===========getbyname===================
userweb-app  | ---------me 200---------
userweb-app  | ---------me 200---------
userweb-app  | ----------------Optional[com.example.demo.model.User@1065036f]
userweb-app  | ===========getbyname===================
userweb-app  | -----------test_1790235542601_59------1234--------
userweb-app  | ### AUTH ### Thread=http-nio-8080-exec-8 | requestUsername=test_1790235542601_59
userweb-app  | ===========getbyname===================
userweb-app  | ----------------Optional[com.example.demo.model.User@47175b2]
userweb-app  | ----------finish-------------
userweb-app  | ### AUTH USER ### requestUsername=test_1790235542601_59 | dbUsername=test_1790235542601_59 | userId=122
userweb-app  | ===========getbyname===================
userweb-app  | ----------------Optional[com.example.demo.model.User@4bf6c4dd]
userweb-app  | ===========getbyname===================
userweb-app  | ----------------Optional[com.example.demo.model.User@6f052e77]
userweb-app  | ---------me 200---------
userweb-app  | ---------me 200---------
userweb-app  | ===========getbyname===================
userweb-app  | ----------------Optional[com.example.demo.model.User@1c7ee538]
userweb-app  | ----------------Optional[com.example.demo.model.User@71ddf47c]
userweb-app  | ---------me 200---------
userweb-app  | ---------me 200---------
userweb-app  | ---------me 200---------
userweb-app  | ---------me 200---------
userweb-app  | -----------test_1790235542186_39------1234--------
userweb-app  | ### AUTH ### Thread=http-nio-8080-exec-28 | requestUsername=test_1790235542186_39
userweb-app  | ===========getbyname===================
userweb-app  | -----------test_1790235542436_17------1234--------
userweb-app  | ### AUTH ### Thread=http-nio-8080-exec-57 | requestUsername=test_1790235542436_17
userweb-app  | ===========getbyname===================
userweb-app  | ----------------Optional[com.example.demo.model.User@2580ae9b]
userweb-app  | ----------finish-------------
userweb-app  | ----------------Optional[com.example.demo.model.User@419dd6c8]
userweb-app  | ----------finish-------------
userweb-app  | ### AUTH USER ### requestUsername=test_1790235542128_46 | dbUsername=test_1790235542128_46 | userId=115
userweb-app  | ===========getbyname===================
userweb-app  | ### AUTH USER ### requestUsername=test_1790235542186_39 | dbUsername=test_1790235542186_39 | userId=124
userweb-app  | ----------------Optional[com.example.demo.model.User@16902a86]
userweb-app  | ----------finish-------------
userweb-app  | ### AUTH USER ### requestUsername=test_1790235542349_26 | dbUsername=test_1790235542349_26 | userId=121
userweb-app  | ------------------------------
userweb-app  | ----------------Optional[com.example.demo.model.User@7d888ba6]
userweb-app  | ----------------Optional[com.example.demo.model.User@55881b90]
userweb-app  | ----------finish-------------
userweb-app  | ### AUTH USER ### requestUsername=test_1790235542436_17 | dbUsername=test_1790235542436_17 | userId=128
userweb-app  | -----------test_1790235542729_50------1234--------
userweb-app  | ### AUTH ### Thread=http-nio-8080-exec-61 | requestUsername=test_1790235542729_50
userweb-app  | ===========getbyname===================
userweb-app  | ----------------Optional[com.example.demo.model.User@227ca025]
userweb-app  | ----------finish-------------
userweb-app  | ### AUTH USER ### requestUsername=test_1790235542729_50 | dbUsername=test_1790235542729_50 | userId=126
userweb-app  | -----------test_1790235542720_40------1234--------
userweb-app  | ### AUTH ### Thread=http-nio-8080-exec-48 | requestUsername=test_1790235542720_40
userweb-app  | ===========getbyname===================
userweb-app  | ----------------Optional[com.example.demo.model.User@76066192]
userweb-app  | ===========getbyname===================
userweb-app  | ----------------Optional[com.example.demo.model.User@10386816]
userweb-app  | ---------me 200---------
userweb-app  | ===========getbyname===================
userweb-app  | ----------finish-------------
userweb-app  | ### AUTH USER ### requestUsername=test_1790235542720_40 | dbUsername=test_1790235542720_40 | userId=125
userweb-app  | ----------------Optional[com.example.demo.model.User@4b7bf065]
userweb-app  | ---------me 200---------
userweb-app  | ===========getbyname===================
userweb-app  | ===========getbyname===================
userweb-app  | ----------------Optional[com.example.demo.model.User@336d767e]
userweb-app  | ===========getbyname===================
userweb-app  | ----------------Optional[com.example.demo.model.User@5bd3bc80]
userweb-app  | -----------test_1790235542936_32------1234--------
userweb-app  | ### AUTH ### Thread=http-nio-8080-exec-20 | requestUsername=test_1790235542936_32
userweb-app  | ===========getbyname===================
userweb-app  | ------------------------------
userweb-app  | ----------------Optional[com.example.demo.model.User@4b4b26b2]
userweb-app  | ----------finish-------------
userweb-app  | ### AUTH USER ### requestUsername=test_1790235542936_32 | dbUsername=test_1790235542936_32 | userId=129
userweb-app  | ===========getbyname===================
userweb-app  | ===========getbyname===================
userweb-app  | ----------------Optional[com.example.demo.model.User@18d73299]
userweb-app  | ---------me 200---------
userweb-app  | ===========getbyname===================
userweb-app  | ----------------Optional[com.example.demo.model.User@42739077]
userweb-app  | ----------------Optional[com.example.demo.model.User@63bff286]
userweb-app  | ---------me 200---------
userweb-app  | -----------test_1790235542711_14------1234--------
userweb-app  | ### AUTH ### Thread=http-nio-8080-exec-14 | requestUsername=test_1790235542711_14
userweb-app  | ===========getbyname===================
userweb-app  | ----------------Optional[com.example.demo.model.User@19da3f16]
userweb-app  | ----------finish-------------
userweb-app  | ### AUTH USER ### requestUsername=test_1790235542711_14 | dbUsername=test_1790235542711_14 | userId=127
userweb-app  | ----------------Optional[com.example.demo.model.User@4f4bafea]
userweb-app  | ---------me 200---------
userweb-app  | ------------------------------
userweb-app  | -----------test_1790235543089_33------1234--------
userweb-app  | ### AUTH ### Thread=http-nio-8080-exec-30 | requestUsername=test_1790235543089_33
userweb-app  | ===========getbyname===================
userweb-app  | ===========getbyname===================
userweb-app  | ----------------Optional[com.example.demo.model.User@16c2039f]
userweb-app  | ----------------Optional[com.example.demo.model.User@54678b04]
userweb-app  | ----------finish-------------
userweb-app  | ---------me 200---------
userweb-app  | -----------test_1790235542818_9------1234--------
userweb-app  | ### AUTH ### Thread=http-nio-8080-exec-53 | requestUsername=test_1790235542818_9
userweb-app  | ===========getbyname===================
userweb-app  | ===========getbyname===================
userweb-app  | ----------------Optional[com.example.demo.model.User@245860e4]
userweb-app  | ----------------Optional[com.example.demo.model.User@69690c1e]
userweb-app  | ----------finish-------------
userweb-app  | ### AUTH USER ### requestUsername=test_1790235542818_9 | dbUsername=test_1790235542818_9 | userId=130
userweb-app  | ===========getbyname===================
userweb-app  | ===========getbyname===================
userweb-app  | ===========getbyname===================
userweb-app  | ----------------Optional[com.example.demo.model.User@5e4da1af]
userweb-app  | ===========getbyname===================
userweb-app  | ----------------Optional[com.example.demo.model.User@613e32ca]
userweb-app  | ------------------------------
userweb-app  | ===========getbyname===================
userweb-app  | ----------------Optional[com.example.demo.model.User@7a5fe41d]
userweb-app  | ----------------Optional[com.example.demo.model.User@4b62b926]
userweb-app  | -----------test_1790235542861_41------1234--------
userweb-app  | ### AUTH ### Thread=http-nio-8080-exec-20 | requestUsername=test_1790235542861_41
userweb-app  | ===========getbyname===================
userweb-app  | ------------------------------
userweb-app  | ----------------Optional[com.example.demo.model.User@45f7509f]
userweb-app  | ----------finish-------------
userweb-app  | ### AUTH USER ### requestUsername=test_1790235542861_41 | dbUsername=test_1790235542861_41 | userId=136
userweb-app  | ---------me 200---------
userweb-app  | ===========getbyname===================
userweb-app  | ----------------Optional[com.example.demo.model.User@1ed7cf79]
userweb-app  | ---------me 200---------
userweb-app  | -----------test_1790235542425_11------1234--------
userweb-app  | ### AUTH ### Thread=http-nio-8080-exec-4 | requestUsername=test_1790235542425_11
userweb-app  | ===========getbyname===================
userweb-app  | ----------------Optional[com.example.demo.model.User@44662efe]
userweb-app  | ----------finish-------------
userweb-app  | ### AUTH USER ### requestUsername=test_1790235542425_11 | dbUsername=test_1790235542425_11 | userId=131
userweb-app  | -----------test_1790235542965_20------1234--------
userweb-app  | ### AUTH ### Thread=http-nio-8080-exec-51 | requestUsername=test_1790235542965_20
userweb-app  | ===========getbyname===================
userweb-app  | ----------------Optional[com.example.demo.model.User@608e8f9]
userweb-app  | ### AUTH USER ### requestUsername=test_1790235543089_33 | dbUsername=test_1790235543089_33 | userId=132
userweb-app  | ----------------Optional[com.example.demo.model.User@37716424]
userweb-app  | ---------me 200---------
userweb-app  | ===========getbyname===================
userweb-app  | ----------finish-------------
userweb-app  | ### AUTH USER ### requestUsername=test_1790235542965_20 | dbUsername=test_1790235542965_20 | userId=133
userweb-app  | -----------test_1790235542630_51------1234--------
userweb-app  | ### AUTH ### Thread=http-nio-8080-exec-47 | requestUsername=test_1790235542630_51
userweb-app  | ===========getbyname===================
userweb-app  | ----------------Optional[com.example.demo.model.User@15165200]
userweb-app  | ----------finish-------------
userweb-app  | ### AUTH USER ### requestUsername=test_1790235542630_51 | dbUsername=test_1790235542630_51 | userId=134
userweb-app  | -----------test_1790235543097_4------1234--------
userweb-app  | ### AUTH ### Thread=http-nio-8080-exec-44 | requestUsername=test_1790235543097_4
userweb-app  | ===========getbyname===================
userweb-app  | ===========getbyname===================
userweb-app  | ----------------Optional[com.example.demo.model.User@1df317c1]
userweb-app  | ----------finish-------------
userweb-app  | ### AUTH USER ### requestUsername=test_1790235543097_4 | dbUsername=test_1790235543097_4 | userId=135
userweb-app  | ----------------Optional[com.example.demo.model.User@518a943a]
userweb-app  | ---------me 200---------
userweb-app  | ===========getbyname===================
userweb-app  | ----------------Optional[com.example.demo.model.User@7b4463ce]
userweb-app  | ---------me 200---------
userweb-app  | ----------------Optional[com.example.demo.model.User@4ed164ff]
userweb-app  | ===========getbyname===================
userweb-app  | -----------test_1790235542818_15------1234--------
userweb-app  | ### AUTH ### Thread=http-nio-8080-exec-58 | requestUsername=test_1790235542818_15
userweb-app  | ===========getbyname===================
userweb-app  | ----------------Optional[com.example.demo.model.User@2e002b9a]
userweb-app  | ------------------------------
userweb-app  | ===========getbyname===================
userweb-app  | ===========getbyname===================
userweb-app  | ----------------Optional[com.example.demo.model.User@5e787e74]
userweb-app  | ---------me 200---------
userweb-app  | ----------------Optional[com.example.demo.model.User@33f56be0]
userweb-app  | ===========getbyname===================
userweb-app  | ----------------Optional[com.example.demo.model.User@48f485d1]
userweb-app  | ----------finish-------------
userweb-app  | ### AUTH USER ### requestUsername=test_1790235542818_15 | dbUsername=test_1790235542818_15 | userId=137
userweb-app  | ===========getbyname===================
userweb-app  | ----------------Optional[com.example.demo.model.User@6a71e99]
userweb-app  | ---------me 200---------
userweb-app  | ----------------Optional[com.example.demo.model.User@38be5b34]
userweb-app  | ===========getbyname===================
userweb-app  | ----------------Optional[com.example.demo.model.User@dbc879e]
userweb-app  | ------------------------------
userweb-app  | -----------test_1790235542703_43------1234--------
userweb-app  | ### AUTH ### Thread=http-nio-8080-exec-2 | requestUsername=test_1790235542703_43
userweb-app  | ===========getbyname===================
userweb-app  | -----------test_1790235542765_19------1234--------
userweb-app  | ### AUTH ### Thread=http-nio-8080-exec-15 | requestUsername=test_1790235542765_19
userweb-app  | ===========getbyname===================
userweb-app  | ===========getbyname===================
userweb-app  | ----------------Optional[com.example.demo.model.User@624e3818]
userweb-app  | ------------------------------
userweb-app  | -----------test_1790235543129_28------1234--------
userweb-app  | ### AUTH ### Thread=http-nio-8080-exec-28 | requestUsername=test_1790235543129_28
userweb-app  | ===========getbyname===================
userweb-app  | ----------------Optional[com.example.demo.model.User@76c7a605]
userweb-app  | ----------------Optional[com.example.demo.model.User@3bfada60]
userweb-app  | ----------finish-------------
userweb-app  | ### AUTH USER ### requestUsername=test_1790235542703_43 | dbUsername=test_1790235542703_43 | userId=140
userweb-app  | ===========getbyname===================
userweb-app  | ===========getbyname===================
userweb-app  | ===========getbyname===================
userweb-app  | ----------------Optional[com.example.demo.model.User@2a3e2501]
userweb-app  | ---------me 200---------
userweb-app  | ----------------Optional[com.example.demo.model.User@2d4d58da]
userweb-app  | ---------me 200---------
userweb-app  | ===========getbyname===================
userweb-app  | ----------------Optional[com.example.demo.model.User@2d186a44]
userweb-app  | ===========getbyname===================
userweb-app  | ------------------------------
userweb-app  | -----------test_1790235542998_57------1234--------
userweb-app  | ### AUTH ### Thread=http-nio-8080-exec-36 | requestUsername=test_1790235542998_57
userweb-app  | ===========getbyname===================
userweb-app  | ----------------Optional[com.example.demo.model.User@94e351a]
userweb-app  | ===========getbyname===================
userweb-app  | ===========getbyname===================
userweb-app  | ----------------Optional[com.example.demo.model.User@5eb6d3b2]
userweb-app  | ----------------Optional[com.example.demo.model.User@1bee74b]
userweb-app  | ------------------------------
userweb-app  | ---------me 200---------
userweb-app  | ----------finish-------------
userweb-app  | ### AUTH USER ### requestUsername=test_1790235543129_28 | dbUsername=test_1790235543129_28 | userId=139
userweb-app  | ===========getbyname===================
userweb-app  | ----------------Optional[com.example.demo.model.User@4bc94dfa]
userweb-app  | ---------me 200---------
userweb-app  | ----------------Optional[com.example.demo.model.User@4b234af7]
userweb-app  | ----------------Optional[com.example.demo.model.User@203733d6]
userweb-app  | ===========getbyname===================
userweb-app  | ===========getbyname===================
userweb-app  | ------------------------------
userweb-app  | ----------------Optional[com.example.demo.model.User@522cf674]
userweb-app  | ===========getbyname===================
userweb-app  | ----------------Optional[com.example.demo.model.User@31e275d0]
userweb-app  | ----------------Optional[com.example.demo.model.User@207616b5]
userweb-app  | ===========getbyname===================
userweb-app  | ----------------Optional[com.example.demo.model.User@5aba993c]
userweb-app  | ===========getbyname===================
userweb-app  | ----------finish-------------
userweb-app  | ### AUTH USER ### requestUsername=test_1790235542765_19 | dbUsername=test_1790235542765_19 | userId=138
userweb-app  | ===========getbyname===================
userweb-app  | ===========getbyname===================
userweb-app  | ===========getbyname===================
userweb-app  | ----------------Optional[com.example.demo.model.User@d821cf2]
userweb-app  | ---------me 200---------
userweb-app  | ----------------Optional[com.example.demo.model.User@21b597a2]
userweb-app  | ---------me 200---------
userweb-app  | -----------test_1790235543084_3------1234--------
userweb-app  | ### AUTH ### Thread=http-nio-8080-exec-18 | requestUsername=test_1790235543084_3
userweb-app  | ===========getbyname===================
userweb-app  | ----------------Optional[com.example.demo.model.User@77561429]
userweb-app  | ----------------Optional[com.example.demo.model.User@6e799442]
userweb-app  | ---------me 200---------
userweb-app  | ----------------Optional[com.example.demo.model.User@5385dbb6]
userweb-app  | ---------me 200---------
userweb-app  | -----------test_1790235542567_18------1234--------
userweb-app  | ### AUTH ### Thread=http-nio-8080-exec-46 | requestUsername=test_1790235542567_18
userweb-app  | ===========getbyname===================
userweb-app  | ----------------Optional[com.example.demo.model.User@97a1bf7]
userweb-app  | ----------finish-------------
userweb-app  | ### AUTH USER ### requestUsername=test_1790235542567_18 | dbUsername=test_1790235542567_18 | userId=145
userweb-app  | ----------finish-------------
userweb-app  | ### AUTH USER ### requestUsername=test_1790235543084_3 | dbUsername=test_1790235543084_3 | userId=148
userweb-app  | ===========getbyname===================
userweb-app  | ----------------Optional[com.example.demo.model.User@26653bd5]
userweb-app  | ----------------Optional[com.example.demo.model.User@4e00db17]
userweb-app  | ---------me 200---------
userweb-app  | ----------finish-------------
userweb-app  | ### AUTH USER ### requestUsername=test_1790235542998_57 | dbUsername=test_1790235542998_57 | userId=144
userweb-app  | ===========getbyname===================
userweb-app  | ----------------Optional[com.example.demo.model.User@661387bc]
userweb-app  | ------------------------------
userweb-app  | ===========getbyname===================
userweb-app  | ----------------Optional[com.example.demo.model.User@44738ec]
userweb-app  | ---------me 200---------
userweb-app  | -----------test_1790235543074_45------1234--------
userweb-app  | ### AUTH ### Thread=http-nio-8080-exec-7 | requestUsername=test_1790235543074_45
userweb-app  | ===========getbyname===================
userweb-app  | -----------test_1790235542995_49------1234--------
userweb-app  | ### AUTH ### Thread=http-nio-8080-exec-55 | requestUsername=test_1790235542995_49
userweb-app  | ===========getbyname===================
userweb-app  | ----------------Optional[com.example.demo.model.User@180bcc69]
userweb-app  | ----------finish-------------
userweb-app  | ### AUTH USER ### requestUsername=test_1790235542995_49 | dbUsername=test_1790235542995_49 | userId=147
userweb-app  | ----------------Optional[com.example.demo.model.User@6e14631e]
userweb-app  | ----------finish-------------
userweb-app  | ### AUTH USER ### requestUsername=test_1790235543074_45 | dbUsername=test_1790235543074_45 | userId=143
userweb-app  | ===========getbyname===================
userweb-app  | ----------------Optional[com.example.demo.model.User@1e084c62]
userweb-app  | -----------test_1790235542761_7------1234--------
userweb-app  | ### AUTH ### Thread=http-nio-8080-exec-16 | requestUsername=test_1790235542761_7
userweb-app  | ===========getbyname===================
userweb-app  | ----------------Optional[com.example.demo.model.User@48f7dbc4]
userweb-app  | ----------finish-------------
userweb-app  | ### AUTH USER ### requestUsername=test_1790235542761_7 | dbUsername=test_1790235542761_7 | userId=141
userweb-app  | -----------test_1790235543094_37------1234--------
userweb-app  | ### AUTH ### Thread=http-nio-8080-exec-59 | requestUsername=test_1790235543094_37
userweb-app  | ===========getbyname===================
userweb-app  | ===========getbyname===================
userweb-app  | ----------------Optional[com.example.demo.model.User@53028b01]
userweb-app  | ------------------------------
userweb-app  | ----------------Optional[com.example.demo.model.User@18ec157f]
userweb-app  | -----------test_1790235543066_21------1234--------
userweb-app  | ### AUTH ### Thread=http-nio-8080-exec-22 | requestUsername=test_1790235543066_21
userweb-app  | ===========getbyname===================
userweb-app  | ----------------Optional[com.example.demo.model.User@73c9eb1]
userweb-app  | ----------finish-------------
userweb-app  | ### AUTH USER ### requestUsername=test_1790235543066_21 | dbUsername=test_1790235543066_21 | userId=150
userweb-app  | -----------test_1790235542861_13------1234--------
userweb-app  | ### AUTH ### Thread=http-nio-8080-exec-28 | requestUsername=test_1790235542861_13
userweb-app  | ===========getbyname===================
userweb-app  | ----------------Optional[com.example.demo.model.User@332a7e94]
userweb-app  | ----------finish-------------
userweb-app  | ### AUTH USER ### requestUsername=test_1790235542861_13 | dbUsername=test_1790235542861_13 | userId=146
userweb-app  | ----------finish-------------
userweb-app  | ### AUTH USER ### requestUsername=test_1790235543094_37 | dbUsername=test_1790235543094_37 | userId=149
userweb-app  | ===========getbyname===================
userweb-app  | ----------------Optional[com.example.demo.model.User@76d6368b]
userweb-app  | ---------me 200---------
userweb-app  | ===========getbyname===================
userweb-app  | ----------------Optional[com.example.demo.model.User@69ddce04]
userweb-app  | -----------test_1790235542969_58------1234--------
userweb-app  | ### AUTH ### Thread=http-nio-8080-exec-5 | requestUsername=test_1790235542969_58
userweb-app  | ===========getbyname===================
userweb-app  | ===========getbyname===================
userweb-app  | ----------------Optional[com.example.demo.model.User@60545ad2]
userweb-app  | ===========getbyname===================
userweb-app  | ----------------Optional[com.example.demo.model.User@77a25b8e]
userweb-app  | ------------------------------
userweb-app  | ----------------Optional[com.example.demo.model.User@176dfb29]
userweb-app  | ===========getbyname===================
userweb-app  | ---------me 200---------
userweb-app  | ===========getbyname===================
userweb-app  | ===========getbyname===================
userweb-app  | ----------------Optional[com.example.demo.model.User@68184231]
userweb-app  | ----------------Optional[com.example.demo.model.User@44b31af4]
userweb-app  | -----------test_1790235543203_56------1234--------
userweb-app  | ### AUTH ### Thread=http-nio-8080-exec-49 | requestUsername=test_1790235543203_56
userweb-app  | ===========getbyname===================
userweb-app  | ---------me 200---------
userweb-app  | ----------finish-------------
userweb-app  | ### AUTH USER ### requestUsername=test_1790235542969_58 | dbUsername=test_1790235542969_58 | userId=142
userweb-app  | ------------------------------
userweb-app  | ----------------Optional[com.example.demo.model.User@216e1411]
userweb-app  | ------------------------------
userweb-app  | ----------------Optional[com.example.demo.model.User@63ef0c50]
userweb-app  | ----------finish-------------
userweb-app  | ### AUTH USER ### requestUsername=test_1790235543203_56 | dbUsername=test_1790235543203_56 | userId=151
userweb-app  | -----------test_1790235542955_35------1234--------
userweb-app  | ### AUTH ### Thread=http-nio-8080-exec-60 | requestUsername=test_1790235542955_35
userweb-app  | ===========getbyname===================
userweb-app  | ===========getbyname===================
userweb-app  | ----------------Optional[com.example.demo.model.User@16955847]
userweb-app  | ===========getbyname===================
userweb-app  | ----------------Optional[com.example.demo.model.User@1836eac9]
userweb-app  | ------------------------------
userweb-app  | ===========getbyname===================
userweb-app  | -----------test_1790235542988_5------1234--------
userweb-app  | ### AUTH ### Thread=http-nio-8080-exec-33 | requestUsername=test_1790235542988_5
userweb-app  | ===========getbyname===================
userweb-app  | ----------------Optional[com.example.demo.model.User@4da6765b]
userweb-app  | ===========getbyname===================
userweb-app  | ----------------Optional[com.example.demo.model.User@234ea856]
userweb-app  | ------------------------------
userweb-app  | ===========getbyname===================
userweb-app  | ===========getbyname===================
userweb-app  | ----------------Optional[com.example.demo.model.User@15a22e80]
userweb-app  | ===========getbyname===================
userweb-app  | ----------------Optional[com.example.demo.model.User@5d4d25cd]
userweb-app  | ----------------Optional[com.example.demo.model.User@3a8a765e]
userweb-app  | ===========getbyname===================
userweb-app  | ----------finish-------------
userweb-app  | ### AUTH USER ### requestUsername=test_1790235542988_5 | dbUsername=test_1790235542988_5 | userId=152
userweb-app  | ---------me 200---------
userweb-app  | ----------------Optional[com.example.demo.model.User@38bd7797]
userweb-app  | ===========getbyname===================
userweb-app  | ----------------Optional[com.example.demo.model.User@69b79ec1]
userweb-app  | ------------------------------
userweb-app  | ----------finish-------------
userweb-app  | ### AUTH USER ### requestUsername=test_1790235542955_35 | dbUsername=test_1790235542955_35 | userId=153
userweb-app  | ===========getbyname===================
userweb-app  | ----------------Optional[com.example.demo.model.User@41f4b100]
userweb-app  | ===========getbyname===================
userweb-app  | ===========getbyname===================
userweb-app  | -----------test_1790235543264_6------1234--------
userweb-app  | ### AUTH ### Thread=http-nio-8080-exec-43 | requestUsername=test_1790235543264_6
userweb-app  | ===========getbyname===================
userweb-app  | ----------------Optional[com.example.demo.model.User@fb734d4]
userweb-app  | ----------------Optional[com.example.demo.model.User@167263c7]
userweb-app  | ---------me 200---------
userweb-app  | ===========getbyname===================
userweb-app  | ===========getbyname===================
userweb-app  | ----------------Optional[com.example.demo.model.User@2fc1f2e4]
userweb-app  | ---------me 200---------
userweb-app  | ----------------Optional[com.example.demo.model.User@7a626546]
userweb-app  | ===========getbyname===================
userweb-app  | ----------------Optional[com.example.demo.model.User@21497099]
userweb-app  | ----------------Optional[com.example.demo.model.User@45de53cc]
userweb-app  | ---------me 200---------
userweb-app  | ---------me 200---------
userweb-app  | ===========getbyname===================
userweb-app  | ===========getbyname===================
userweb-app  | ----------------Optional[com.example.demo.model.User@4a007537]
userweb-app  | ----------------Optional[com.example.demo.model.User@2660e046]
userweb-app  | ------------------------------
userweb-app  | ===========getbyname===================
userweb-app  | ----------------Optional[com.example.demo.model.User@42f360dc]
userweb-app  | ----------------Optional[com.example.demo.model.User@6ba8acf2]
userweb-app  | ------------------------------
userweb-app  | ===========getbyname===================
userweb-app  | ----------finish-------------
userweb-app  | ----------------Optional[com.example.demo.model.User@5ea3d994]
userweb-app  | ### AUTH USER ### requestUsername=test_1790235543264_6 | dbUsername=test_1790235543264_6 | userId=155
userweb-app  | ----------------Optional[com.example.demo.model.User@46569d74]
userweb-app  | -----------test_1790235542987_54------1234--------
userweb-app  | ### AUTH ### Thread=http-nio-8080-exec-23 | requestUsername=test_1790235542987_54
userweb-app  | ===========getbyname===================
userweb-app  | ------------------------------
userweb-app  | ----------------Optional[com.example.demo.model.User@66aba158]
userweb-app  | ----------finish-------------
userweb-app  | ### AUTH USER ### requestUsername=test_1790235542987_54 | dbUsername=test_1790235542987_54 | userId=154
userweb-app  | ---------me 200---------
userweb-app  | ------------------------------
userweb-app  | ===========getbyname===================
userweb-app  | ----------------Optional[com.example.demo.model.User@3d2c985b]
userweb-app  | -----------test_1790235543135_16------1234--------
userweb-app  | ### AUTH ### Thread=http-nio-8080-exec-6 | requestUsername=test_1790235543135_16
userweb-app  | ===========getbyname===================
userweb-app  | ------------------------------
userweb-app  | -----------test_1790235543035_52------1234--------
userweb-app  | ### AUTH ### Thread=http-nio-8080-exec-42 | requestUsername=test_1790235543035_52
userweb-app  | ===========getbyname===================
userweb-app  | ----------------Optional[com.example.demo.model.User@63fb53a9]
userweb-app  | ----------finish-------------
userweb-app  | ### AUTH USER ### requestUsername=test_1790235543035_52 | dbUsername=test_1790235543035_52 | userId=156
userweb-app  | -----------test_1790235543157_36------1234--------
userweb-app  | ===========getbyname===================
userweb-app  | ### AUTH ### Thread=http-nio-8080-exec-21 | requestUsername=test_1790235543157_36
userweb-app  | ===========getbyname===================
userweb-app  | ----------------Optional[com.example.demo.model.User@6ecb09f2]
userweb-app  | ----------------Optional[com.example.demo.model.User@6ab42af3]
userweb-app  | ===========getbyname===================
userweb-app  | ===========getbyname===================
userweb-app  | ----------finish-------------
userweb-app  | ### AUTH USER ### requestUsername=test_1790235543135_16 | dbUsername=test_1790235543135_16 | userId=159
userweb-app  | ===========getbyname===================
userweb-app  | ----------------Optional[com.example.demo.model.User@7c7236de]
userweb-app  | -----------test_1790235542838_44------1234--------
userweb-app  | ### AUTH ### Thread=http-nio-8080-exec-38 | requestUsername=test_1790235542838_44
userweb-app  | ===========getbyname===================
userweb-app  | ----------finish-------------
userweb-app  | ### AUTH USER ### requestUsername=test_1790235543157_36 | dbUsername=test_1790235543157_36 | userId=157
userweb-app  | ===========getbyname===================
userweb-app  | ----------------Optional[com.example.demo.model.User@2abfe8c4]
userweb-app  | ---------me 200---------
userweb-app  | ----------------Optional[com.example.demo.model.User@8c606ca]
userweb-app  | ----------------Optional[com.example.demo.model.User@6b412239]
userweb-app  | ----------------Optional[com.example.demo.model.User@1f3b4906]
userweb-app  | ----------------Optional[com.example.demo.model.User@2494a15]
userweb-app  | ===========getbyname===================
userweb-app  | ===========getbyname===================
userweb-app  | -----------test_1790235543223_53------1234--------
userweb-app  | ### AUTH ### Thread=http-nio-8080-exec-52 | requestUsername=test_1790235543223_53
userweb-app  | ===========getbyname===================
userweb-app  | ----------------Optional[com.example.demo.model.User@32e84e58]
userweb-app  | ----------------Optional[com.example.demo.model.User@564537e4]
userweb-app  | ===========getbyname===================
userweb-app  | ----------finish-------------
userweb-app  | ### AUTH USER ### requestUsername=test_1790235542838_44 | dbUsername=test_1790235542838_44 | userId=158
userweb-app  | ===========getbyname===================
userweb-app  | ------------------------------
userweb-app  | ----------------Optional[com.example.demo.model.User@37f8e5b8]
userweb-app  | ------------------------------
userweb-app  | ===========getbyname===================
userweb-app  | ----------------Optional[com.example.demo.model.User@6fdf50c5]
userweb-app  | ----------------Optional[com.example.demo.model.User@53da7918]
userweb-app  | ------------------------------
userweb-app  | ===========getbyname===================
userweb-app  | ------------------------------
userweb-app  | ----------------Optional[com.example.demo.model.User@4b9a6207]
userweb-app  | ------------------------------
userweb-app  | ----------------Optional[com.example.demo.model.User@52918e39]
userweb-app  | ----------finish-------------
userweb-app  | ### AUTH USER ### requestUsername=test_1790235543223_53 | dbUsername=test_1790235543223_53 | userId=160
userweb-app  | ===========getbyname===================
userweb-app  | ----------------Optional[com.example.demo.model.User@7d75696c]
userweb-app  | ===========getbyname===================
userweb-app  | ----------------Optional[com.example.demo.model.User@10887b13]
userweb-app  | ===========getbyname===================
userweb-app  | ----------------Optional[com.example.demo.model.User@7ce4fae9]
userweb-app  | ===========getbyname===================
userweb-app  | ===========getbyname===================
userweb-app  | ----------------Optional[com.example.demo.model.User@2619b507]
userweb-app  | ----------------Optional[com.example.demo.model.User@2e86a930]
userweb-app  | ===========getbyname===================
userweb-app  | ----------------Optional[com.example.demo.model.User@337bb165]
userweb-app  | ------------------------------
userweb-app  | ===========getbyname===================
userweb-app  | ----------------Optional[com.example.demo.model.User@a07b728]
userweb-app  | ------------------------------
userweb-app  | ===========getbyname===================
userweb-app  | ----------------Optional[com.example.demo.model.User@360e15d3]
userweb-app  | ===========getbyname===================
userweb-app  | ----------------Optional[com.example.demo.model.User@25c9bdfc]
userweb-app  | ------------------------------
userweb-app  | ===========getbyname===================
userweb-app  | ===========getbyname===================
userweb-app  | ----------------Optional[com.example.demo.model.User@31e2dd4a]
userweb-app  | ----------------Optional[com.example.demo.model.User@51d85fb1]
userweb-app  | ===========getbyname===================
userweb-app  | ===========getbyname===================
userweb-app  | ===========getbyname===================
userweb-app  | ----------------Optional[com.example.demo.model.User@ddd776c]
userweb-app  | ----------------Optional[com.example.demo.model.User@1732ce78]
userweb-app  | ----------------Optional[com.example.demo.model.User@169869a7]
userweb-app  | ------------------------------
userweb-app  | ------------------------------
userweb-app  | ------------------------------
userweb-app  | ===========getbyname===================
userweb-app  | ----------------Optional[com.example.demo.model.User@3358b1cc]
userweb-app  | ------------------------------
userweb-app  | ===========getbyname===================
userweb-app  | ===========getbyname===================
userweb-app  | ----------------Optional[com.example.demo.model.User@24a5d509]
userweb-app  | ----------------Optional[com.example.demo.model.User@11828330]
userweb-app  | ===========getbyname===================
userweb-app  | ------------------------------
userweb-app  | ----------------Optional[com.example.demo.model.User@48859f4c]
userweb-app  | ===========getbyname===================
userweb-app  | ----------------Optional[com.example.demo.model.User@76c74c17]
userweb-app  | ===========getbyname===================
userweb-app  | ----------------Optional[com.example.demo.model.User@257f558c]
userweb-app  | ===========getbyname===================
userweb-app  | ----------------Optional[com.example.demo.model.User@18502ef5]
userweb-app  | ===========getbyname===================
userweb-app  | ===========getbyname===================
userweb-app  | ----------------Optional[com.example.demo.model.User@60c27784]
userweb-app  | ----------------Optional[com.example.demo.model.User@5117c23d]
userweb-app  | ------------------------------
userweb-app  | ------------------------------
userweb-app  | ===========getbyname===================
userweb-app  | ----------------Optional[com.example.demo.model.User@2bf1d486]
userweb-app  | ===========getbyname===================
userweb-app  | ----------------Optional[com.example.demo.model.User@5953d95d]
userweb-app  | ===========getbyname===================
userweb-app  | ----------------Optional[com.example.demo.model.User@1c421c40]
userweb-app  | ------------------------------
userweb-app  | ===========getbyname===================
userweb-app  | ----------------Optional[com.example.demo.model.User@15dfe85b]
userweb-app  | ===========getbyname===================
userweb-app  | ----------------Optional[com.example.demo.model.User@7f84934e]
userweb-app  | ------------------------------
userweb-app  | ------------------------------
userweb-app  | ===========getbyname===================
userweb-app  | ----------------Optional[com.example.demo.model.User@32dce9d4]
userweb-app  | ------------------------------
userweb-app  | ===========getbyname===================
userweb-app  | ===========getbyname===================
userweb-app  | ----------------Optional[com.example.demo.model.User@2c327679]
userweb-app  | ----------------Optional[com.example.demo.model.User@56b6ebb6]
userweb-app  | ------------------------------
userweb-app  | ===========getbyname===================
userweb-app  | ----------------Optional[com.example.demo.model.User@8f50ab6]
userweb-app  | ===========getbyname===================
userweb-app  | ===========getbyname===================
userweb-app  | ----------------Optional[com.example.demo.model.User@263065de]
userweb-app  | ----------------Optional[com.example.demo.model.User@75ebac09]
userweb-app  | ===========getbyname===================
userweb-app  | ----------------Optional[com.example.demo.model.User@1efbfd5d]
userweb-app  | ===========getbyname===================
userweb-app  | ------------------------------
userweb-app  | ----------------Optional[com.example.demo.model.User@78a1af48]
userweb-app  | ------------------------------
userweb-app  | ===========getbyname===================
userweb-app  | ----------------Optional[com.example.demo.model.User@3b831ff4]
userweb-app  | ===========getbyname===================
userweb-app  | ----------------Optional[com.example.demo.model.User@27497e18]
userweb-app  | ===========getbyname===================
userweb-app  | ===========getbyname===================
userweb-app  | ------------------------------
userweb-app  | ----------------Optional[com.example.demo.model.User@7eb86b44]
userweb-app  | ----------------Optional[com.example.demo.model.User@22961a76]
userweb-app  | ===========getbyname===================
userweb-app  | ----------------Optional[com.example.demo.model.User@51489d3f]
