userweb-app  | 
userweb-app  |   .   ____          _            __ _ _
userweb-app  |  /\\ / ___'_ __ _ _(_)_ __  __ _ \ \ \ \
userweb-app  | ( ( )\___ | '_ | '_| | '_ \/ _` | \ \ \ \
userweb-app  |  \\/  ___)| |_)| | | | | || (_| |  ) ) ) )
userweb-app  |   '  |____| .__|_| |_|_| |_\__, | / / / /
userweb-app  |  =========|_|==============|___/=/_/_/_/
userweb-app  | 
userweb-app  |  :: Spring Boot ::                (v4.1.1)
userweb-app  | 
userweb-app  | 2026-09-24T07:42:22.979Z  INFO 1 --- [UserWeb20260907] [           main] c.e.demo.UserWeb20260907Application      : Starting UserWeb20260907Application v0.0.1-SNAPSHOT using Java 21.0.12 with PID 1 (/app/app.jar started by root in /app)
userweb-app  | 2026-09-24T07:42:22.983Z  INFO 1 --- [UserWeb20260907] [           main] c.e.demo.UserWeb20260907Application      : No active profile set, falling back to 1 default profile: "default"
userweb-app  | 2026-09-24T07:42:23.704Z  INFO 1 --- [UserWeb20260907] [           main] .s.d.r.c.RepositoryConfigurationDelegate : Bootstrapping Spring Data JPA repositories in DEFAULT mode.
userweb-app  | 2026-09-24T07:42:23.758Z  INFO 1 --- [UserWeb20260907] [           main] .s.d.r.c.RepositoryConfigurationDelegate : Finished Spring Data repository scanning in 42 ms. Found 2 JPA repository interfaces.
userweb-app  | 2026-09-24T07:42:24.309Z  INFO 1 --- [UserWeb20260907] [           main] o.s.boot.tomcat.TomcatWebServer          : Tomcat initialized with port 8080 (http)
userweb-app  | 2026-09-24T07:42:24.322Z  INFO 1 --- [UserWeb20260907] [           main] o.apache.catalina.core.StandardService   : Starting service [Tomcat]
userweb-app  | 2026-09-24T07:42:24.322Z  INFO 1 --- [UserWeb20260907] [           main] o.apache.catalina.core.StandardEngine    : Starting Servlet engine: [Apache Tomcat/11.0.24]
userweb-app  | 2026-09-24T07:42:24.345Z  INFO 1 --- [UserWeb20260907] [           main] b.w.c.s.WebApplicationContextInitializer : Root WebApplicationContext: initialization completed in 1301 ms
userweb-app  | 2026-09-24T07:42:24.657Z  INFO 1 --- [UserWeb20260907] [           main] org.hibernate.orm.jpa                    : HHH008540: Processing PersistenceUnitInfo [name: default]
userweb-app  | 2026-09-24T07:42:24.707Z  INFO 1 --- [UserWeb20260907] [           main] org.hibernate.orm.core                   : HHH000001: Hibernate ORM core version 7.4.5.Final
userweb-app  | 2026-09-24T07:42:25.215Z  INFO 1 --- [UserWeb20260907] [           main] o.s.o.j.p.SpringPersistenceUnitInfo      : No LoadTimeWeaver setup: ignoring JPA class transformer
userweb-app  | 2026-09-24T07:42:25.241Z  INFO 1 --- [UserWeb20260907] [           main] com.zaxxer.hikari.HikariDataSource       : HikariPool-1 - Starting...
userweb-app  | 2026-09-24T07:42:25.530Z  INFO 1 --- [UserWeb20260907] [           main] com.zaxxer.hikari.pool.HikariPool        : HikariPool-1 - Added connection com.mysql.cj.jdbc.ConnectionImpl@67396475
userweb-app  | 2026-09-24T07:42:25.532Z  INFO 1 --- [UserWeb20260907] [           main] com.zaxxer.hikari.HikariDataSource       : HikariPool-1 - Start completed.
userweb-app  | 2026-09-24T07:42:25.582Z  WARN 1 --- [UserWeb20260907] [           main] org.hibernate.orm.deprecation            : HHH90000025: MySQLDialect does not need to be specified explicitly using 'hibernate.dialect' (remove the property setting and it will be selected by default)
userweb-app  | 2026-09-24T07:42:25.597Z  INFO 1 --- [UserWeb20260907] [           main] org.hibernate.orm.connections.pooling    : HHH10001005: Database info:
userweb-app  | 	Database JDBC URL [jdbc:mysql://mysql-db:3306/company]
userweb-app  | 	Database driver: MySQL Connector/J
userweb-app  | 	Database dialect: MySQLDialect
userweb-app  | 	Database version: 9.7.2
userweb-app  | 	Default catalog/schema: company/undefined
userweb-app  | 	Autocommit mode: undefined/unknown
userweb-app  | 	Isolation level: REPEATABLE_READ [default REPEATABLE_READ]
userweb-app  | 	JDBC fetch size: none
userweb-app  | 	Pool: DataSourceConnectionProvider
userweb-app  | 	Minimum pool size: undefined/unknown
userweb-app  | 	Maximum pool size: undefined/unknown
userweb-app  | 2026-09-24T07:42:26.274Z  INFO 1 --- [UserWeb20260907] [           main] org.hibernate.orm.core                   : HHH000489: No JTA platform available (set 'hibernate.transaction.jta.platform' to enable JTA platform integration)
userweb-app  | 2026-09-24T07:42:26.361Z  WARN 1 --- [UserWeb20260907] [           main] o.h.t.s.i.ExceptionHandlerLoggedImpl     : GenerationTarget encountered exception accepting command : Error executing DDL "alter table usercontent drop foreign key FKctv61sdaeqrkd5nuloye8xmjm" via JDBC [Table 'company.usercontent' doesn't exist]
userweb-app  | 
userweb-app  | org.hibernate.tool.schema.spi.CommandAcceptanceException: Error executing DDL "alter table usercontent drop foreign key FKctv61sdaeqrkd5nuloye8xmjm" via JDBC [Table 'company.usercontent' doesn't exist]
userweb-app  | 	at org.hibernate.tool.schema.internal.exec.GenerationTargetToDatabase.accept(GenerationTargetToDatabase.java:91) ~[hibernate-core-7.4.5.Final.jar!/:7.4.5.Final]
userweb-app  | 	at org.hibernate.tool.schema.internal.Helper.applySqlString(Helper.java:218) ~[hibernate-core-7.4.5.Final.jar!/:7.4.5.Final]
userweb-app  | 	at org.hibernate.tool.schema.internal.Helper.applySqlStrings(Helper.java:204) ~[hibernate-core-7.4.5.Final.jar!/:7.4.5.Final]
userweb-app  | 	at org.hibernate.tool.schema.internal.SchemaDropperImpl.applyConstraintDropping(SchemaDropperImpl.java:473) ~[hibernate-core-7.4.5.Final.jar!/:7.4.5.Final]
userweb-app  | 	at org.hibernate.tool.schema.internal.SchemaDropperImpl.dropConstraintsTablesSequences(SchemaDropperImpl.java:237) ~[hibernate-core-7.4.5.Final.jar!/:7.4.5.Final]
userweb-app  | 	at org.hibernate.tool.schema.internal.SchemaDropperImpl.dropFromMetadata(SchemaDropperImpl.java:210) ~[hibernate-core-7.4.5.Final.jar!/:7.4.5.Final]
userweb-app  | 	at org.hibernate.tool.schema.internal.SchemaDropperImpl.performDrop(SchemaDropperImpl.java:182) ~[hibernate-core-7.4.5.Final.jar!/:7.4.5.Final]
userweb-app  | 	at org.hibernate.tool.schema.internal.SchemaDropperImpl.doDrop(SchemaDropperImpl.java:152) ~[hibernate-core-7.4.5.Final.jar!/:7.4.5.Final]
userweb-app  | 	at org.hibernate.tool.schema.internal.SchemaDropperImpl.doDrop(SchemaDropperImpl.java:112) ~[hibernate-core-7.4.5.Final.jar!/:7.4.5.Final]
userweb-app  | 	at org.hibernate.tool.schema.spi.SchemaManagementToolCoordinator.performDatabaseAction(SchemaManagementToolCoordinator.java:227) ~[hibernate-core-7.4.5.Final.jar!/:7.4.5.Final]
userweb-app  | 	at org.hibernate.tool.schema.spi.SchemaManagementToolCoordinator.lambda$process$1(SchemaManagementToolCoordinator.java:101) ~[hibernate-core-7.4.5.Final.jar!/:7.4.5.Final]
userweb-app  | 	at java.base/java.util.HashMap.forEach(Unknown Source) ~[na:na]
userweb-app  | 	at org.hibernate.tool.schema.spi.SchemaManagementToolCoordinator.process(SchemaManagementToolCoordinator.java:100) ~[hibernate-core-7.4.5.Final.jar!/:7.4.5.Final]
userweb-app  | 	at org.hibernate.boot.internal.SessionFactoryObserverForSchemaExport.sessionFactoryCreated(SessionFactoryObserverForSchemaExport.java:35) ~[hibernate-core-7.4.5.Final.jar!/:7.4.5.Final]
userweb-app  | 	at org.hibernate.internal.SessionFactoryObserverChain.sessionFactoryCreated(SessionFactoryObserverChain.java:33) ~[hibernate-core-7.4.5.Final.jar!/:7.4.5.Final]
userweb-app  | 	at org.hibernate.internal.SessionFactoryImpl.<init>(SessionFactoryImpl.java:327) ~[hibernate-core-7.4.5.Final.jar!/:7.4.5.Final]
userweb-app  | 	at org.hibernate.internal.SessionFactoryRegistry.instantiateSessionFactory(SessionFactoryRegistry.java:64) ~[hibernate-core-7.4.5.Final.jar!/:7.4.5.Final]
userweb-app  | 	at org.hibernate.boot.internal.SessionFactoryBuilderImpl.build(SessionFactoryBuilderImpl.java:458) ~[hibernate-core-7.4.5.Final.jar!/:7.4.5.Final]
userweb-app  | 	at org.hibernate.jpa.boot.internal.EntityManagerFactoryBuilderImpl.build(EntityManagerFactoryBuilderImpl.java:1452) ~[hibernate-core-7.4.5.Final.jar!/:7.4.5.Final]
userweb-app  | 	at org.springframework.orm.jpa.vendor.SpringHibernateJpaPersistenceProvider.createContainerEntityManagerFactory(SpringHibernateJpaPersistenceProvider.java:93) ~[spring-orm-7.0.9.jar!/:7.0.9]
userweb-app  | 	at org.springframework.orm.jpa.LocalContainerEntityManagerFactoryBean.createNativeEntityManagerFactory(LocalContainerEntityManagerFactoryBean.java:443) ~[spring-orm-7.0.9.jar!/:7.0.9]
userweb-app  | 	at org.springframework.orm.jpa.AbstractEntityManagerFactoryBean.buildNativeEntityManagerFactory(AbstractEntityManagerFactoryBean.java:436) ~[spring-orm-7.0.9.jar!/:7.0.9]
userweb-app  | 	at org.springframework.orm.jpa.AbstractEntityManagerFactoryBean.afterPropertiesSet(AbstractEntityManagerFactoryBean.java:411) ~[spring-orm-7.0.9.jar!/:7.0.9]
userweb-app  | 	at org.springframework.orm.jpa.LocalContainerEntityManagerFactoryBean.afterPropertiesSet(LocalContainerEntityManagerFactoryBean.java:419) ~[spring-orm-7.0.9.jar!/:7.0.9]
userweb-app  | 	at org.springframework.beans.factory.support.AbstractAutowireCapableBeanFactory.invokeInitMethods(AbstractAutowireCapableBeanFactory.java:1862) ~[spring-beans-7.0.9.jar!/:7.0.9]
userweb-app  | 	at org.springframework.beans.factory.support.AbstractAutowireCapableBeanFactory.initializeBean(AbstractAutowireCapableBeanFactory.java:1811) ~[spring-beans-7.0.9.jar!/:7.0.9]
userweb-app  | 	at org.springframework.beans.factory.support.AbstractAutowireCapableBeanFactory.doCreateBean(AbstractAutowireCapableBeanFactory.java:603) ~[spring-beans-7.0.9.jar!/:7.0.9]
userweb-app  | 	at org.springframework.beans.factory.support.AbstractAutowireCapableBeanFactory.createBean(AbstractAutowireCapableBeanFactory.java:525) ~[spring-beans-7.0.9.jar!/:7.0.9]
userweb-app  | 	at org.springframework.beans.factory.support.AbstractBeanFactory.lambda$doGetBean$0(AbstractBeanFactory.java:333) ~[spring-beans-7.0.9.jar!/:7.0.9]
userweb-app  | 	at org.springframework.beans.factory.support.DefaultSingletonBeanRegistry.getSingleton(DefaultSingletonBeanRegistry.java:371) ~[spring-beans-7.0.9.jar!/:7.0.9]
userweb-app  | 	at org.springframework.beans.factory.support.AbstractBeanFactory.doGetBean(AbstractBeanFactory.java:331) ~[spring-beans-7.0.9.jar!/:7.0.9]
userweb-app  | 	at org.springframework.beans.factory.support.AbstractBeanFactory.getBean(AbstractBeanFactory.java:201) ~[spring-beans-7.0.9.jar!/:7.0.9]
userweb-app  | 	at org.springframework.context.support.AbstractApplicationContext.finishBeanFactoryInitialization(AbstractApplicationContext.java:977) ~[spring-context-7.0.9.jar!/:7.0.9]
userweb-app  | 	at org.springframework.context.support.AbstractApplicationContext.refresh(AbstractApplicationContext.java:621) ~[spring-context-7.0.9.jar!/:7.0.9]
userweb-app  | 	at org.springframework.boot.web.server.servlet.context.ServletWebServerApplicationContext.refresh(ServletWebServerApplicationContext.java:143) ~[spring-boot-web-server-4.1.1.jar!/:4.1.1]
userweb-app  | 	at org.springframework.boot.SpringApplication.refresh(SpringApplication.java:756) ~[spring-boot-4.1.1.jar!/:4.1.1]
userweb-app  | 	at org.springframework.boot.SpringApplication.refreshContext(SpringApplication.java:445) ~[spring-boot-4.1.1.jar!/:4.1.1]
userweb-app  | 	at org.springframework.boot.SpringApplication.run(SpringApplication.java:321) ~[spring-boot-4.1.1.jar!/:4.1.1]
userweb-app  | 	at org.springframework.boot.SpringApplication.run(SpringApplication.java:1365) ~[spring-boot-4.1.1.jar!/:4.1.1]
userweb-app  | 	at org.springframework.boot.SpringApplication.run(SpringApplication.java:1354) ~[spring-boot-4.1.1.jar!/:4.1.1]
userweb-app  | 	at com.example.demo.UserWeb20260907Application.main(UserWeb20260907Application.java:11) ~[!/:0.0.1-SNAPSHOT]
userweb-app  | 	at java.base/jdk.internal.reflect.DirectMethodHandleAccessor.invoke(Unknown Source) ~[na:na]
userweb-app  | 	at java.base/java.lang.reflect.Method.invoke(Unknown Source) ~[na:na]
userweb-app  | 	at org.springframework.boot.loader.launch.Launcher.launch(Launcher.java:106) ~[app.jar:0.0.1-SNAPSHOT]
userweb-app  | 	at org.springframework.boot.loader.launch.Launcher.launch(Launcher.java:64) ~[app.jar:0.0.1-SNAPSHOT]
userweb-app  | 	at org.springframework.boot.loader.launch.JarLauncher.main(JarLauncher.java:40) ~[app.jar:0.0.1-SNAPSHOT]
userweb-app  | Caused by: java.sql.SQLSyntaxErrorException: Table 'company.usercontent' doesn't exist
userweb-app  | 	at com.mysql.cj.jdbc.exceptions.SQLError.createSQLException(SQLError.java:112) ~[mysql-connector-j-9.7.0.jar!/:9.7.0]
userweb-app  | 	at com.mysql.cj.jdbc.exceptions.SQLExceptionsMapping.translateException(SQLExceptionsMapping.java:114) ~[mysql-connector-j-9.7.0.jar!/:9.7.0]
userweb-app  | 	at com.mysql.cj.jdbc.StatementImpl.executeInternal(StatementImpl.java:839) ~[mysql-connector-j-9.7.0.jar!/:9.7.0]
userweb-app  | 	at com.mysql.cj.jdbc.StatementImpl.execute(StatementImpl.java:687) ~[mysql-connector-j-9.7.0.jar!/:9.7.0]
userweb-app  | 	at com.zaxxer.hikari.pool.ProxyStatement.execute(ProxyStatement.java:95) ~[HikariCP-7.0.2.jar!/:na]
userweb-app  | 	at com.zaxxer.hikari.pool.HikariProxyStatement.execute(HikariProxyStatement.java) ~[HikariCP-7.0.2.jar!/:na]
userweb-app  | 	at org.hibernate.tool.schema.internal.exec.GenerationTargetToDatabase.accept(GenerationTargetToDatabase.java:86) ~[hibernate-core-7.4.5.Final.jar!/:7.4.5.Final]
userweb-app  | 	... 45 common frames omitted
userweb-app  | 
userweb-app  | 2026-09-24T07:42:26.517Z  INFO 1 --- [UserWeb20260907] [           main] j.LocalContainerEntityManagerFactoryBean : Initialized JPA EntityManagerFactory for persistence unit 'default'
userweb-app  | 2026-09-24T07:42:26.618Z  INFO 1 --- [UserWeb20260907] [           main] o.s.d.j.r.query.QueryEnhancerFactories   : Hibernate is in classpath; If applicable, HQL parser will be used.
userweb-app  | 2026-09-24T07:42:27.219Z  INFO 1 --- [UserWeb20260907] [           main] r$InitializeUserDetailsManagerConfigurer : Global AuthenticationManager configured with UserDetailsService bean with name customUserDetailsService
userweb-app  | 2026-09-24T07:42:27.286Z  WARN 1 --- [UserWeb20260907] [           main] JpaBaseConfiguration$JpaWebConfiguration : spring.jpa.open-in-view is enabled by default. Therefore, database queries may be performed during view rendering. Explicitly configure spring.jpa.open-in-view to disable this warning
userweb-app  | 2026-09-24T07:42:27.845Z  INFO 1 --- [UserWeb20260907] [           main] o.s.boot.tomcat.TomcatWebServer          : Tomcat started on port 8080 (http) with context path '/'
userweb-app  | 2026-09-24T07:42:27.857Z  INFO 1 --- [UserWeb20260907] [           main] c.e.demo.UserWeb20260907Application      : Started UserWeb20260907Application in 5.362 seconds (process running for 6.007)
userweb-app  | 2026-09-24T07:42:28.251Z  INFO 1 --- [UserWeb20260907] [nio-8080-exec-1] o.a.c.c.C.[Tomcat].[localhost].[/]       : Initializing Spring DispatcherServlet 'dispatcherServlet'
userweb-app  | 2026-09-24T07:42:28.251Z  INFO 1 --- [UserWeb20260907] [nio-8080-exec-1] o.s.web.servlet.DispatcherServlet        : Initializing Servlet 'dispatcherServlet'
userweb-app  | 2026-09-24T07:42:28.252Z  INFO 1 --- [UserWeb20260907] [nio-8080-exec-1] o.s.web.servlet.DispatcherServlet        : Completed initialization in 1 ms
userweb-app  | -----------test6------1234--------
userweb-app  | -----------test4------1234--------
userweb-app  | -----------test5------1234--------
userweb-app  | -----------test12------1234--------
userweb-app  | -----------test1------1234--------
userweb-app  | -----------test8------1234--------
userweb-app  | -----------test11------1234--------
userweb-app  | -----------test10------1234--------
userweb-app  | -----------test7------1234--------
userweb-app  | -----------test3------1234--------
userweb-app  | -----------test2------1234--------
userweb-app  | -----------test9------1234--------
userweb-app  | -----------test13------1234--------
userweb-app  | -----------test14------1234--------
userweb-app  | -----------test15------1234--------
userweb-app  | ### AUTH ### Thread=http-nio-8080-exec-8 | requestUsername=test4
userweb-app  | ===========getbyname===================
userweb-app  | -----------test16------1234--------
userweb-app  | ### AUTH ### Thread=http-nio-8080-exec-16 | requestUsername=test16
userweb-app  | ===========getbyname===================
userweb-app  | -----------test17------1234--------
userweb-app  | ### AUTH ### Thread=http-nio-8080-exec-17 | requestUsername=test17
userweb-app  | ===========getbyname===================
userweb-app  | -----------test18------1234--------
userweb-app  | ### AUTH ### Thread=http-nio-8080-exec-18 | requestUsername=test18
userweb-app  | ===========getbyname===================
userweb-app  | ----------------Optional[com.example.demo.model.User@223409e9]
userweb-app  | ----------------Optional[com.example.demo.model.User@46314642]
userweb-app  | ----------finish-------------
userweb-app  | ### AUTH USER ### requestUsername=test18 | dbUsername=test18 | userId=18
userweb-app  | ### AUTH ### Thread=http-nio-8080-exec-15 | requestUsername=test15
userweb-app  | ===========getbyname===================
userweb-app  | ----------------Optional[com.example.demo.model.User@5d991d82]
userweb-app  | ----------------Optional[com.example.demo.model.User@58b1ba3c]
userweb-app  | ----------finish-------------
userweb-app  | ### AUTH USER ### requestUsername=test17 | dbUsername=test17 | userId=17
userweb-app  | ----------finish-------------
userweb-app  | ### AUTH USER ### requestUsername=test15 | dbUsername=test15 | userId=15
userweb-app  | -----------test19------1234--------
userweb-app  | ### AUTH ### Thread=http-nio-8080-exec-19 | requestUsername=test19
userweb-app  | ===========getbyname===================
userweb-app  | ----------------Optional[com.example.demo.model.User@6c3c1218]
userweb-app  | ----------finish-------------
userweb-app  | ### AUTH USER ### requestUsername=test4 | dbUsername=test4 | userId=4
userweb-app  | ----------------Optional[com.example.demo.model.User@5a027220]
userweb-app  | ----------finish-------------
userweb-app  | ----------finish-------------
userweb-app  | ### AUTH USER ### requestUsername=test19 | dbUsername=test19 | userId=19
userweb-app  | ### AUTH USER ### requestUsername=test16 | dbUsername=test16 | userId=16
userweb-app  | -----------test20------1234--------
userweb-app  | ### AUTH ### Thread=http-nio-8080-exec-20 | requestUsername=test20
userweb-app  | ===========getbyname===================
userweb-app  | ### AUTH ### Thread=http-nio-8080-exec-7 | requestUsername=test2
userweb-app  | ----------------Optional[com.example.demo.model.User@64efff70]
userweb-app  | ===========getbyname===================
userweb-app  | ----------------Optional[com.example.demo.model.User@483b0a9f]
userweb-app  | ----------finish-------------
userweb-app  | ### AUTH USER ### requestUsername=test2 | dbUsername=test2 | userId=2
userweb-app  | ----------finish-------------
userweb-app  | ### AUTH USER ### requestUsername=test20 | dbUsername=test20 | userId=20
userweb-app  | -----------test21------1234--------
userweb-app  | ### AUTH ### Thread=http-nio-8080-exec-21 | requestUsername=test21
userweb-app  | ===========getbyname===================
userweb-app  | ----------------Optional[com.example.demo.model.User@30621e]
userweb-app  | ----------finish-------------
userweb-app  | ### AUTH USER ### requestUsername=test21 | dbUsername=test21 | userId=21
userweb-app  | ### AUTH ### Thread=http-nio-8080-exec-4 | requestUsername=test3
userweb-app  | ===========getbyname===================
userweb-app  | ----------------Optional[com.example.demo.model.User@48907699]
userweb-app  | ----------finish-------------
userweb-app  | ### AUTH USER ### requestUsername=test3 | dbUsername=test3 | userId=3
userweb-app  | ### AUTH ### Thread=http-nio-8080-exec-3 | requestUsername=test7
userweb-app  | ===========getbyname===================
userweb-app  | -----------test22------1234--------
userweb-app  | ### AUTH ### Thread=http-nio-8080-exec-22 | requestUsername=test22
userweb-app  | ===========getbyname===================
userweb-app  | ----------------Optional[com.example.demo.model.User@2be4162b]
userweb-app  | ### AUTH ### Thread=http-nio-8080-exec-6 | requestUsername=test6
userweb-app  | ===========getbyname===================
userweb-app  | ----------finish-------------
userweb-app  | ### AUTH USER ### requestUsername=test7 | dbUsername=test7 | userId=7
userweb-app  | ----------------Optional[com.example.demo.model.User@4b541619]
userweb-app  | ----------------Optional[com.example.demo.model.User@40ac40c5]
userweb-app  | ----------finish-------------
userweb-app  | ### AUTH USER ### requestUsername=test22 | dbUsername=test22 | userId=22
userweb-app  | ### AUTH ### Thread=http-nio-8080-exec-14 | requestUsername=test14
userweb-app  | ===========getbyname===================
userweb-app  | ### AUTH ### Thread=http-nio-8080-exec-9 | requestUsername=test1
userweb-app  | ===========getbyname===================
userweb-app  | ----------------Optional[com.example.demo.model.User@30596a7f]
userweb-app  | ----------finish-------------
userweb-app  | ### AUTH USER ### requestUsername=test1 | dbUsername=test1 | userId=1
userweb-app  | ### AUTH ### Thread=http-nio-8080-exec-1 | requestUsername=test9
userweb-app  | -----------test23------1234--------
userweb-app  | ===========getbyname===================
userweb-app  | ### AUTH ### Thread=http-nio-8080-exec-23 | requestUsername=test23
userweb-app  | ===========getbyname===================
userweb-app  | ----------------Optional[com.example.demo.model.User@3339eef1]
userweb-app  | ### AUTH ### Thread=http-nio-8080-exec-13 | requestUsername=test13
userweb-app  | ===========getbyname===================
userweb-app  | -----------test24------1234--------
userweb-app  | ### AUTH ### Thread=http-nio-8080-exec-24 | requestUsername=test24
userweb-app  | ===========getbyname===================
userweb-app  | ----------finish-------------
userweb-app  | ### AUTH USER ### requestUsername=test23 | dbUsername=test23 | userId=23
userweb-app  | ----------------Optional[com.example.demo.model.User@2768e7aa]
userweb-app  | ----------------Optional[com.example.demo.model.User@1ec13c61]
userweb-app  | ----------finish-------------
userweb-app  | ### AUTH USER ### requestUsername=test14 | dbUsername=test14 | userId=14
userweb-app  | ----------------Optional[com.example.demo.model.User@3f3d867e]
userweb-app  | ----------finish-------------
userweb-app  | ### AUTH USER ### requestUsername=test9 | dbUsername=test9 | userId=9
userweb-app  | ----------finish-------------
userweb-app  | ### AUTH USER ### requestUsername=test24 | dbUsername=test24 | userId=24
userweb-app  | ### AUTH ### Thread=http-nio-8080-exec-10 | requestUsername=test8
userweb-app  | ===========getbyname===================
userweb-app  | ----------------Optional[com.example.demo.model.User@3511f97b]
userweb-app  | ----------finish-------------
userweb-app  | ### AUTH USER ### requestUsername=test6 | dbUsername=test6 | userId=6
userweb-app  | ----------finish-------------
userweb-app  | ### AUTH USER ### requestUsername=test8 | dbUsername=test8 | userId=8
userweb-app  | ----------------Optional[com.example.demo.model.User@5908bb94]
userweb-app  | -----------test25------1234--------
userweb-app  | ### AUTH ### Thread=http-nio-8080-exec-25 | requestUsername=test25
userweb-app  | ===========getbyname===================
userweb-app  | ----------finish-------------
userweb-app  | ### AUTH USER ### requestUsername=test13 | dbUsername=test13 | userId=13
userweb-app  | -----------test26------1234--------
userweb-app  | ### AUTH ### Thread=http-nio-8080-exec-26 | requestUsername=test26
userweb-app  | ===========getbyname===================
userweb-app  | ----------------Optional[com.example.demo.model.User@64130d4]
userweb-app  | ----------finish-------------
userweb-app  | ### AUTH USER ### requestUsername=test26 | dbUsername=test26 | userId=26
userweb-app  | ----------------Optional[com.example.demo.model.User@52a9e608]
userweb-app  | ----------finish-------------
userweb-app  | ### AUTH USER ### requestUsername=test25 | dbUsername=test25 | userId=25
userweb-app  | -----------test27------1234--------
userweb-app  | ### AUTH ### Thread=http-nio-8080-exec-27 | requestUsername=test27
userweb-app  | ===========getbyname===================
userweb-app  | ----------------Optional[com.example.demo.model.User@63b73e8d]
userweb-app  | ----------finish-------------
userweb-app  | ### AUTH USER ### requestUsername=test27 | dbUsername=test27 | userId=27
userweb-app  | ### AUTH ### Thread=http-nio-8080-exec-12 | requestUsername=test12
userweb-app  | ===========getbyname===================
userweb-app  | ### AUTH ### Thread=http-nio-8080-exec-5 | requestUsername=test5
userweb-app  | ===========getbyname===================
userweb-app  | ----------------Optional[com.example.demo.model.User@551bd116]
userweb-app  | ----------------Optional[com.example.demo.model.User@f2b7014]
userweb-app  | ### AUTH ### Thread=http-nio-8080-exec-11 | requestUsername=test11
userweb-app  | ===========getbyname===================
userweb-app  | ----------------Optional[com.example.demo.model.User@49e0198]
userweb-app  | ----------finish-------------
userweb-app  | ### AUTH USER ### requestUsername=test12 | dbUsername=test12 | userId=12
userweb-app  | ### AUTH ### Thread=http-nio-8080-exec-2 | requestUsername=test10
userweb-app  | ===========getbyname===================
userweb-app  | ----------finish-------------
userweb-app  | ### AUTH USER ### requestUsername=test11 | dbUsername=test11 | userId=11
userweb-app  | -----------test28------1234--------
userweb-app  | ----------finish-------------
userweb-app  | ### AUTH USER ### requestUsername=test5 | dbUsername=test5 | userId=5
userweb-app  | ### AUTH ### Thread=http-nio-8080-exec-28 | requestUsername=test28
userweb-app  | ===========getbyname===================
userweb-app  | ----------------Optional[com.example.demo.model.User@343c8ba4]
userweb-app  | ----------finish-------------
userweb-app  | ### AUTH USER ### requestUsername=test28 | dbUsername=test28 | userId=28
userweb-app  | ----------------Optional[com.example.demo.model.User@1f33742b]
userweb-app  | ----------finish-------------
userweb-app  | ### AUTH USER ### requestUsername=test10 | dbUsername=test10 | userId=10
userweb-app  | -----------test29------1234--------
userweb-app  | ### AUTH ### Thread=http-nio-8080-exec-29 | requestUsername=test29
userweb-app  | ===========getbyname===================
userweb-app  | ----------------Optional[com.example.demo.model.User@1da39887]
userweb-app  | -----------test30------1234--------
userweb-app  | ### AUTH ### Thread=http-nio-8080-exec-30 | requestUsername=test30
userweb-app  | ===========getbyname===================
userweb-app  | ----------------Optional[com.example.demo.model.User@7db707a9]
userweb-app  | ----------finish-------------
userweb-app  | ### AUTH USER ### requestUsername=test30 | dbUsername=test30 | userId=30
userweb-app  | ----------finish-------------
userweb-app  | ### AUTH USER ### requestUsername=test29 | dbUsername=test29 | userId=29
userweb-app  | -----------test31------1234--------
userweb-app  | ### AUTH ### Thread=http-nio-8080-exec-31 | requestUsername=test31
userweb-app  | ===========getbyname===================
userweb-app  | -----------test32------1234--------
userweb-app  | ### AUTH ### Thread=http-nio-8080-exec-32 | requestUsername=test32
userweb-app  | ===========getbyname===================
userweb-app  | ----------------Optional[com.example.demo.model.User@2288182c]
userweb-app  | ----------finish-------------
userweb-app  | ### AUTH USER ### requestUsername=test31 | dbUsername=test31 | userId=31
userweb-app  | ----------------Optional[com.example.demo.model.User@3e6c2734]
userweb-app  | ===========getbyname===================
userweb-app  | ----------------Optional[com.example.demo.model.User@130c761c]
userweb-app  | -----------test33------1234--------
userweb-app  | ### AUTH ### Thread=http-nio-8080-exec-33 | requestUsername=test33
userweb-app  | ===========getbyname===================
userweb-app  | ----------------Optional[com.example.demo.model.User@9771700]
userweb-app  | ----------finish-------------
userweb-app  | ### AUTH USER ### requestUsername=test33 | dbUsername=test33 | userId=33
userweb-app  | ------------------------------
userweb-app  | -----------test36------1234--------
userweb-app  | ### AUTH ### Thread=http-nio-8080-exec-36 | requestUsername=test36
userweb-app  | ===========getbyname===================
userweb-app  | ----------------Optional[com.example.demo.model.User@26e8d9e1]
userweb-app  | -----------test34------1234--------
userweb-app  | ### AUTH ### Thread=http-nio-8080-exec-34 | requestUsername=test34
userweb-app  | ===========getbyname===================
userweb-app  | ----------finish-------------
userweb-app  | ### AUTH USER ### requestUsername=test36 | dbUsername=test36 | userId=36
userweb-app  | ----------------Optional[com.example.demo.model.User@3c024ce4]
userweb-app  | -----------test39------1234--------
userweb-app  | ### AUTH ### Thread=http-nio-8080-exec-39 | requestUsername=test39
userweb-app  | ===========getbyname===================
userweb-app  | -----------test35------1234--------
userweb-app  | ----------finish-------------
userweb-app  | ### AUTH USER ### requestUsername=test32 | dbUsername=test32 | userId=32
userweb-app  | ===========getbyname===================
userweb-app  | ----------------Optional[com.example.demo.model.User@3441e248]
userweb-app  | ----------finish-------------
userweb-app  | ### AUTH USER ### requestUsername=test39 | dbUsername=test39 | userId=39
userweb-app  | ----------------Optional[com.example.demo.model.User@4ee6273c]
userweb-app  | ------------------------------
userweb-app  | -----------test37------1234--------
userweb-app  | ### AUTH ### Thread=http-nio-8080-exec-37 | requestUsername=test37
userweb-app  | ===========getbyname===================
userweb-app  | -----------test38------1234--------
userweb-app  | ### AUTH ### Thread=http-nio-8080-exec-38 | requestUsername=test38
userweb-app  | ===========getbyname===================
userweb-app  | ===========getbyname===================
userweb-app  | ----------finish-------------
userweb-app  | ### AUTH USER ### requestUsername=test34 | dbUsername=test34 | userId=34
userweb-app  | ----------------Optional[com.example.demo.model.User@234ab017]
userweb-app  | ------------------------------
userweb-app  | ----------------Optional[com.example.demo.model.User@4eb53516]
userweb-app  | ----------finish-------------
userweb-app  | ### AUTH USER ### requestUsername=test37 | dbUsername=test37 | userId=37
userweb-app  | ----------------Optional[com.example.demo.model.User@6d7a1fa9]
userweb-app  | -----------test41------1234--------
userweb-app  | ### AUTH ### Thread=http-nio-8080-exec-41 | requestUsername=test41
userweb-app  | ===========getbyname===================
userweb-app  | ----------finish-------------
userweb-app  | ### AUTH USER ### requestUsername=test38 | dbUsername=test38 | userId=38
userweb-app  | ===========getbyname===================
userweb-app  | ===========getbyname===================
userweb-app  | ----------------Optional[com.example.demo.model.User@497b6fe1]
userweb-app  | -----------test40------1234--------
userweb-app  | ### AUTH ### Thread=http-nio-8080-exec-40 | requestUsername=test40
userweb-app  | ===========getbyname===================
userweb-app  | ----------------Optional[com.example.demo.model.User@2164550c]
userweb-app  | ----------------Optional[com.example.demo.model.User@21abcd2c]
userweb-app  | ----------finish-------------
userweb-app  | ### AUTH USER ### requestUsername=test41 | dbUsername=test41 | userId=41
userweb-app  | ----------finish-------------
userweb-app  | ### AUTH USER ### requestUsername=test40 | dbUsername=test40 | userId=40
userweb-app  | ----------------Optional[com.example.demo.model.User@144cb4a]
userweb-app  | ------------------------------
userweb-app  | ===========getbyname===================
userweb-app  | ===========getbyname===================
userweb-app  | ### AUTH ### Thread=http-nio-8080-exec-35 | requestUsername=test35
userweb-app  | ===========getbyname===================
userweb-app  | ----------------Optional[com.example.demo.model.User@374cddd0]
userweb-app  | ===========getbyname===================
userweb-app  | ===========getbyname===================
userweb-app  | ===========getbyname===================
userweb-app  | ----------------Optional[com.example.demo.model.User@1046afec]
userweb-app  | ----------------Optional[com.example.demo.model.User@17edc47a]
userweb-app  | ===========getbyname===================
userweb-app  | ------------------------------
userweb-app  | ----------------Optional[com.example.demo.model.User@73a577a9]
userweb-app  | ------------------------------
userweb-app  | ----------------Optional[com.example.demo.model.User@6d1a1441]
userweb-app  | ----------------Optional[com.example.demo.model.User@4b9e22]
userweb-app  | ------------------------------
userweb-app  | ----------finish-------------
userweb-app  | ### AUTH USER ### requestUsername=test35 | dbUsername=test35 | userId=35
userweb-app  | ------------------------------
userweb-app  | ------------------------------
userweb-app  | -----------test44------1234--------
userweb-app  | ### AUTH ### Thread=http-nio-8080-exec-44 | requestUsername=test44
userweb-app  | ------------------------------
userweb-app  | ===========getbyname===================
userweb-app  | ----------------Optional[com.example.demo.model.User@55c97409]
userweb-app  | ----------------Optional[com.example.demo.model.User@2a83802f]
userweb-app  | ------------------------------
userweb-app  | -----------test47------1234--------
userweb-app  | ### AUTH ### Thread=http-nio-8080-exec-47 | requestUsername=test47
userweb-app  | ===========getbyname===================
userweb-app  | ===========getbyname===================
userweb-app  | -----------test42------1234--------
userweb-app  | ### AUTH ### Thread=http-nio-8080-exec-42 | requestUsername=test42
userweb-app  | ===========getbyname===================
userweb-app  | ------------------------------
userweb-app  | ----------------Optional[com.example.demo.model.User@701d7013]
userweb-app  | ===========getbyname===================
userweb-app  | ----------finish-------------
userweb-app  | ### AUTH USER ### requestUsername=test42 | dbUsername=test42 | userId=42
userweb-app  | -----------test45------1234--------
userweb-app  | ### AUTH ### Thread=http-nio-8080-exec-45 | requestUsername=test45
userweb-app  | ===========getbyname===================
userweb-app  | ===========getbyname===================
userweb-app  | ===========getbyname===================
userweb-app  | ===========getbyname===================
userweb-app  | ----------------Optional[com.example.demo.model.User@33c0257]
userweb-app  | ----------------Optional[com.example.demo.model.User@4787c4b8]
userweb-app  | ----------------Optional[com.example.demo.model.User@ef95dd0]
userweb-app  | ===========getbyname===================
userweb-app  | -----------test48------1234--------
userweb-app  | ### AUTH ### Thread=http-nio-8080-exec-48 | requestUsername=test48
userweb-app  | ===========getbyname===================
userweb-app  | ----------finish-------------
userweb-app  | ### AUTH USER ### requestUsername=test45 | dbUsername=test45 | userId=45
userweb-app  | ----------------Optional[com.example.demo.model.User@254b55fc]
userweb-app  | ===========getbyname===================
userweb-app  | ===========getbyname===================
userweb-app  | ----------------Optional[com.example.demo.model.User@4b8fa5db]
userweb-app  | ------------------------------
userweb-app  | ----------------Optional[com.example.demo.model.User@2bedbbf2]
userweb-app  | ------------------------------
userweb-app  | ===========getbyname===================
userweb-app  | ===========getbyname===================
userweb-app  | ----------------Optional[com.example.demo.model.User@79b936cb]
userweb-app  | ===========getbyname===================
userweb-app  | ----------------Optional[com.example.demo.model.User@6d882fa2]
userweb-app  | ----------------Optional[com.example.demo.model.User@5d31d545]
userweb-app  | ------------------------------
userweb-app  | ===========getbyname===================
userweb-app  | ----------------Optional[com.example.demo.model.User@3f49b40f]
userweb-app  | ------------------------------
userweb-app  | ----------------Optional[com.example.demo.model.User@7da6b7ac]
userweb-app  | ----------finish-------------
userweb-app  | ### AUTH USER ### requestUsername=test44 | dbUsername=test44 | userId=44
userweb-app  | -----------test51------1234--------
userweb-app  | ### AUTH ### Thread=http-nio-8080-exec-24 | requestUsername=test51
userweb-app  | ===========getbyname===================
userweb-app  | ===========getbyname===================
userweb-app  | ----------finish-------------
userweb-app  | ### AUTH USER ### requestUsername=test47 | dbUsername=test47 | userId=47
userweb-app  | ----------------Optional[com.example.demo.model.User@62436e70]
userweb-app  | ------------------------------
userweb-app  | ------------------------------
userweb-app  | ===========getbyname===================
userweb-app  | ===========getbyname===================
userweb-app  | ----------------Optional[com.example.demo.model.User@524bb9e5]
userweb-app  | ===========getbyname===================
userweb-app  | -----------test46------1234--------
userweb-app  | ### AUTH ### Thread=http-nio-8080-exec-46 | requestUsername=test46
userweb-app  | ===========getbyname===================
userweb-app  | ------------------------------
userweb-app  | ----------------Optional[com.example.demo.model.User@7b0a3a02]
userweb-app  | ===========getbyname===================
userweb-app  | ===========getbyname===================
userweb-app  | ----------------Optional[com.example.demo.model.User@2949f44c]
userweb-app  | ===========getbyname===================
userweb-app  | ===========getbyname===================
userweb-app  | ------------------------------
userweb-app  | ----------------Optional[com.example.demo.model.User@148fda9e]
userweb-app  | ----------------Optional[com.example.demo.model.User@201bcd39]
userweb-app  | ----------------Optional[com.example.demo.model.User@fb28f90]
userweb-app  | ------------------------------
userweb-app  | -----------test52------1234--------
userweb-app  | ### AUTH ### Thread=http-nio-8080-exec-1 | requestUsername=test52
userweb-app  | ===========getbyname===================
userweb-app  | -----------test43------1234--------
userweb-app  | ### AUTH ### Thread=http-nio-8080-exec-43 | requestUsername=test43
userweb-app  | ===========getbyname===================
userweb-app  | ===========getbyname===================
userweb-app  | ------------------------------
userweb-app  | ===========getbyname===================
userweb-app  | ----------------Optional[com.example.demo.model.User@2ddcd7ef]
userweb-app  | ------------------------------
userweb-app  | -----------test53------1234--------
userweb-app  | ### AUTH ### Thread=http-nio-8080-exec-6 | requestUsername=test53
userweb-app  | ===========getbyname===================
userweb-app  | ----------finish-------------
userweb-app  | ### AUTH USER ### requestUsername=test48 | dbUsername=test48 | userId=48
userweb-app  | ----------------Optional.empty
userweb-app  | ===========getbyname===================
userweb-app  | ===========getbyname===================
userweb-app  | ----------finish-------------
userweb-app  | ### AUTH FAIL ### username=test53 | user=null
userweb-app  | ===========getbyname===================
userweb-app  | ------------------------------
userweb-app  | -----------test49------1234--------
userweb-app  | ### AUTH ### Thread=http-nio-8080-exec-49 | requestUsername=test49
userweb-app  | ===========getbyname===================
userweb-app  | -----------test50------1234--------
userweb-app  | ----------------Optional[com.example.demo.model.User@3f64a93d]
userweb-app  | ===========getbyname===================
userweb-app  | ----------------Optional[com.example.demo.model.User@3816447e]
userweb-app  | ----------------Optional.empty
userweb-app  | ===========getbyname===================
userweb-app  | ### AUTH ### Thread=http-nio-8080-exec-8 | requestUsername=test50
userweb-app  | ===========getbyname===================
userweb-app  | ===========getbyname===================
userweb-app  | ----------------Optional[com.example.demo.model.User@1e6e304c]
userweb-app  | ----------------Optional[com.example.demo.model.User@7017bd6d]
userweb-app  | ------------------------------
userweb-app  | ------------------------------
userweb-app  | ----------------Optional[com.example.demo.model.User@34f5fc57]
userweb-app  | ----------finish-------------
userweb-app  | ### AUTH USER ### requestUsername=test49 | dbUsername=test49 | userId=49
userweb-app  | ------------------------------
userweb-app  | ----------------Optional[com.example.demo.model.User@2e013c1a]
userweb-app  | ------------------------------
userweb-app  | ------------------------------
userweb-app  | ----------------Optional[com.example.demo.model.User@7948706c]
userweb-app  | ----------------Optional[com.example.demo.model.User@1252fdc3]
userweb-app  | ----------------Optional[com.example.demo.model.User@1b5d7ae5]
userweb-app  | ------------------------------
userweb-app  | ----------finish-------------
userweb-app  | ### AUTH USER ### requestUsername=test46 | dbUsername=test46 | userId=46
userweb-app  | ------------------------------
userweb-app  | ===========getbyname===================
userweb-app  | ----------------Optional[com.example.demo.model.User@6b12aaaa]
userweb-app  | ------------------------------
userweb-app  | ----------------Optional[com.example.demo.model.User@116e34e3]
userweb-app  | ----------finish-------------
userweb-app  | ### AUTH USER ### requestUsername=test50 | dbUsername=test50 | userId=50
userweb-app  | ------------------------------
userweb-app  | ----------------Optional[com.example.demo.model.User@3c2b629a]
userweb-app  | ----------------Optional[com.example.demo.model.User@30b794ef]
userweb-app  | ----------finish-------------
userweb-app  | ### AUTH USER ### requestUsername=test43 | dbUsername=test43 | userId=43
userweb-app  | ----------------Optional[com.example.demo.model.User@5937c437]
userweb-app  | ----------------Optional.empty
userweb-app  | ----------------Optional[com.example.demo.model.User@36bff626]
userweb-app  | ----------finish-------------
userweb-app  | ### AUTH FAIL ### username=test52 | user=null
userweb-app  | ===========getbyname===================
userweb-app  | ------------------------------
userweb-app  | -----------test54------1234--------
userweb-app  | ### AUTH ### Thread=http-nio-8080-exec-28 | requestUsername=test54
userweb-app  | ===========getbyname===================
userweb-app  | ----------------Optional.empty
userweb-app  | ------------------------------
userweb-app  | ----------finish-------------
userweb-app  | ### AUTH FAIL ### username=test54 | user=null
userweb-app  | ------------------------------
userweb-app  | ----------------Optional[com.example.demo.model.User@2c9b75cd]
userweb-app  | ------------------------------
userweb-app  | ----------------Optional[com.example.demo.model.User@48b318eb]
userweb-app  | ===========getbyname===================
userweb-app  | ----------finish-------------
userweb-app  | ### AUTH USER ### requestUsername=test51 | dbUsername=test51 | userId=51
userweb-app  | ----------------Optional[com.example.demo.model.User@3a12f62f]
userweb-app  | ------------------------------
userweb-app  | -----------test55------1234--------
userweb-app  | ### AUTH ### Thread=http-nio-8080-exec-9 | requestUsername=test55
userweb-app  | ===========getbyname===================
userweb-app  | ----------------Optional[com.example.demo.model.User@7f2b70ff]
userweb-app  | ===========getbyname===================
userweb-app  | ----------------Optional.empty
userweb-app  | ----------finish-------------
userweb-app  | ### AUTH FAIL ### username=test55 | user=null
userweb-app  | ------------------------------
userweb-app  | ------------------------------
userweb-app  | ------------------------------
userweb-app  | ------------------------------
userweb-app  | ----------------Optional[com.example.demo.model.User@52bc7a5a]
userweb-app  | ------------------------------
userweb-app  | ===========getbyname===================
userweb-app  | -----------test56------1234--------
userweb-app  | ### AUTH ### Thread=http-nio-8080-exec-19 | requestUsername=test56
userweb-app  | ===========getbyname===================
userweb-app  | -----------test57------1234--------
userweb-app  | ### AUTH ### Thread=http-nio-8080-exec-14 | requestUsername=test57
userweb-app  | ===========getbyname===================
userweb-app  | ----------------Optional.empty
userweb-app  | -----------test58------1234--------
userweb-app  | ### AUTH ### Thread=http-nio-8080-exec-12 | requestUsername=test58
userweb-app  | ===========getbyname===================
userweb-app  | ----------------Optional[com.example.demo.model.User@10c4ba99]
userweb-app  | ----------finish-------------
userweb-app  | ### AUTH FAIL ### username=test56 | user=null
userweb-app  | ----------------Optional.empty
userweb-app  | ------------------------------
userweb-app  | ----------------Optional.empty
userweb-app  | ----------finish-------------
userweb-app  | ### AUTH FAIL ### username=test58 | user=null
userweb-app  | ----------finish-------------
userweb-app  | ### AUTH FAIL ### username=test57 | user=null
userweb-app  | -----------test59------1234--------
userweb-app  | ### AUTH ### Thread=http-nio-8080-exec-3 | requestUsername=test59
userweb-app  | ===========getbyname===================
userweb-app  | ----------------Optional.empty
userweb-app  | ----------finish-------------
userweb-app  | ### AUTH FAIL ### username=test59 | user=null
userweb-app  | ===========getbyname===================
userweb-app  | ----------------Optional[com.example.demo.model.User@1c56d30]
userweb-app  | -----------test60------1234--------
userweb-app  | ### AUTH ### Thread=http-nio-8080-exec-7 | requestUsername=test60
userweb-app  | ===========getbyname===================
userweb-app  | ------------------------------
userweb-app  | ----------------Optional.empty
userweb-app  | -----------test61------1234--------
userweb-app  | ### AUTH ### Thread=http-nio-8080-exec-4 | requestUsername=test61
userweb-app  | ===========getbyname===================
userweb-app  | ----------finish-------------
userweb-app  | ### AUTH FAIL ### username=test60 | user=null
userweb-app  | ----------------Optional.empty
userweb-app  | ----------finish-------------
userweb-app  | ### AUTH FAIL ### username=test61 | user=null
userweb-app  | -----------test62------1234--------
userweb-app  | ### AUTH ### Thread=http-nio-8080-exec-18 | requestUsername=test62
userweb-app  | ===========getbyname===================
userweb-app  | -----------test63------1234--------
userweb-app  | ### AUTH ### Thread=http-nio-8080-exec-6 | requestUsername=test63
userweb-app  | ===========getbyname===================
userweb-app  | ----------------Optional.empty
userweb-app  | ===========getbyname===================
userweb-app  | ===========getbyname===================
userweb-app  | ----------------Optional[com.example.demo.model.User@2ac37ee2]
userweb-app  | ----------------Optional[com.example.demo.model.User@50b9a735]
userweb-app  | ------------------------------
userweb-app  | ------------------------------
userweb-app  | ===========getbyname===================
userweb-app  | ===========getbyname===================
userweb-app  | ===========getbyname===================
userweb-app  | ----------finish-------------
userweb-app  | ### AUTH FAIL ### username=test63 | user=null
userweb-app  | ----------------Optional[com.example.demo.model.User@610c3afb]
userweb-app  | ------------------------------
userweb-app  | ----------------Optional[com.example.demo.model.User@45be3173]
userweb-app  | ----------------Optional[com.example.demo.model.User@5f7b7ca9]
userweb-app  | ------------------------------
userweb-app  | -----------test64------1234--------
userweb-app  | ### AUTH ### Thread=http-nio-8080-exec-25 | requestUsername=test64
userweb-app  | ===========getbyname===================
userweb-app  | ------------------------------
userweb-app  | ===========getbyname===================
userweb-app  | ----------------Optional.empty
userweb-app  | ----------------Optional[com.example.demo.model.User@2b796c96]
userweb-app  | ----------finish-------------
userweb-app  | ### AUTH FAIL ### username=test62 | user=null
userweb-app  | -----------test65------1234--------
userweb-app  | ### AUTH ### Thread=http-nio-8080-exec-21 | requestUsername=test65
userweb-app  | ===========getbyname===================
userweb-app  | ----------------Optional.empty
userweb-app  | ------------------------------
userweb-app  | -----------test66------1234--------
userweb-app  | ### AUTH ### Thread=http-nio-8080-exec-49 | requestUsername=test66
userweb-app  | ===========getbyname===================
userweb-app  | ----------finish-------------
userweb-app  | ### AUTH FAIL ### username=test64 | user=null
userweb-app  | ----------------Optional.empty
userweb-app  | ----------finish-------------
userweb-app  | ### AUTH FAIL ### username=test66 | user=null
userweb-app  | -----------test67------1234--------
userweb-app  | ### AUTH ### Thread=http-nio-8080-exec-26 | requestUsername=test67
userweb-app  | ===========getbyname===================
userweb-app  | ----------------Optional.empty
userweb-app  | ----------------Optional.empty
userweb-app  | ----------finish-------------
userweb-app  | ### AUTH FAIL ### username=test65 | user=null
userweb-app  | -----------test68------1234--------
userweb-app  | ### AUTH ### Thread=http-nio-8080-exec-16 | requestUsername=test68
userweb-app  | ===========getbyname===================
userweb-app  | ----------finish-------------
userweb-app  | ### AUTH FAIL ### username=test67 | user=null
userweb-app  | ----------------Optional.empty
userweb-app  | ----------finish-------------
userweb-app  | ### AUTH FAIL ### username=test68 | user=null
userweb-app  | -----------test70------1234--------
userweb-app  | ### AUTH ### Thread=http-nio-8080-exec-2 | requestUsername=test70
userweb-app  | ===========getbyname===================
userweb-app  | -----------test69------1234--------
userweb-app  | ### AUTH ### Thread=http-nio-8080-exec-23 | requestUsername=test69
userweb-app  | ===========getbyname===================
userweb-app  | ----------------Optional.empty
userweb-app  | ----------finish-------------
userweb-app  | ### AUTH FAIL ### username=test69 | user=null
userweb-app  | ----------------Optional.empty
userweb-app  | ----------finish-------------
userweb-app  | ### AUTH FAIL ### username=test70 | user=null
userweb-app  | JWT 驗證失敗 | Thread=http-nio-8080-exec-13 | URI=/api/userContent | Type=MalformedJwtException | Message=Invalid compact JWT string: Compact JWSs must contain exactly 2 period characters, and compact JWEs must contain exactly 4.  Found: 0
userweb-app  | JWT 驗證失敗 | Thread=http-nio-8080-exec-11 | URI=/api/userContent | Type=MalformedJwtException | Message=Invalid compact JWT string: Compact JWSs must contain exactly 2 period characters, and compact JWEs must contain exactly 4.  Found: 0
userweb-app  | JWT 驗證失敗 | Thread=http-nio-8080-exec-38 | URI=/api/userContent | Type=MalformedJwtException | Message=Invalid compact JWT string: Compact JWSs must contain exactly 2 period characters, and compact JWEs must contain exactly 4.  Found: 0
userweb-app  | JWT 驗證失敗 | Thread=http-nio-8080-exec-17 | URI=/api/userContent | Type=MalformedJwtException | Message=Invalid compact JWT string: Compact JWSs must contain exactly 2 period characters, and compact JWEs must contain exactly 4.  Found: 0
userweb-app  | JWT 驗證失敗 | Thread=http-nio-8080-exec-36 | URI=/api/userContent | Type=MalformedJwtException | Message=Invalid compact JWT string: Compact JWSs must contain exactly 2 period characters, and compact JWEs must contain exactly 4.  Found: 0
userweb-app  | JWT 驗證失敗 | Thread=http-nio-8080-exec-48 | URI=/api/userContent | Type=MalformedJwtException | Message=Invalid compact JWT string: Compact JWSs must contain exactly 2 period characters, and compact JWEs must contain exactly 4.  Found: 0
userweb-app  | ===========getbyname===================
userweb-app  | ===========getbyname===================
userweb-app  | ===========getbyname===================
userweb-app  | ===========getbyname===================
userweb-app  | ===========getbyname===================
userweb-app  | ===========getbyname===================
userweb-app  | ----------------Optional[com.example.demo.model.User@51a58b80]
userweb-app  | ----------------Optional[com.example.demo.model.User@5e94422]
userweb-app  | ===========getbyname===================
userweb-app  | ===========getbyname===================
userweb-app  | ===========getbyname===================
userweb-app  | ----------------Optional[com.example.demo.model.User@36fec762]
userweb-app  | ===========getbyname===================
userweb-app  | ===========getbyname===================
userweb-app  | ----------------Optional[com.example.demo.model.User@27ff25b9]
userweb-app  | ----------------Optional[com.example.demo.model.User@1a7d2645]
userweb-app  | ----------------Optional[com.example.demo.model.User@561b47ad]
userweb-app  | ----------------Optional[com.example.demo.model.User@6407e0a0]
userweb-app  | ----------------Optional[com.example.demo.model.User@4105924e]
userweb-app  | ===========getbyname===================
userweb-app  | ----------------Optional[com.example.demo.model.User@35dcea8f]
userweb-app  | ===========getbyname===================
userweb-app  | ===========getbyname===================
userweb-app  | ===========getbyname===================
userweb-app  | ===========getbyname===================
userweb-app  | ===========getbyname===================
userweb-app  | ----------------Optional[com.example.demo.model.User@38609226]
userweb-app  | ===========getbyname===================
userweb-app  | ----------------Optional[com.example.demo.model.User@315b21e1]
userweb-app  | ----------------Optional[com.example.demo.model.User@4e1ec214]
userweb-app  | ===========getbyname===================
userweb-app  | ----------------Optional[com.example.demo.model.User@29d15524]
userweb-app  | ===========getbyname===================
userweb-app  | JWT 驗證失敗 | Thread=http-nio-8080-exec-12 | URI=/api/userContent | Type=MalformedJwtException | Message=Invalid compact JWT string: Compact JWSs must contain exactly 2 period characters, and compact JWEs must contain exactly 4.  Found: 0
userweb-app  | ===========getbyname===================
userweb-app  | ===========getbyname===================
userweb-app  | ===========getbyname===================
userweb-app  | ----------------Optional[com.example.demo.model.User@220453f]
userweb-app  | ----------------Optional[com.example.demo.model.User@68b5d594]
userweb-app  | ===========getbyname===================
userweb-app  | ----------------Optional[com.example.demo.model.User@7d63621a]
userweb-app  | ----------------Optional[com.example.demo.model.User@21454992]
userweb-app  | ===========getbyname===================
userweb-app  | ----------------Optional[com.example.demo.model.User@19aa5b3]
userweb-app  | ----------------Optional[com.example.demo.model.User@6fd45284]
userweb-app  | JWT 驗證失敗 | Thread=http-nio-8080-exec-9 | URI=/api/userContent | Type=MalformedJwtException | Message=Invalid compact JWT string: Compact JWSs must contain exactly 2 period characters, and compact JWEs must contain exactly 4.  Found: 0
userweb-app  | JWT 驗證失敗 | Thread=http-nio-8080-exec-52 | URI=/api/userContent | Type=MalformedJwtException | Message=Invalid compact JWT string: Compact JWSs must contain exactly 2 period characters, and compact JWEs must contain exactly 4.  Found: 0
userweb-app  | ===========getbyname===================
userweb-app  | ----------------Optional[com.example.demo.model.User@5eeccfa4]
userweb-app  | ===========getbyname===================
userweb-app  | ===========getbyname===================
userweb-app  | ===========getbyname===================
userweb-app  | ===========getbyname===================
userweb-app  | ===========getbyname===================
userweb-app  | JWT 驗證失敗 | Thread=http-nio-8080-exec-39 | URI=/api/userContent | Type=MalformedJwtException | Message=Invalid compact JWT string: Compact JWSs must contain exactly 2 period characters, and compact JWEs must contain exactly 4.  Found: 0
userweb-app  | ----------------Optional[com.example.demo.model.User@610cde1e]
userweb-app  | ----------------Optional[com.example.demo.model.User@3bee7cea]
userweb-app  | JWT 驗證失敗 | Thread=http-nio-8080-exec-39 | URI=/api/userContent | Type=MalformedJwtException | Message=Invalid compact JWT string: Compact JWSs must contain exactly 2 period characters, and compact JWEs must contain exactly 4.  Found: 0
userweb-app  | JWT 驗證失敗 | Thread=http-nio-8080-exec-29 | URI=/api/userContent | Type=MalformedJwtException | Message=Invalid compact JWT string: Compact JWSs must contain exactly 2 period characters, and compact JWEs must contain exactly 4.  Found: 0
userweb-app  | ===========getbyname===================
userweb-app  | ===========getbyname===================
userweb-app  | ===========getbyname===================
userweb-app  | ----------------Optional[com.example.demo.model.User@2a667dd3]
userweb-app  | ----------------Optional[com.example.demo.model.User@6d73f297]
userweb-app  | ===========getbyname===================
userweb-app  | ===========getbyname===================
userweb-app  | ----------------Optional[com.example.demo.model.User@670d83b8]
userweb-app  | JWT 驗證失敗 | Thread=http-nio-8080-exec-18 | URI=/api/userContent | Type=MalformedJwtException | Message=Invalid compact JWT string: Compact JWSs must contain exactly 2 period characters, and compact JWEs must contain exactly 4.  Found: 0
userweb-app  | ===========getbyname===================
userweb-app  | ----------------Optional[com.example.demo.model.User@bba7bce]
userweb-app  | JWT 驗證失敗 | Thread=http-nio-8080-exec-39 | URI=/api/userContent | Type=MalformedJwtException | Message=Invalid compact JWT string: Compact JWSs must contain exactly 2 period characters, and compact JWEs must contain exactly 4.  Found: 0
userweb-app  | ===========getbyname===================
userweb-app  | JWT 驗證失敗 | Thread=http-nio-8080-exec-4 | URI=/api/userContent | Type=MalformedJwtException | Message=Invalid compact JWT string: Compact JWSs must contain exactly 2 period characters, and compact JWEs must contain exactly 4.  Found: 0
userweb-app  | ===========getbyname===================
userweb-app  | ===========getbyname===================
userweb-app  | ----------------Optional[com.example.demo.model.User@15c79e0e]
userweb-app  | ----------------Optional[com.example.demo.model.User@735aa626]
userweb-app  | ===========getbyname===================
userweb-app  | ----------------Optional[com.example.demo.model.User@57d5a443]
userweb-app  | JWT 驗證失敗 | Thread=http-nio-8080-exec-44 | URI=/api/user/search | Type=MalformedJwtException | Message=Invalid compact JWT string: Compact JWSs must contain exactly 2 period characters, and compact JWEs must contain exactly 4.  Found: 0
userweb-app  | ----------------Optional[com.example.demo.model.User@31296486]
userweb-app  | ----------------Optional[com.example.demo.model.User@67368c75]
userweb-app  | JWT 驗證失敗 | Thread=http-nio-8080-exec-45 | URI=/api/userContent | Type=MalformedJwtException | Message=Invalid compact JWT string: Compact JWSs must contain exactly 2 period characters, and compact JWEs must contain exactly 4.  Found: 0
userweb-app  | JWT 驗證失敗 | Thread=http-nio-8080-exec-45 | URI=/api/user/search | Type=MalformedJwtException | Message=Invalid compact JWT string: Compact JWSs must contain exactly 2 period characters, and compact JWEs must contain exactly 4.  Found: 0
userweb-app  | ===========getbyname===================
userweb-app  | ----------------Optional[com.example.demo.model.User@483f2dec]
userweb-app  | ===========getbyname===================
userweb-app  | ----------------Optional[com.example.demo.model.User@217547f1]
userweb-app  | ===========getbyname===================
userweb-app  | ===========getbyname===================
userweb-app  | ===========getbyname===================
userweb-app  | ----------------Optional[com.example.demo.model.User@4076e696]
userweb-app  | ----------------Optional[com.example.demo.model.User@66ddb6ef]
userweb-app  | ----------------Optional[com.example.demo.model.User@fffee82]
userweb-app  | JWT 驗證失敗 | Thread=http-nio-8080-exec-39 | URI=/api/user/search | Type=MalformedJwtException | Message=Invalid compact JWT string: Compact JWSs must contain exactly 2 period characters, and compact JWEs must contain exactly 4.  Found: 0
userweb-app  | JWT 驗證失敗 | Thread=http-nio-8080-exec-40 | URI=/api/user/search | Type=MalformedJwtException | Message=Invalid compact JWT string: Compact JWSs must contain exactly 2 period characters, and compact JWEs must contain exactly 4.  Found: 0
userweb-app  | JWT 驗證失敗 | Thread=http-nio-8080-exec-3 | URI=/api/user/search | Type=MalformedJwtException | Message=Invalid compact JWT string: Compact JWSs must contain exactly 2 period characters, and compact JWEs must contain exactly 4.  Found: 0
userweb-app  | ===========getbyname===================
userweb-app  | JWT 驗證失敗 | Thread=http-nio-8080-exec-55 | URI=/api/user/search | Type=MalformedJwtException | Message=Invalid compact JWT string: Compact JWSs must contain exactly 2 period characters, and compact JWEs must contain exactly 4.  Found: 0
userweb-app  | ----------------Optional[com.example.demo.model.User@2b0b57af]
userweb-app  | ===========getbyname===================
userweb-app  | ===========getbyname===================
userweb-app  | ----------------Optional[com.example.demo.model.User@19726752]
userweb-app  | ===========getbyname===================
userweb-app  | ===========getbyname===================
userweb-app  | ----------------Optional[com.example.demo.model.User@3b2cf3d5]
userweb-app  | ----------------Optional[com.example.demo.model.User@2a77dfe8]
userweb-app  | ----------------Optional[com.example.demo.model.User@29af1e3f]
userweb-app  | ----------------Optional[com.example.demo.model.User@7f573460]
userweb-app  | JWT 驗證失敗 | Thread=http-nio-8080-exec-15 | URI=/api/user/search | Type=MalformedJwtException | Message=Invalid compact JWT string: Compact JWSs must contain exactly 2 period characters, and compact JWEs must contain exactly 4.  Found: 0
userweb-app  | ===========getbyname===================
userweb-app  | ===========getbyname===================
userweb-app  | ===========getbyname===================
userweb-app  | ----------------Optional[com.example.demo.model.User@189dc442]
userweb-app  | ----------------Optional[com.example.demo.model.User@123d71df]
userweb-app  | ===========getbyname===================
userweb-app  | ----------------Optional[com.example.demo.model.User@10ecba15]
userweb-app  | ----------------Optional[com.example.demo.model.User@539d5e3a]
userweb-app  | ===========getbyname===================
userweb-app  | JWT 驗證失敗 | Thread=http-nio-8080-exec-9 | URI=/api/userContent | Type=MalformedJwtException | Message=Invalid compact JWT string: Compact JWSs must contain exactly 2 period characters, and compact JWEs must contain exactly 4.  Found: 0
userweb-app  | ----------------Optional[com.example.demo.model.User@7d445503]
userweb-app  | ===========getbyname===================
userweb-app  | JWT 驗證失敗 | Thread=http-nio-8080-exec-9 | URI=/api/user/search | Type=MalformedJwtException | Message=Invalid compact JWT string: Compact JWSs must contain exactly 2 period characters, and compact JWEs must contain exactly 4.  Found: 0
userweb-app  | JWT 驗證失敗 | Thread=http-nio-8080-exec-24 | URI=/api/user/search | Type=MalformedJwtException | Message=Invalid compact JWT string: Compact JWSs must contain exactly 2 period characters, and compact JWEs must contain exactly 4.  Found: 0
userweb-app  | ----------------Optional[com.example.demo.model.User@856a7dd]
userweb-app  | JWT 驗證失敗 | Thread=http-nio-8080-exec-24 | URI=/api/user/search | Type=MalformedJwtException | Message=Invalid compact JWT string: Compact JWSs must contain exactly 2 period characters, and compact JWEs must contain exactly 4.  Found: 0
userweb-app  | JWT 驗證失敗 | Thread=http-nio-8080-exec-54 | URI=/api/user/search | Type=MalformedJwtException | Message=Invalid compact JWT string: Compact JWSs must contain exactly 2 period characters, and compact JWEs must contain exactly 4.  Found: 0
userweb-app  | ===========getbyname===================
userweb-app  | ----------------Optional[com.example.demo.model.User@4960dee3]
userweb-app  | JWT 驗證失敗 | Thread=http-nio-8080-exec-24 | URI=/api/user/search | Type=MalformedJwtException | Message=Invalid compact JWT string: Compact JWSs must contain exactly 2 period characters, and compact JWEs must contain exactly 4.  Found: 0
userweb-app  | JWT 驗證失敗 | Thread=http-nio-8080-exec-40 | URI=/api/user/search | Type=MalformedJwtException | Message=Invalid compact JWT string: Compact JWSs must contain exactly 2 period characters, and compact JWEs must contain exactly 4.  Found: 0
userweb-app  | ===========getbyname===================
userweb-app  | ===========getbyname===================
userweb-app  | ===========getbyname===================
userweb-app  | JWT 驗證失敗 | Thread=http-nio-8080-exec-20 | URI=/api/user/search | Type=MalformedJwtException | Message=Invalid compact JWT string: Compact JWSs must contain exactly 2 period characters, and compact JWEs must contain exactly 4.  Found: 0
userweb-app  | ----------------Optional[com.example.demo.model.User@4ebdf48a]
userweb-app  | ===========getbyname===================
userweb-app  | ===========getbyname===================
userweb-app  | JWT 驗證失敗 | Thread=http-nio-8080-exec-5 | URI=/api/user/count | Type=MalformedJwtException | Message=Invalid compact JWT string: Compact JWSs must contain exactly 2 period characters, and compact JWEs must contain exactly 4.  Found: 0
userweb-app  | ----------------Optional[com.example.demo.model.User@6d72d221]
userweb-app  | ===========getbyname===================
userweb-app  | ----------------Optional[com.example.demo.model.User@789b7c82]
userweb-app  | JWT 驗證失敗 | Thread=http-nio-8080-exec-44 | URI=/api/user/count | Type=MalformedJwtException | Message=Invalid compact JWT string: Compact JWSs must contain exactly 2 period characters, and compact JWEs must contain exactly 4.  Found: 0
userweb-app  | JWT 驗證失敗 | Thread=http-nio-8080-exec-19 | URI=/api/user/count | Type=MalformedJwtException | Message=Invalid compact JWT string: Compact JWSs must contain exactly 2 period characters, and compact JWEs must contain exactly 4.  Found: 0
userweb-app  | JWT 驗證失敗 | Thread=http-nio-8080-exec-19 | URI=/api/user/count | Type=MalformedJwtException | Message=Invalid compact JWT string: Compact JWSs must contain exactly 2 period characters, and compact JWEs must contain exactly 4.  Found: 0
userweb-app  | ===========getbyname===================
userweb-app  | ----------------Optional[com.example.demo.model.User@5027cd75]
userweb-app  | ===========getbyname===================
userweb-app  | ----------------Optional[com.example.demo.model.User@3b9742c2]
userweb-app  | ===========getbyname===================
userweb-app  | ----------------Optional[com.example.demo.model.User@458b15dd]
userweb-app  | JWT 驗證失敗 | Thread=http-nio-8080-exec-20 | URI=/api/user/count | Type=MalformedJwtException | Message=Invalid compact JWT string: Compact JWSs must contain exactly 2 period characters, and compact JWEs must contain exactly 4.  Found: 0
userweb-app  | ===========getbyname===================
userweb-app  | ----------------Optional[com.example.demo.model.User@782822c6]
userweb-app  | ===========getbyname===================
userweb-app  | ===========getbyname===================
userweb-app  | ----------------Optional[com.example.demo.model.User@7eb28034]
userweb-app  | ----------------Optional[com.example.demo.model.User@4cb3aab0]
userweb-app  | ----------------Optional[com.example.demo.model.User@16f3d215]
userweb-app  | ===========getbyname===================
userweb-app  | JWT 驗證失敗 | Thread=http-nio-8080-exec-41 | URI=/api/userContent | Type=MalformedJwtException | Message=Invalid compact JWT string: Compact JWSs must contain exactly 2 period characters, and compact JWEs must contain exactly 4.  Found: 0
userweb-app  | JWT 驗證失敗 | Thread=http-nio-8080-exec-59 | URI=/api/user/count | Type=MalformedJwtException | Message=Invalid compact JWT string: Compact JWSs must contain exactly 2 period characters, and compact JWEs must contain exactly 4.  Found: 0
userweb-app  | JWT 驗證失敗 | Thread=http-nio-8080-exec-62 | URI=/api/user/search | Type=MalformedJwtException | Message=Invalid compact JWT string: Compact JWSs must contain exactly 2 period characters, and compact JWEs must contain exactly 4.  Found: 0
userweb-app  | ===========getbyname===================
userweb-app  | JWT 驗證失敗 | Thread=http-nio-8080-exec-59 | URI=/api/user/search | Type=MalformedJwtException | Message=Invalid compact JWT string: Compact JWSs must contain exactly 2 period characters, and compact JWEs must contain exactly 4.  Found: 0
userweb-app  | ===========getbyname===================
userweb-app  | JWT 驗證失敗 | Thread=http-nio-8080-exec-41 | URI=/api/user/count | Type=MalformedJwtException | Message=Invalid compact JWT string: Compact JWSs must contain exactly 2 period characters, and compact JWEs must contain exactly 4.  Found: 0
userweb-app  | ----------------Optional[com.example.demo.model.User@128217cd]
userweb-app  | ===========getbyname===================
userweb-app  | JWT 驗證失敗 | Thread=http-nio-8080-exec-41 | URI=/api/user/count | Type=MalformedJwtException | Message=Invalid compact JWT string: Compact JWSs must contain exactly 2 period characters, and compact JWEs must contain exactly 4.  Found: 0
userweb-app  | ===========getbyname===================
userweb-app  | ----------------Optional[com.example.demo.model.User@758bbb26]
userweb-app  | ----------------Optional[com.example.demo.model.User@6d0bc1be]
userweb-app  | ===========getbyname===================
userweb-app  | ----------------Optional[com.example.demo.model.User@79f35dd9]
userweb-app  | ===========getbyname===================
userweb-app  | ----------------Optional[com.example.demo.model.User@600e547f]
userweb-app  | JWT 驗證失敗 | Thread=http-nio-8080-exec-56 | URI=/api/user/count | Type=MalformedJwtException | Message=Invalid compact JWT string: Compact JWSs must contain exactly 2 period characters, and compact JWEs must contain exactly 4.  Found: 0
userweb-app  | JWT 驗證失敗 | Thread=http-nio-8080-exec-12 | URI=/api/user/search | Type=MalformedJwtException | Message=Invalid compact JWT string: Compact JWSs must contain exactly 2 period characters, and compact JWEs must contain exactly 4.  Found: 0
userweb-app  | ===========getbyname===================
userweb-app  | ----------------Optional[com.example.demo.model.User@49a71bc6]
userweb-app  | JWT 驗證失敗 | Thread=http-nio-8080-exec-13 | URI=/api/user/count | Type=MalformedJwtException | Message=Invalid compact JWT string: Compact JWSs must contain exactly 2 period characters, and compact JWEs must contain exactly 4.  Found: 0
userweb-app  | ----------------Optional[com.example.demo.model.User@79e9ffdf]
userweb-app  | ----------------Optional[com.example.demo.model.User@479b17dd]
userweb-app  | JWT 驗證失敗 | Thread=http-nio-8080-exec-46 | URI=/api/userContent | Type=MalformedJwtException | Message=Invalid compact JWT string: Compact JWSs must contain exactly 2 period characters, and compact JWEs must contain exactly 4.  Found: 0
userweb-app  | ----------------Optional[com.example.demo.model.User@1b2a6add]
userweb-app  | JWT 驗證失敗 | Thread=http-nio-8080-exec-57 | URI=/api/user/count | Type=MalformedJwtException | Message=Invalid compact JWT string: Compact JWSs must contain exactly 2 period characters, and compact JWEs must contain exactly 4.  Found: 0
userweb-app  | ----------------Optional[com.example.demo.model.User@1ff5ec9c]
userweb-app  | ===========getbyname===================
userweb-app  | ===========getbyname===================
userweb-app  | ----------------Optional[com.example.demo.model.User@9ecea21]
userweb-app  | JWT 驗證失敗 | Thread=http-nio-8080-exec-39 | URI=/api/user/search | Type=MalformedJwtException | Message=Invalid compact JWT string: Compact JWSs must contain exactly 2 period characters, and compact JWEs must contain exactly 4.  Found: 0
userweb-app  | ----------------Optional[com.example.demo.model.User@7730fcec]
userweb-app  | ===========getbyname===================
userweb-app  | ----------------Optional[com.example.demo.model.User@60086ac5]
userweb-app  | JWT 驗證失敗 | Thread=http-nio-8080-exec-22 | URI=/api/user/search | Type=MalformedJwtException | Message=Invalid compact JWT string: Compact JWSs must contain exactly 2 period characters, and compact JWEs must contain exactly 4.  Found: 0
userweb-app  | ===========getbyname===================
userweb-app  | ===========getbyname===================
userweb-app  | ===========getbyname===================
userweb-app  | ----------------Optional[com.example.demo.model.User@11600747]
userweb-app  | JWT 驗證失敗 | Thread=http-nio-8080-exec-13 | URI=/api/user/count | Type=MalformedJwtException | Message=Invalid compact JWT string: Compact JWSs must contain exactly 2 period characters, and compact JWEs must contain exactly 4.  Found: 0
userweb-app  | JWT 驗證失敗 | Thread=http-nio-8080-exec-21 | URI=/api/user/count | Type=MalformedJwtException | Message=Invalid compact JWT string: Compact JWSs must contain exactly 2 period characters, and compact JWEs must contain exactly 4.  Found: 0
userweb-app  | ----------------Optional[com.example.demo.model.User@573b718b]
userweb-app  | JWT 驗證失敗 | Thread=http-nio-8080-exec-21 | URI=/api/user/search | Type=MalformedJwtException | Message=Invalid compact JWT string: Compact JWSs must contain exactly 2 period characters, and compact JWEs must contain exactly 4.  Found: 0
userweb-app  | ----------------Optional[com.example.demo.model.User@8cdbcad]
userweb-app  | ===========getbyname===================
userweb-app  | JWT 驗證失敗 | Thread=http-nio-8080-exec-21 | URI=/api/user/search | Type=MalformedJwtException | Message=Invalid compact JWT string: Compact JWSs must contain exactly 2 period characters, and compact JWEs must contain exactly 4.  Found: 0
userweb-app  | ----------------Optional[com.example.demo.model.User@4bb1e86b]
userweb-app  | ----------------Optional[com.example.demo.model.User@f860128]
userweb-app  | ===========getbyname===================
userweb-app  | JWT 驗證失敗 | Thread=http-nio-8080-exec-48 | URI=/api/user/search | Type=MalformedJwtException | Message=Invalid compact JWT string: Compact JWSs must contain exactly 2 period characters, and compact JWEs must contain exactly 4.  Found: 0
userweb-app  | ----------------Optional[com.example.demo.model.User@2bf647ee]
userweb-app  | JWT 驗證失敗 | Thread=http-nio-8080-exec-14 | URI=/api/user/count | Type=MalformedJwtException | Message=Invalid compact JWT string: Compact JWSs must contain exactly 2 period characters, and compact JWEs must contain exactly 4.  Found: 0
userweb-app  | ----------------Optional[com.example.demo.model.User@2bbed7eb]
userweb-app  | JWT 驗證失敗 | Thread=http-nio-8080-exec-14 | URI=/api/user/search | Type=MalformedJwtException | Message=Invalid compact JWT string: Compact JWSs must contain exactly 2 period characters, and compact JWEs must contain exactly 4.  Found: 0
userweb-app  | ----------------Optional[com.example.demo.model.User@9baee36]
userweb-app  | JWT 驗證失敗 | Thread=http-nio-8080-exec-52 | URI=/api/user/search | Type=MalformedJwtException | Message=Invalid compact JWT string: Compact JWSs must contain exactly 2 period characters, and compact JWEs must contain exactly 4.  Found: 0
userweb-app  | JWT 驗證失敗 | Thread=http-nio-8080-exec-52 | URI=/api/user/count | Type=MalformedJwtException | Message=Invalid compact JWT string: Compact JWSs must contain exactly 2 period characters, and compact JWEs must contain exactly 4.  Found: 0
userweb-app  | JWT 驗證失敗 | Thread=http-nio-8080-exec-52 | URI=/api/user/search | Type=MalformedJwtException | Message=Invalid compact JWT string: Compact JWSs must contain exactly 2 period characters, and compact JWEs must contain exactly 4.  Found: 0
userweb-app  | JWT 驗證失敗 | Thread=http-nio-8080-exec-52 | URI=/api/user/count | Type=MalformedJwtException | Message=Invalid compact JWT string: Compact JWSs must contain exactly 2 period characters, and compact JWEs must contain exactly 4.  Found: 0
userweb-app  | ----------------Optional[com.example.demo.model.User@3b7b213d]
userweb-app  | JWT 驗證失敗 | Thread=http-nio-8080-exec-30 | URI=/api/user/search | Type=MalformedJwtException | Message=Invalid compact JWT string: Compact JWSs must contain exactly 2 period characters, and compact JWEs must contain exactly 4.  Found: 0
userweb-app  | JWT 驗證失敗 | Thread=http-nio-8080-exec-57 | URI=/api/user/count | Type=MalformedJwtException | Message=Invalid compact JWT string: Compact JWSs must contain exactly 2 period characters, and compact JWEs must contain exactly 4.  Found: 0
userweb-app  | JWT 驗證失敗 | Thread=http-nio-8080-exec-30 | URI=/api/user/search | Type=MalformedJwtException | Message=Invalid compact JWT string: Compact JWSs must contain exactly 2 period characters, and compact JWEs must contain exactly 4.  Found: 0
userweb-app  | ===========getbyname===================
userweb-app  | ----------------Optional[com.example.demo.model.User@51043906]
userweb-app  | ----------------Optional[com.example.demo.model.User@8bc7aaa]
userweb-app  | JWT 驗證失敗 | Thread=http-nio-8080-exec-41 | URI=/api/user/search | Type=MalformedJwtException | Message=Invalid compact JWT string: Compact JWSs must contain exactly 2 period characters, and compact JWEs must contain exactly 4.  Found: 0
userweb-app  | ===========getbyname===================
userweb-app  | ===========getbyname===================
userweb-app  | ===========getbyname===================
userweb-app  | ----------------Optional[com.example.demo.model.User@7ab7e605]
userweb-app  | ===========getbyname===================
userweb-app  | ===========getbyname===================
userweb-app  | ----------------Optional[com.example.demo.model.User@34e3cd63]
userweb-app  | ----------------Optional[com.example.demo.model.User@5703c01f]
userweb-app  | ===========getbyname===================
userweb-app  | ===========getbyname===================
userweb-app  | ----------------Optional[com.example.demo.model.User@63bece87]
userweb-app  | ----------------Optional[com.example.demo.model.User@37e5bc22]
userweb-app  | ===========getbyname===================
userweb-app  | JWT 驗證失敗 | Thread=http-nio-8080-exec-18 | URI=/api/user/count | Type=MalformedJwtException | Message=Invalid compact JWT string: Compact JWSs must contain exactly 2 period characters, and compact JWEs must contain exactly 4.  Found: 0
userweb-app  | ----------------Optional[com.example.demo.model.User@7193489c]
userweb-app  | ===========getbyname===================
userweb-app  | ===========getbyname===================
userweb-app  | ===========getbyname===================
userweb-app  | JWT 驗證失敗 | Thread=http-nio-8080-exec-2 | URI=/api/user/count | Type=MalformedJwtException | Message=Invalid compact JWT string: Compact JWSs must contain exactly 2 period characters, and compact JWEs must contain exactly 4.  Found: 0
userweb-app  | ----------------Optional[com.example.demo.model.User@5d026424]
userweb-app  | ----------------Optional[com.example.demo.model.User@50f10850]
userweb-app  | JWT 驗證失敗 | Thread=http-nio-8080-exec-51 | URI=/api/user/search | Type=MalformedJwtException | Message=Invalid compact JWT string: Compact JWSs must contain exactly 2 period characters, and compact JWEs must contain exactly 4.  Found: 0
userweb-app  | ===========getbyname===================
userweb-app  | ===========getbyname===================
userweb-app  | ===========getbyname===================
userweb-app  | ----------------Optional[com.example.demo.model.User@579f9bad]
userweb-app  | JWT 驗證失敗 | Thread=http-nio-8080-exec-57 | URI=/api/user/count | Type=MalformedJwtException | Message=Invalid compact JWT string: Compact JWSs must contain exactly 2 period characters, and compact JWEs must contain exactly 4.  Found: 0
userweb-app  | ----------------Optional[com.example.demo.model.User@5a1e4017]
userweb-app  | ===========getbyname===================
userweb-app  | ----------------Optional[com.example.demo.model.User@550a12b4]
userweb-app  | ===========getbyname===================
userweb-app  | ===========getbyname===================
userweb-app  | ===========getbyname===================
userweb-app  | ===========getbyname===================
userweb-app  | ===========getbyname===================
userweb-app  | ----------------Optional[com.example.demo.model.User@77f50c6e]
userweb-app  | ----------------Optional[com.example.demo.model.User@55f03d8e]
userweb-app  | ----------------Optional[com.example.demo.model.User@270aa3b8]
userweb-app  | JWT 驗證失敗 | Thread=http-nio-8080-exec-41 | URI=/api/user/count | Type=MalformedJwtException | Message=Invalid compact JWT string: Compact JWSs must contain exactly 2 period characters, and compact JWEs must contain exactly 4.  Found: 0
userweb-app  | ===========getbyname===================
userweb-app  | JWT 驗證失敗 | Thread=http-nio-8080-exec-10 | URI=/api/user/count | Type=MalformedJwtException | Message=Invalid compact JWT string: Compact JWSs must contain exactly 2 period characters, and compact JWEs must contain exactly 4.  Found: 0
userweb-app  | JWT 驗證失敗 | Thread=http-nio-8080-exec-25 | URI=/api/user/count | Type=MalformedJwtException | Message=Invalid compact JWT string: Compact JWSs must contain exactly 2 period characters, and compact JWEs must contain exactly 4.  Found: 0
userweb-app  | JWT 驗證失敗 | Thread=http-nio-8080-exec-10 | URI=/api/user/search | Type=MalformedJwtException | Message=Invalid compact JWT string: Compact JWSs must contain exactly 2 period characters, and compact JWEs must contain exactly 4.  Found: 0
userweb-app  | ===========getbyname===================
userweb-app  | ===========getbyname===================
userweb-app  | ----------------Optional[com.example.demo.model.User@7aacd4ed]
userweb-app  | JWT 驗證失敗 | Thread=http-nio-8080-exec-1 | URI=/api/user/count | Type=MalformedJwtException | Message=Invalid compact JWT string: Compact JWSs must contain exactly 2 period characters, and compact JWEs must contain exactly 4.  Found: 0
userweb-app  | ===========getbyname===================
userweb-app  | ----------------Optional[com.example.demo.model.User@9ef36ed]
userweb-app  | ----------------Optional[com.example.demo.model.User@1e332681]
userweb-app  | JWT 驗證失敗 | Thread=http-nio-8080-exec-56 | URI=/api/user/count | Type=MalformedJwtException | Message=Invalid compact JWT string: Compact JWSs must contain exactly 2 period characters, and compact JWEs must contain exactly 4.  Found: 0
userweb-app  | JWT 驗證失敗 | Thread=http-nio-8080-exec-56 | URI=/api/user/search | Type=MalformedJwtException | Message=Invalid compact JWT string: Compact JWSs must contain exactly 2 period characters, and compact JWEs must contain exactly 4.  Found: 0
userweb-app  | ===========getbyname===================
userweb-app  | JWT 驗證失敗 | Thread=http-nio-8080-exec-59 | URI=/api/user/search | Type=MalformedJwtException | Message=Invalid compact JWT string: Compact JWSs must contain exactly 2 period characters, and compact JWEs must contain exactly 4.  Found: 0
userweb-app  | ----------------Optional[com.example.demo.model.User@4f3cd939]
userweb-app  | ===========getbyname===================
userweb-app  | JWT 驗證失敗 | Thread=http-nio-8080-exec-60 | URI=/api/user/search | Type=MalformedJwtException | Message=Invalid compact JWT string: Compact JWSs must contain exactly 2 period characters, and compact JWEs must contain exactly 4.  Found: 0
userweb-app  | ===========getbyname===================
userweb-app  | JWT 驗證失敗 | Thread=http-nio-8080-exec-68 | URI=/api/user/count | Type=MalformedJwtException | Message=Invalid compact JWT string: Compact JWSs must contain exactly 2 period characters, and compact JWEs must contain exactly 4.  Found: 0
userweb-app  | JWT 驗證失敗 | Thread=http-nio-8080-exec-61 | URI=/api/user/search | Type=MalformedJwtException | Message=Invalid compact JWT string: Compact JWSs must contain exactly 2 period characters, and compact JWEs must contain exactly 4.  Found: 0
userweb-app  | ===========getbyname===================
userweb-app  | ----------------Optional[com.example.demo.model.User@325bf597]
userweb-app  | JWT 驗證失敗 | Thread=http-nio-8080-exec-60 | URI=/api/user/search | Type=MalformedJwtException | Message=Invalid compact JWT string: Compact JWSs must contain exactly 2 period characters, and compact JWEs must contain exactly 4.  Found: 0
userweb-app  | ===========getbyname===================
userweb-app  | ===========getbyname===================
userweb-app  | JWT 驗證失敗 | Thread=http-nio-8080-exec-60 | URI=/api/user/search | Type=MalformedJwtException | Message=Invalid compact JWT string: Compact JWSs must contain exactly 2 period characters, and compact JWEs must contain exactly 4.  Found: 0
userweb-app  | ----------------Optional[com.example.demo.model.User@4bc58bb7]
userweb-app  | JWT 驗證失敗 | Thread=http-nio-8080-exec-69 | URI=/api/user/search | Type=MalformedJwtException | Message=Invalid compact JWT string: Compact JWSs must contain exactly 2 period characters, and compact JWEs must contain exactly 4.  Found: 0
userweb-app  | ----------------Optional[com.example.demo.model.User@51d4facd]
userweb-app  | ===========getbyname===================
userweb-app  | ----------------Optional[com.example.demo.model.User@28c8f54b]
userweb-app  | JWT 驗證失敗 | Thread=http-nio-8080-exec-51 | URI=/api/user/count | Type=MalformedJwtException | Message=Invalid compact JWT string: Compact JWSs must contain exactly 2 period characters, and compact JWEs must contain exactly 4.  Found: 0
userweb-app  | JWT 驗證失敗 | Thread=http-nio-8080-exec-51 | URI=/api/user/search | Type=MalformedJwtException | Message=Invalid compact JWT string: Compact JWSs must contain exactly 2 period characters, and compact JWEs must contain exactly 4.  Found: 0
userweb-app  | JWT 驗證失敗 | Thread=http-nio-8080-exec-51 | URI=/api/user/count | Type=MalformedJwtException | Message=Invalid compact JWT string: Compact JWSs must contain exactly 2 period characters, and compact JWEs must contain exactly 4.  Found: 0
userweb-app  | ===========getbyname===================
userweb-app  | ===========getbyname===================
userweb-app  | ===========getbyname===================
userweb-app  | ===========getbyname===================
userweb-app  | ===========getbyname===================
userweb-app  | ----------------Optional[com.example.demo.model.User@6b0b486a]
userweb-app  | ----------------Optional[com.example.demo.model.User@34e58528]
userweb-app  | ----------------Optional[com.example.demo.model.User@70ac50a9]
userweb-app  | ----------------Optional[com.example.demo.model.User@30354ff6]
userweb-app  | JWT 驗證失敗 | Thread=http-nio-8080-exec-60 | URI=/api/user/search | Type=MalformedJwtException | Message=Invalid compact JWT string: Compact JWSs must contain exactly 2 period characters, and compact JWEs must contain exactly 4.  Found: 0
userweb-app  | ===========getbyname===================
userweb-app  | ----------------Optional[com.example.demo.model.User@57961e22]
userweb-app  | ----------------Optional[com.example.demo.model.User@40b86702]
userweb-app  | ===========getbyname===================
userweb-app  | ----------------Optional[com.example.demo.model.User@4f9278c2]
userweb-app  | ===========getbyname===================
userweb-app  | ----------------Optional[com.example.demo.model.User@1e18367e]
userweb-app  | ===========getbyname===================
userweb-app  | JWT 驗證失敗 | Thread=http-nio-8080-exec-60 | URI=/api/user/count | Type=MalformedJwtException | Message=Invalid compact JWT string: Compact JWSs must contain exactly 2 period characters, and compact JWEs must contain exactly 4.  Found: 0
userweb-app  | ===========getbyname===================
userweb-app  | ----------------Optional[com.example.demo.model.User@120b98d6]
userweb-app  | ===========getbyname===================
userweb-app  | ----------------Optional[com.example.demo.model.User@21b7de]
userweb-app  | ===========getbyname===================
userweb-app  | ----------------Optional[com.example.demo.model.User@64d2188e]
userweb-app  | ----------------Optional[com.example.demo.model.User@1a85b7b6]
userweb-app  | ----------------Optional[com.example.demo.model.User@289f903]
userweb-app  | ===========getbyname===================
userweb-app  | ----------------Optional[com.example.demo.model.User@38f31d9b]
userweb-app  | ===========getbyname===================
userweb-app  | ----------------Optional[com.example.demo.model.User@5396c5c2]
userweb-app  | JWT 驗證失敗 | Thread=http-nio-8080-exec-9 | URI=/api/user/search | Type=MalformedJwtException | Message=Invalid compact JWT string: Compact JWSs must contain exactly 2 period characters, and compact JWEs must contain exactly 4.  Found: 0
userweb-app  | ===========getbyname===================
userweb-app  | ----------------Optional[com.example.demo.model.User@1ff709f7]
userweb-app  | ----------------Optional[com.example.demo.model.User@6e6070dd]
userweb-app  | ===========getbyname===================
userweb-app  | ----------------Optional[com.example.demo.model.User@56e9b771]
userweb-app  | ----------------Optional[com.example.demo.model.User@5770caf0]
userweb-app  | ----------------Optional[com.example.demo.model.User@330076cf]
userweb-app  | ----------------Optional[com.example.demo.model.User@11a9f075]
userweb-app  | ===========getbyname===================
userweb-app  | JWT 驗證失敗 | Thread=http-nio-8080-exec-18 | URI=/api/user/search | Type=MalformedJwtException | Message=Invalid compact JWT string: Compact JWSs must contain exactly 2 period characters, and compact JWEs must contain exactly 4.  Found: 0
userweb-app  | JWT 驗證失敗 | Thread=http-nio-8080-exec-8 | URI=/api/user/count | Type=MalformedJwtException | Message=Invalid compact JWT string: Compact JWSs must contain exactly 2 period characters, and compact JWEs must contain exactly 4.  Found: 0
userweb-app  | JWT 驗證失敗 | Thread=http-nio-8080-exec-30 | URI=/api/user/count | Type=MalformedJwtException | Message=Invalid compact JWT string: Compact JWSs must contain exactly 2 period characters, and compact JWEs must contain exactly 4.  Found: 0
userweb-app  | JWT 驗證失敗 | Thread=http-nio-8080-exec-42 | URI=/api/user/count | Type=MalformedJwtException | Message=Invalid compact JWT string: Compact JWSs must contain exactly 2 period characters, and compact JWEs must contain exactly 4.  Found: 0
userweb-app  | JWT 驗證失敗 | Thread=http-nio-8080-exec-11 | URI=/api/user/search | Type=MalformedJwtException | Message=Invalid compact JWT string: Compact JWSs must contain exactly 2 period characters, and compact JWEs must contain exactly 4.  Found: 0
userweb-app  | ===========getbyname===================
userweb-app  | ----------------Optional[com.example.demo.model.User@25902c27]
userweb-app  | ----------------Optional[com.example.demo.model.User@4ae33f04]
userweb-app  | JWT 驗證失敗 | Thread=http-nio-8080-exec-25 | URI=/api/user/count | Type=MalformedJwtException | Message=Invalid compact JWT string: Compact JWSs must contain exactly 2 period characters, and compact JWEs must contain exactly 4.  Found: 0
userweb-app  | ===========getbyname===================
userweb-app  | JWT 驗證失敗 | Thread=http-nio-8080-exec-27 | URI=/api/user/search | Type=MalformedJwtException | Message=Invalid compact JWT string: Compact JWSs must contain exactly 2 period characters, and compact JWEs must contain exactly 4.  Found: 0
userweb-app  | ----------------Optional[com.example.demo.model.User@5c027355]
userweb-app  | ----------------Optional[com.example.demo.model.User@32e4846c]
userweb-app  | ----------------Optional[com.example.demo.model.User@30d9191c]
userweb-app  | ----------------Optional[com.example.demo.model.User@5f300767]
userweb-app  | ----------------Optional[com.example.demo.model.User@4836a53c]
userweb-app  | ===========getbyname===================
userweb-app  | JWT 驗證失敗 | Thread=http-nio-8080-exec-52 | URI=/api/user/search | Type=MalformedJwtException | Message=Invalid compact JWT string: Compact JWSs must contain exactly 2 period characters, and compact JWEs must contain exactly 4.  Found: 0
userweb-app  | ----------------Optional[com.example.demo.model.User@255080cc]
userweb-app  | JWT 驗證失敗 | Thread=http-nio-8080-exec-67 | URI=/api/user/count | Type=MalformedJwtException | Message=Invalid compact JWT string: Compact JWSs must contain exactly 2 period characters, and compact JWEs must contain exactly 4.  Found: 0
userweb-app  | ===========getbyname===================
userweb-app  | ===========getbyname===================
userweb-app  | ----------------Optional[com.example.demo.model.User@2a724311]
userweb-app  | ===========getbyname===================
userweb-app  | JWT 驗證失敗 | Thread=http-nio-8080-exec-12 | URI=/api/user/search | Type=MalformedJwtException | Message=Invalid compact JWT string: Compact JWSs must contain exactly 2 period characters, and compact JWEs must contain exactly 4.  Found: 0
userweb-app  | JWT 驗證失敗 | Thread=http-nio-8080-exec-54 | URI=/api/user/search | Type=MalformedJwtException | Message=Invalid compact JWT string: Compact JWSs must contain exactly 2 period characters, and compact JWEs must contain exactly 4.  Found: 0
userweb-app  | ----------------Optional[com.example.demo.model.User@55a623a2]
userweb-app  | ===========getbyname===================
userweb-app  | ----------------Optional[com.example.demo.model.User@3e59eab7]
userweb-app  | ----------------Optional[com.example.demo.model.User@7c68296d]
userweb-app  | ===========getbyname===================
userweb-app  | ----------------Optional[com.example.demo.model.User@235db56b]
userweb-app  | ===========getbyname===================
userweb-app  | ----------------Optional[com.example.demo.model.User@69d4749b]
userweb-app  | ===========getbyname===================
userweb-app  | ===========getbyname===================
userweb-app  | ----------------Optional[com.example.demo.model.User@6f3160f2]
userweb-app  | ----------------Optional[com.example.demo.model.User@35b2a80d]
userweb-app  | ===========getbyname===================
userweb-app  | ----------------Optional[com.example.demo.model.User@53ca7e02]
userweb-app  | ===========getbyname===================
userweb-app  | ----------------Optional[com.example.demo.model.User@6663cf21]
userweb-app  | ===========getbyname===================
userweb-app  | ===========getbyname===================
userweb-app  | ===========getbyname===================
userweb-app  | ----------------Optional[com.example.demo.model.User@f8d0fbb]
userweb-app  | ----------------Optional[com.example.demo.model.User@22b2a534]
userweb-app  | ===========getbyname===================
userweb-app  | ===========getbyname===================
userweb-app  | ----------------Optional[com.example.demo.model.User@63f94e0]
userweb-app  | ----------------Optional[com.example.demo.model.User@5e72027]
userweb-app  | ----------------Optional[com.example.demo.model.User@515f1a55]
userweb-app  | ===========getbyname===================
userweb-app  | ===========getbyname===================
userweb-app  | JWT 驗證失敗 | Thread=http-nio-8080-exec-66 | URI=/api/user/count | Type=MalformedJwtException | Message=Invalid compact JWT string: Compact JWSs must contain exactly 2 period characters, and compact JWEs must contain exactly 4.  Found: 0
userweb-app  | JWT 驗證失敗 | Thread=http-nio-8080-exec-2 | URI=/api/user/search | Type=MalformedJwtException | Message=Invalid compact JWT string: Compact JWSs must contain exactly 2 period characters, and compact JWEs must contain exactly 4.  Found: 0
userweb-app  | JWT 驗證失敗 | Thread=http-nio-8080-exec-34 | URI=/api/user/search | Type=MalformedJwtException | Message=Invalid compact JWT string: Compact JWSs must contain exactly 2 period characters, and compact JWEs must contain exactly 4.  Found: 0
userweb-app  | ----------------Optional[com.example.demo.model.User@4137d02a]
userweb-app  | ===========getbyname===================
userweb-app  | ===========getbyname===================
userweb-app  | ===========getbyname===================
userweb-app  | ===========getbyname===================
userweb-app  | ----------------Optional[com.example.demo.model.User@3fe0303]
userweb-app  | ----------------Optional[com.example.demo.model.User@53a235f3]
userweb-app  | ===========getbyname===================
userweb-app  | ----------------Optional[com.example.demo.model.User@1d8002ab]
userweb-app  | ===========getbyname===================
userweb-app  | ----------------Optional[com.example.demo.model.User@7024fbfa]
userweb-app  | ----------------Optional[com.example.demo.model.User@3540b1fc]
userweb-app  | JWT 驗證失敗 | Thread=http-nio-8080-exec-9 | URI=/api/user/count | Type=MalformedJwtException | Message=Invalid compact JWT string: Compact JWSs must contain exactly 2 period characters, and compact JWEs must contain exactly 4.  Found: 0
userweb-app  | JWT 驗證失敗 | Thread=http-nio-8080-exec-9 | URI=/api/user/search | Type=MalformedJwtException | Message=Invalid compact JWT string: Compact JWSs must contain exactly 2 period characters, and compact JWEs must contain exactly 4.  Found: 0
userweb-app  | ===========getbyname===================
userweb-app  | ===========getbyname===================
userweb-app  | ===========getbyname===================
userweb-app  | ----------------Optional[com.example.demo.model.User@21d6736]
userweb-app  | ===========getbyname===================
userweb-app  | ----------------Optional[com.example.demo.model.User@74e1213a]
userweb-app  | ===========getbyname===================
userweb-app  | ----------------Optional[com.example.demo.model.User@7459909]
userweb-app  | ----------------Optional[com.example.demo.model.User@57543a72]
userweb-app  | ===========getbyname===================
userweb-app  | ----------------Optional[com.example.demo.model.User@222ad485]
userweb-app  | JWT 驗證失敗 | Thread=http-nio-8080-exec-54 | URI=/api/user/count | Type=MalformedJwtException | Message=Invalid compact JWT string: Compact JWSs must contain exactly 2 period characters, and compact JWEs must contain exactly 4.  Found: 0
userweb-app  | ----------------Optional[com.example.demo.model.User@5e893384]
userweb-app  | JWT 驗證失敗 | Thread=http-nio-8080-exec-50 | URI=/api/user/search | Type=MalformedJwtException | Message=Invalid compact JWT string: Compact JWSs must contain exactly 2 period characters, and compact JWEs must contain exactly 4.  Found: 0
userweb-app  | JWT 驗證失敗 | Thread=http-nio-8080-exec-6 | URI=/api/user/search | Type=MalformedJwtException | Message=Invalid compact JWT string: Compact JWSs must contain exactly 2 period characters, and compact JWEs must contain exactly 4.  Found: 0
userweb-app  | JWT 驗證失敗 | Thread=http-nio-8080-exec-9 | URI=/api/user/count | Type=MalformedJwtException | Message=Invalid compact JWT string: Compact JWSs must contain exactly 2 period characters, and compact JWEs must contain exactly 4.  Found: 0
userweb-app  | JWT 驗證失敗 | Thread=http-nio-8080-exec-19 | URI=/api/user/count | Type=MalformedJwtException | Message=Invalid compact JWT string: Compact JWSs must contain exactly 2 period characters, and compact JWEs must contain exactly 4.  Found: 0
userweb-app  | ===========getbyname===================
userweb-app  | ===========getbyname===================
userweb-app  | ----------------Optional[com.example.demo.model.User@46d1cfb9]
userweb-app  | JWT 驗證失敗 | Thread=http-nio-8080-exec-10 | URI=/api/user/count | Type=MalformedJwtException | Message=Invalid compact JWT string: Compact JWSs must contain exactly 2 period characters, and compact JWEs must contain exactly 4.  Found: 0
userweb-app  | JWT 驗證失敗 | Thread=http-nio-8080-exec-31 | URI=/api/user/count | Type=MalformedJwtException | Message=Invalid compact JWT string: Compact JWSs must contain exactly 2 period characters, and compact JWEs must contain exactly 4.  Found: 0
userweb-app  | ===========getbyname===================
userweb-app  | JWT 驗證失敗 | Thread=http-nio-8080-exec-24 | URI=/api/user/search | Type=MalformedJwtException | Message=Invalid compact JWT string: Compact JWSs must contain exactly 2 period characters, and compact JWEs must contain exactly 4.  Found: 0
userweb-app  | JWT 驗證失敗 | Thread=http-nio-8080-exec-24 | URI=/api/user/count | Type=MalformedJwtException | Message=Invalid compact JWT string: Compact JWSs must contain exactly 2 period characters, and compact JWEs must contain exactly 4.  Found: 0
userweb-app  | JWT 驗證失敗 | Thread=http-nio-8080-exec-24 | URI=/api/user/count | Type=MalformedJwtException | Message=Invalid compact JWT string: Compact JWSs must contain exactly 2 period characters, and compact JWEs must contain exactly 4.  Found: 0
userweb-app  | ===========getbyname===================
userweb-app  | ===========getbyname===================
userweb-app  | ----------------Optional[com.example.demo.model.User@2f5f655d]
userweb-app  | ===========getbyname===================
userweb-app  | JWT 驗證失敗 | Thread=http-nio-8080-exec-6 | URI=/api/user/count | Type=MalformedJwtException | Message=Invalid compact JWT string: Compact JWSs must contain exactly 2 period characters, and compact JWEs must contain exactly 4.  Found: 0
userweb-app  | JWT 驗證失敗 | Thread=http-nio-8080-exec-46 | URI=/api/user/count | Type=MalformedJwtException | Message=Invalid compact JWT string: Compact JWSs must contain exactly 2 period characters, and compact JWEs must contain exactly 4.  Found: 0
userweb-app  | ----------------Optional[com.example.demo.model.User@4b90701b]
userweb-app  | ----------------Optional[com.example.demo.model.User@11a64c3b]
userweb-app  | ----------------Optional[com.example.demo.model.User@3732c8a]
userweb-app  | ----------------Optional[com.example.demo.model.User@428e00d]
userweb-app  | ===========getbyname===================
userweb-app  | ===========getbyname===================
userweb-app  | ===========getbyname===================
userweb-app  | ----------------Optional[com.example.demo.model.User@7c4d3591]
userweb-app  | ===========getbyname===================
userweb-app  | ===========getbyname===================
userweb-app  | ===========getbyname===================
userweb-app  | ===========getbyname===================
userweb-app  | ===========getbyname===================
userweb-app  | JWT 驗證失敗 | Thread=http-nio-8080-exec-30 | URI=/api/user/search | Type=MalformedJwtException | Message=Invalid compact JWT string: Compact JWSs must contain exactly 2 period characters, and compact JWEs must contain exactly 4.  Found: 0
userweb-app  | JWT 驗證失敗 | Thread=http-nio-8080-exec-23 | URI=/api/user/count | Type=MalformedJwtException | Message=Invalid compact JWT string: Compact JWSs must contain exactly 2 period characters, and compact JWEs must contain exactly 4.  Found: 0
userweb-app  | ----------------Optional[com.example.demo.model.User@1de5e433]
userweb-app  | ----------------Optional[com.example.demo.model.User@513ccb73]
userweb-app  | ===========getbyname===================
userweb-app  | ----------------Optional[com.example.demo.model.User@a721eaa]
userweb-app  | ----------------Optional[com.example.demo.model.User@2caa7d98]
userweb-app  | ----------------Optional[com.example.demo.model.User@48aef2af]
userweb-app  | JWT 驗證失敗 | Thread=http-nio-8080-exec-17 | URI=/api/user/search | Type=MalformedJwtException | Message=Invalid compact JWT string: Compact JWSs must contain exactly 2 period characters, and compact JWEs must contain exactly 4.  Found: 0
userweb-app  | JWT 驗證失敗 | Thread=http-nio-8080-exec-17 | URI=/api/user/search | Type=MalformedJwtException | Message=Invalid compact JWT string: Compact JWSs must contain exactly 2 period characters, and compact JWEs must contain exactly 4.  Found: 0
userweb-app  | ===========getbyname===================
userweb-app  | ===========getbyname===================
userweb-app  | ===========getbyname===================
userweb-app  | ===========getbyname===================
userweb-app  | ----------------Optional[com.example.demo.model.User@72ec0291]
userweb-app  | JWT 驗證失敗 | Thread=http-nio-8080-exec-7 | URI=/api/user/count | Type=MalformedJwtException | Message=Invalid compact JWT string: Compact JWSs must contain exactly 2 period characters, and compact JWEs must contain exactly 4.  Found: 0
userweb-app  | ----------------Optional[com.example.demo.model.User@496dcf13]
userweb-app  | ===========getbyname===================
userweb-app  | ===========getbyname===================
userweb-app  | ----------------Optional[com.example.demo.model.User@57495411]
userweb-app  | ----------------Optional[com.example.demo.model.User@6f6a921]
userweb-app  | ===========getbyname===================
userweb-app  | ----------------Optional[com.example.demo.model.User@16d57720]
userweb-app  | ----------------Optional[com.example.demo.model.User@39cd9517]
userweb-app  | ===========getbyname===================
userweb-app  | ----------------Optional[com.example.demo.model.User@4becc297]
userweb-app  | ----------------Optional[com.example.demo.model.User@3edba1b5]
userweb-app  | JWT 驗證失敗 | Thread=http-nio-8080-exec-48 | URI=/api/user/search | Type=MalformedJwtException | Message=Invalid compact JWT string: Compact JWSs must contain exactly 2 period characters, and compact JWEs must contain exactly 4.  Found: 0
userweb-app  | JWT 驗證失敗 | Thread=http-nio-8080-exec-17 | URI=/api/user/count | Type=MalformedJwtException | Message=Invalid compact JWT string: Compact JWSs must contain exactly 2 period characters, and compact JWEs must contain exactly 4.  Found: 0
userweb-app  | JWT 驗證失敗 | Thread=http-nio-8080-exec-17 | URI=/api/user/search | Type=MalformedJwtException | Message=Invalid compact JWT string: Compact JWSs must contain exactly 2 period characters, and compact JWEs must contain exactly 4.  Found: 0
userweb-app  | ===========getbyname===================
userweb-app  | ----------------Optional[com.example.demo.model.User@51455aac]
userweb-app  | ----------------Optional[com.example.demo.model.User@a8651d2]
userweb-app  | ===========getbyname===================
userweb-app  | ===========getbyname===================
userweb-app  | ===========getbyname===================
userweb-app  | ----------------Optional[com.example.demo.model.User@7624d21]
userweb-app  | ===========getbyname===================
userweb-app  | ----------------Optional[com.example.demo.model.User@423b83f3]
userweb-app  | ===========getbyname===================
userweb-app  | JWT 驗證失敗 | Thread=http-nio-8080-exec-49 | URI=/api/user/count | Type=MalformedJwtException | Message=Invalid compact JWT string: Compact JWSs must contain exactly 2 period characters, and compact JWEs must contain exactly 4.  Found: 0
userweb-app  | ----------------Optional[com.example.demo.model.User@1aba9d01]
userweb-app  | ----------------Optional[com.example.demo.model.User@600fd971]
userweb-app  | JWT 驗證失敗 | Thread=http-nio-8080-exec-49 | URI=/api/user/search | Type=MalformedJwtException | Message=Invalid compact JWT string: Compact JWSs must contain exactly 2 period characters, and compact JWEs must contain exactly 4.  Found: 0
userweb-app  | JWT 驗證失敗 | Thread=http-nio-8080-exec-17 | URI=/api/user/search | Type=MalformedJwtException | Message=Invalid compact JWT string: Compact JWSs must contain exactly 2 period characters, and compact JWEs must contain exactly 4.  Found: 0
userweb-app  | ===========getbyname===================
userweb-app  | ===========getbyname===================
userweb-app  | ===========getbyname===================
userweb-app  | ===========getbyname===================
userweb-app  | ----------------Optional[com.example.demo.model.User@35cd2e00]
userweb-app  | ----------------Optional[com.example.demo.model.User@16249a3a]
userweb-app  | ===========getbyname===================
userweb-app  | ----------------Optional[com.example.demo.model.User@51b7037d]
userweb-app  | ===========getbyname===================
userweb-app  | ----------------Optional[com.example.demo.model.User@59b3b6c4]
userweb-app  | ===========getbyname===================
userweb-app  | ----------------Optional[com.example.demo.model.User@569c380a]
userweb-app  | JWT 驗證失敗 | Thread=http-nio-8080-exec-26 | URI=/api/user/count | Type=MalformedJwtException | Message=Invalid compact JWT string: Compact JWSs must contain exactly 2 period characters, and compact JWEs must contain exactly 4.  Found: 0
userweb-app  | JWT 驗證失敗 | Thread=http-nio-8080-exec-52 | URI=/api/user/count | Type=MalformedJwtException | Message=Invalid compact JWT string: Compact JWSs must contain exactly 2 period characters, and compact JWEs must contain exactly 4.  Found: 0
userweb-app  | ===========getbyname===================
userweb-app  | JWT 驗證失敗 | Thread=http-nio-8080-exec-18 | URI=/api/user/search | Type=MalformedJwtException | Message=Invalid compact JWT string: Compact JWSs must contain exactly 2 period characters, and compact JWEs must contain exactly 4.  Found: 0
userweb-app  | ----------------Optional[com.example.demo.model.User@7f883223]
userweb-app  | ----------------Optional[com.example.demo.model.User@1e4bf1fa]
userweb-app  | JWT 驗證失敗 | Thread=http-nio-8080-exec-17 | URI=/api/user/search | Type=MalformedJwtException | Message=Invalid compact JWT string: Compact JWSs must contain exactly 2 period characters, and compact JWEs must contain exactly 4.  Found: 0
userweb-app  | JWT 驗證失敗 | Thread=http-nio-8080-exec-52 | URI=/api/user/count | Type=MalformedJwtException | Message=Invalid compact JWT string: Compact JWSs must contain exactly 2 period characters, and compact JWEs must contain exactly 4.  Found: 0
userweb-app  | ===========getbyname===================
userweb-app  | ===========getbyname===================
userweb-app  | ===========getbyname===================
userweb-app  | ===========getbyname===================
userweb-app  | ===========getbyname===================
userweb-app  | ----------------Optional[com.example.demo.model.User@7f1de18f]
userweb-app  | ----------------Optional[com.example.demo.model.User@59b5410d]
userweb-app  | ===========getbyname===================
userweb-app  | ===========getbyname===================
userweb-app  | ----------------Optional[com.example.demo.model.User@3b9b10cc]
userweb-app  | ===========getbyname===================
userweb-app  | ----------------Optional[com.example.demo.model.User@22f2aff9]
userweb-app  | ===========getbyname===================
userweb-app  | ----------------Optional[com.example.demo.model.User@6ee16687]
userweb-app  | ----------------Optional[com.example.demo.model.User@480e262f]
userweb-app  | JWT 驗證失敗 | Thread=http-nio-8080-exec-4 | URI=/api/user/count | Type=MalformedJwtException | Message=Invalid compact JWT string: Compact JWSs must contain exactly 2 period characters, and compact JWEs must contain exactly 4.  Found: 0
userweb-app  | JWT 驗證失敗 | Thread=http-nio-8080-exec-4 | URI=/api/user | Type=MalformedJwtException | Message=Invalid compact JWT string: Compact JWSs must contain exactly 2 period characters, and compact JWEs must contain exactly 4.  Found: 0
userweb-app  | ----------------Optional[com.example.demo.model.User@6401d0fd]
userweb-app  | ===========getbyname===================
userweb-app  | JWT 驗證失敗 | Thread=http-nio-8080-exec-28 | URI=/api/user/count | Type=MalformedJwtException | Message=Invalid compact JWT string: Compact JWSs must contain exactly 2 period characters, and compact JWEs must contain exactly 4.  Found: 0
userweb-app  | ----------------Optional[com.example.demo.model.User@45bee940]
userweb-app  | ===========getbyname===================
userweb-app  | ----------------Optional[com.example.demo.model.User@6f3bee93]
userweb-app  | ----------------Optional[com.example.demo.model.User@2e9ad6bb]
userweb-app  | ===========getbyname===================
userweb-app  | ===========getbyname===================
userweb-app  | ----------------Optional[com.example.demo.model.User@3ada6b22]
userweb-app  | ----------------Optional[com.example.demo.model.User@5578b319]
userweb-app  | ----------------Optional[com.example.demo.model.User@600b81a7]
userweb-app  | JWT 驗證失敗 | Thread=http-nio-8080-exec-42 | URI=/api/user/search | Type=MalformedJwtException | Message=Invalid compact JWT string: Compact JWSs must contain exactly 2 period characters, and compact JWEs must contain exactly 4.  Found: 0
userweb-app  | ----------------Optional[com.example.demo.model.User@5979e89f]
userweb-app  | JWT 驗證失敗 | Thread=http-nio-8080-exec-43 | URI=/api/user/search | Type=MalformedJwtException | Message=Invalid compact JWT string: Compact JWSs must contain exactly 2 period characters, and compact JWEs must contain exactly 4.  Found: 0
userweb-app  | ===========getbyname===================
userweb-app  | ----------------Optional[com.example.demo.model.User@9c66dbf]
userweb-app  | ===========getbyname===================
userweb-app  | ===========getbyname===================
userweb-app  | ===========getbyname===================
userweb-app  | JWT 驗證失敗 | Thread=http-nio-8080-exec-42 | URI=/api/user/count | Type=MalformedJwtException | Message=Invalid compact JWT string: Compact JWSs must contain exactly 2 period characters, and compact JWEs must contain exactly 4.  Found: 0
userweb-app  | ===========getbyname===================
userweb-app  | ----------------Optional[com.example.demo.model.User@518c91fa]
userweb-app  | ----------------Optional[com.example.demo.model.User@18c5db8c]
userweb-app  | JWT 驗證失敗 | Thread=http-nio-8080-exec-55 | URI=/api/user/count | Type=MalformedJwtException | Message=Invalid compact JWT string: Compact JWSs must contain exactly 2 period characters, and compact JWEs must contain exactly 4.  Found: 0
userweb-app  | ===========getbyname===================
userweb-app  | ----------------Optional[com.example.demo.model.User@228ca3ba]
userweb-app  | ===========getbyname===================
userweb-app  | ----------------Optional[com.example.demo.model.User@49949940]
userweb-app  | ----------------Optional[com.example.demo.model.User@396f4a87]
userweb-app  | JWT 驗證失敗 | Thread=http-nio-8080-exec-32 | URI=/api/user/count | Type=MalformedJwtException | Message=Invalid compact JWT string: Compact JWSs must contain exactly 2 period characters, and compact JWEs must contain exactly 4.  Found: 0
userweb-app  | ----------------Optional[com.example.demo.model.User@3ab64d4a]
userweb-app  | ===========getbyname===================
userweb-app  | JWT 驗證失敗 | Thread=http-nio-8080-exec-56 | URI=/api/user/search | Type=MalformedJwtException | Message=Invalid compact JWT string: Compact JWSs must contain exactly 2 period characters, and compact JWEs must contain exactly 4.  Found: 0
userweb-app  | ----------------Optional[com.example.demo.model.User@1707ff13]
userweb-app  | JWT 驗證失敗 | Thread=http-nio-8080-exec-62 | URI=/api/user/count | Type=MalformedJwtException | Message=Invalid compact JWT string: Compact JWSs must contain exactly 2 period characters, and compact JWEs must contain exactly 4.  Found: 0
userweb-app  | ===========getbyname===================
userweb-app  | JWT 驗證失敗 | Thread=http-nio-8080-exec-23 | URI=/api/user/search | Type=MalformedJwtException | Message=Invalid compact JWT string: Compact JWSs must contain exactly 2 period characters, and compact JWEs must contain exactly 4.  Found: 0
userweb-app  | ----------------Optional[com.example.demo.model.User@47521a96]
userweb-app  | ----------------Optional[com.example.demo.model.User@1b08c1f]
userweb-app  | ----------------Optional[com.example.demo.model.User@dda8d42]
userweb-app  | JWT 驗證失敗 | Thread=http-nio-8080-exec-54 | URI=/api/user/count | Type=MalformedJwtException | Message=Invalid compact JWT string: Compact JWSs must contain exactly 2 period characters, and compact JWEs must contain exactly 4.  Found: 0
userweb-app  | ----------------Optional[com.example.demo.model.User@3d83a368]
userweb-app  | ===========getbyname===================
userweb-app  | JWT 驗證失敗 | Thread=http-nio-8080-exec-25 | URI=/api/user | Type=MalformedJwtException | Message=Invalid compact JWT string: Compact JWSs must contain exactly 2 period characters, and compact JWEs must contain exactly 4.  Found: 0
userweb-app  | ----------------Optional[com.example.demo.model.User@c706cf3]
userweb-app  | ===========getbyname===================
userweb-app  | ----------------Optional[com.example.demo.model.User@8eef61b]
userweb-app  | ----------------Optional[com.example.demo.model.User@48578c62]
userweb-app  | ===========getbyname===================
userweb-app  | ===========getbyname===================
userweb-app  | JWT 驗證失敗 | Thread=http-nio-8080-exec-15 | URI=/api/user/search | Type=MalformedJwtException | Message=Invalid compact JWT string: Compact JWSs must contain exactly 2 period characters, and compact JWEs must contain exactly 4.  Found: 0
userweb-app  | ----------------Optional[com.example.demo.model.User@65e48f75]
userweb-app  | ----------------Optional[com.example.demo.model.User@7dddcab7]
userweb-app  | ===========getbyname===================
userweb-app  | ----------------Optional[com.example.demo.model.User@6b143c39]
userweb-app  | ===========getbyname===================
userweb-app  | ----------------Optional[com.example.demo.model.User@2ed89478]
userweb-app  | JWT 驗證失敗 | Thread=http-nio-8080-exec-64 | URI=/api/user/count | Type=MalformedJwtException | Message=Invalid compact JWT string: Compact JWSs must contain exactly 2 period characters, and compact JWEs must contain exactly 4.  Found: 0
userweb-app  | ===========getbyname===================
userweb-app  | ===========getbyname===================
userweb-app  | ----------------Optional[com.example.demo.model.User@6ae3f620]
userweb-app  | ----------------Optional[com.example.demo.model.User@c690225]
userweb-app  | ----------------Optional[com.example.demo.model.User@6dcb1df5]
userweb-app  | ----------------Optional[com.example.demo.model.User@3a6c356e]
userweb-app  | ===========getbyname===================
userweb-app  | ===========getbyname===================
userweb-app  | JWT 驗證失敗 | Thread=http-nio-8080-exec-17 | URI=/api/user/search | Type=MalformedJwtException | Message=Invalid compact JWT string: Compact JWSs must contain exactly 2 period characters, and compact JWEs must contain exactly 4.  Found: 0
userweb-app  | ----------------Optional[com.example.demo.model.User@4f53f9cf]
userweb-app  | ----------------Optional[com.example.demo.model.User@d947d54]
userweb-app  | ----------------Optional[com.example.demo.model.User@33f760bc]
userweb-app  | ----------------Optional[com.example.demo.model.User@630e1c49]
userweb-app  | ===========getbyname===================
userweb-app  | ----------------Optional[com.example.demo.model.User@32782fbd]
userweb-app  | ===========getbyname===================
userweb-app  | ----------------Optional[com.example.demo.model.User@569c199e]
userweb-app  | ----------------Optional[com.example.demo.model.User@32636350]
userweb-app  | ===========getbyname===================
userweb-app  | JWT 驗證失敗 | Thread=http-nio-8080-exec-43 | URI=/api/user/search | Type=MalformedJwtException | Message=Invalid compact JWT string: Compact JWSs must contain exactly 2 period characters, and compact JWEs must contain exactly 4.  Found: 0
userweb-app  | JWT 驗證失敗 | Thread=http-nio-8080-exec-43 | URI=/api/user/search | Type=MalformedJwtException | Message=Invalid compact JWT string: Compact JWSs must contain exactly 2 period characters, and compact JWEs must contain exactly 4.  Found: 0
userweb-app  | JWT 驗證失敗 | Thread=http-nio-8080-exec-3 | URI=/api/user/search | Type=MalformedJwtException | Message=Invalid compact JWT string: Compact JWSs must contain exactly 2 period characters, and compact JWEs must contain exactly 4.  Found: 0
userweb-app  | ----------------Optional[com.example.demo.model.User@52bd31b1]
userweb-app  | ===========getbyname===================
userweb-app  | JWT 驗證失敗 | Thread=http-nio-8080-exec-43 | URI=/api/user/search | Type=MalformedJwtException | Message=Invalid compact JWT string: Compact JWSs must contain exactly 2 period characters, and compact JWEs must contain exactly 4.  Found: 0
userweb-app  | ===========getbyname===================
userweb-app  | ===========getbyname===================
userweb-app  | ===========getbyname===================
userweb-app  | ----------------Optional[com.example.demo.model.User@4af99f52]
userweb-app  | ----------------Optional[com.example.demo.model.User@50d77662]
userweb-app  | JWT 驗證失敗 | Thread=http-nio-8080-exec-33 | URI=/api/user/count | Type=MalformedJwtException | Message=Invalid compact JWT string: Compact JWSs must contain exactly 2 period characters, and compact JWEs must contain exactly 4.  Found: 0
userweb-app  | ----------------Optional[com.example.demo.model.User@1569c714]
userweb-app  | ===========getbyname===================
userweb-app  | ===========getbyname===================
userweb-app  | ----------------Optional[com.example.demo.model.User@438e0422]
userweb-app  | JWT 驗證失敗 | Thread=http-nio-8080-exec-17 | URI=/api/user/users | Type=MalformedJwtException | Message=Invalid compact JWT string: Compact JWSs must contain exactly 2 period characters, and compact JWEs must contain exactly 4.  Found: 0
userweb-app  | JWT 驗證失敗 | Thread=http-nio-8080-exec-20 | URI=/api/user | Type=MalformedJwtException | Message=Invalid compact JWT string: Compact JWSs must contain exactly 2 period characters, and compact JWEs must contain exactly 4.  Found: 0
userweb-app  | ===========getbyname===================
userweb-app  | ===========getbyname===================
userweb-app  | ----------------Optional[com.example.demo.model.User@3007bad9]
userweb-app  | JWT 驗證失敗 | Thread=http-nio-8080-exec-26 | URI=/api/user/count | Type=MalformedJwtException | Message=Invalid compact JWT string: Compact JWSs must contain exactly 2 period characters, and compact JWEs must contain exactly 4.  Found: 0
userweb-app  | ----------------Optional[com.example.demo.model.User@67163c94]
userweb-app  | ===========getbyname===================
userweb-app  | JWT 驗證失敗 | Thread=http-nio-8080-exec-12 | URI=/api/user | Type=MalformedJwtException | Message=Invalid compact JWT string: Compact JWSs must contain exactly 2 period characters, and compact JWEs must contain exactly 4.  Found: 0
userweb-app  | ===========getbyname===================
userweb-app  | JWT 驗證失敗 | Thread=http-nio-8080-exec-24 | URI=/api/user/count | Type=MalformedJwtException | Message=Invalid compact JWT string: Compact JWSs must contain exactly 2 period characters, and compact JWEs must contain exactly 4.  Found: 0
userweb-app  | ----------------Optional[com.example.demo.model.User@6b198ef4]
userweb-app  | ===========getbyname===================
userweb-app  | ===========getbyname===================
userweb-app  | ----------------Optional[com.example.demo.model.User@7a526786]
userweb-app  | ===========getbyname===================
userweb-app  | ===========getbyname===================
userweb-app  | ----------------Optional[com.example.demo.model.User@3c9869af]
userweb-app  | ===========getbyname===================
userweb-app  | ----------------Optional[com.example.demo.model.User@401a0d73]
userweb-app  | ----------------Optional[com.example.demo.model.User@5526d84b]
userweb-app  | ===========getbyname===================
userweb-app  | ===========getbyname===================
userweb-app  | ===========getbyname===================
userweb-app  | ===========getbyname===================
userweb-app  | ----------------Optional[com.example.demo.model.User@5e8b5c42]
userweb-app  | ----------------Optional[com.example.demo.model.User@621d4fc3]
userweb-app  | ----------------Optional[com.example.demo.model.User@1137c9a3]
userweb-app  | ----------------Optional[com.example.demo.model.User@3aaa66f3]
userweb-app  | ----------------Optional[com.example.demo.model.User@f1e5527]
userweb-app  | ----------------Optional[com.example.demo.model.User@2c0bc2a6]
userweb-app  | ----------------Optional[com.example.demo.model.User@7299fc07]
userweb-app  | JWT 驗證失敗 | Thread=http-nio-8080-exec-44 | URI=/api/user | Type=MalformedJwtException | Message=Invalid compact JWT string: Compact JWSs must contain exactly 2 period characters, and compact JWEs must contain exactly 4.  Found: 0
userweb-app  | ----------------Optional[com.example.demo.model.User@649d28bd]
userweb-app  | JWT 驗證失敗 | Thread=http-nio-8080-exec-53 | URI=/api/user/count | Type=MalformedJwtException | Message=Invalid compact JWT string: Compact JWSs must contain exactly 2 period characters, and compact JWEs must contain exactly 4.  Found: 0
userweb-app  | JWT 驗證失敗 | Thread=http-nio-8080-exec-42 | URI=/api/user/search | Type=MalformedJwtException | Message=Invalid compact JWT string: Compact JWSs must contain exactly 2 period characters, and compact JWEs must contain exactly 4.  Found: 0
userweb-app  | JWT 驗證失敗 | Thread=http-nio-8080-exec-42 | URI=/api/user | Type=MalformedJwtException | Message=Invalid compact JWT string: Compact JWSs must contain exactly 2 period characters, and compact JWEs must contain exactly 4.  Found: 0
userweb-app  | ===========getbyname===================
userweb-app  | ===========getbyname===================
userweb-app  | ===========getbyname===================
userweb-app  | ===========getbyname===================
userweb-app  | ----------------Optional[com.example.demo.model.User@628ca249]
userweb-app  | JWT 驗證失敗 | Thread=http-nio-8080-exec-55 | URI=/api/user/users | Type=MalformedJwtException | Message=Invalid compact JWT string: Compact JWSs must contain exactly 2 period characters, and compact JWEs must contain exactly 4.  Found: 0
userweb-app  | ----------------Optional[com.example.demo.model.User@6b14fffe]
userweb-app  | ===========getbyname===================
userweb-app  | ===========getbyname===================
userweb-app  | ----------------Optional[com.example.demo.model.User@1dea5978]
userweb-app  | JWT 驗證失敗 | Thread=http-nio-8080-exec-48 | URI=/api/user/count | Type=MalformedJwtException | Message=Invalid compact JWT string: Compact JWSs must contain exactly 2 period characters, and compact JWEs must contain exactly 4.  Found: 0
userweb-app  | ----------------Optional[com.example.demo.model.User@403ab967]
userweb-app  | ===========getbyname===================
userweb-app  | JWT 驗證失敗 | Thread=http-nio-8080-exec-17 | URI=/api/user/count | Type=MalformedJwtException | Message=Invalid compact JWT string: Compact JWSs must contain exactly 2 period characters, and compact JWEs must contain exactly 4.  Found: 0
userweb-app  | ===========getbyname===================
userweb-app  | ===========getbyname===================
userweb-app  | ===========getbyname===================
userweb-app  | ----------------Optional[com.example.demo.model.User@2598ace5]
userweb-app  | ===========getbyname===================
userweb-app  | ----------------Optional[com.example.demo.model.User@7f53346e]
userweb-app  | JWT 驗證失敗 | Thread=http-nio-8080-exec-48 | URI=/api/user/count | Type=MalformedJwtException | Message=Invalid compact JWT string: Compact JWSs must contain exactly 2 period characters, and compact JWEs must contain exactly 4.  Found: 0
userweb-app  | ===========getbyname===================
userweb-app  | ===========getbyname===================
userweb-app  | JWT 驗證失敗 | Thread=http-nio-8080-exec-54 | URI=/api/user/count | Type=MalformedJwtException | Message=Invalid compact JWT string: Compact JWSs must contain exactly 2 period characters, and compact JWEs must contain exactly 4.  Found: 0
userweb-app  | ----------------Optional[com.example.demo.model.User@315317b]
userweb-app  | ===========getbyname===================
userweb-app  | ----------------Optional[com.example.demo.model.User@3655b084]
userweb-app  | ----------------Optional[com.example.demo.model.User@45f432d9]
userweb-app  | ===========getbyname===================
userweb-app  | ===========getbyname===================
userweb-app  | ===========getbyname===================
userweb-app  | ===========getbyname===================
userweb-app  | ===========getbyname===================
userweb-app  | ----------------Optional[com.example.demo.model.User@b9a77b7]
userweb-app  | ----------------Optional[com.example.demo.model.User@a1de00c]
userweb-app  | ===========getbyname===================
userweb-app  | ===========getbyname===================
userweb-app  | JWT 驗證失敗 | Thread=http-nio-8080-exec-37 | URI=/api/user/count | Type=MalformedJwtException | Message=Invalid compact JWT string: Compact JWSs must contain exactly 2 period characters, and compact JWEs must contain exactly 4.  Found: 0
userweb-app  | ===========getbyname===================
userweb-app  | ----------------Optional[com.example.demo.model.User@2ce08dfe]
userweb-app  | JWT 驗證失敗 | Thread=http-nio-8080-exec-38 | URI=/api/user/users | Type=MalformedJwtException | Message=Invalid compact JWT string: Compact JWSs must contain exactly 2 period characters, and compact JWEs must contain exactly 4.  Found: 0
userweb-app  | ----------------Optional[com.example.demo.model.User@65223eef]
userweb-app  | ===========getbyname===================
userweb-app  | ===========getbyname===================
userweb-app  | ===========getbyname===================
userweb-app  | ----------------Optional[com.example.demo.model.User@741d08fe]
userweb-app  | ----------------Optional[com.example.demo.model.User@60e7b90e]
userweb-app  | ===========getbyname===================
userweb-app  | ===========getbyname===================
userweb-app  | ===========getbyname===================
userweb-app  | ===========getbyname===================
userweb-app  | ----------------Optional[com.example.demo.model.User@759f531e]
userweb-app  | ===========getbyname===================
userweb-app  | ----------------Optional[com.example.demo.model.User@6182e8e6]
userweb-app  | ----------------Optional[com.example.demo.model.User@33dc4be]
userweb-app  | JWT 驗證失敗 | Thread=http-nio-8080-exec-68 | URI=/api/user | Type=MalformedJwtException | Message=Invalid compact JWT string: Compact JWSs must contain exactly 2 period characters, and compact JWEs must contain exactly 4.  Found: 0
userweb-app  | ===========getbyname===================
userweb-app  | ===========getbyname===================
userweb-app  | JWT 驗證失敗 | Thread=http-nio-8080-exec-38 | URI=/api/user/users | Type=MalformedJwtException | Message=Invalid compact JWT string: Compact JWSs must contain exactly 2 period characters, and compact JWEs must contain exactly 4.  Found: 0
userweb-app  | ----------------Optional[com.example.demo.model.User@143b4d34]
userweb-app  | ===========getbyname===================
userweb-app  | ===========getbyname===================
userweb-app  | ===========getbyname===================
userweb-app  | ===========getbyname===================
userweb-app  | ----------------Optional[com.example.demo.model.User@6e422fae]
userweb-app  | JWT 驗證失敗 | Thread=http-nio-8080-exec-62 | URI=/api/user/count | Type=MalformedJwtException | Message=Invalid compact JWT string: Compact JWSs must contain exactly 2 period characters, and compact JWEs must contain exactly 4.  Found: 0
userweb-app  | ----------------Optional[com.example.demo.model.User@2789a2a9]
userweb-app  | JWT 驗證失敗 | Thread=http-nio-8080-exec-15 | URI=/api/user/search | Type=MalformedJwtException | Message=Invalid compact JWT string: Compact JWSs must contain exactly 2 period characters, and compact JWEs must contain exactly 4.  Found: 0
userweb-app  | ----------------Optional[com.example.demo.model.User@5609505f]
userweb-app  | JWT 驗證失敗 | Thread=http-nio-8080-exec-15 | URI=/api/user/users | Type=MalformedJwtException | Message=Invalid compact JWT string: Compact JWSs must contain exactly 2 period characters, and compact JWEs must contain exactly 4.  Found: 0
userweb-app  | JWT 驗證失敗 | Thread=http-nio-8080-exec-61 | URI=/api/user/count | Type=MalformedJwtException | Message=Invalid compact JWT string: Compact JWSs must contain exactly 2 period characters, and compact JWEs must contain exactly 4.  Found: 0
userweb-app  | JWT 驗證失敗 | Thread=http-nio-8080-exec-45 | URI=/api/user | Type=MalformedJwtException | Message=Invalid compact JWT string: Compact JWSs must contain exactly 2 period characters, and compact JWEs must contain exactly 4.  Found: 0
userweb-app  | JWT 驗證失敗 | Thread=http-nio-8080-exec-30 | URI=/api/userContent | Type=MalformedJwtException | Message=Invalid compact JWT string: Compact JWSs must contain exactly 2 period characters, and compact JWEs must contain exactly 4.  Found: 0
userweb-app  | ===========getbyname===================
userweb-app  | JWT 驗證失敗 | Thread=http-nio-8080-exec-59 | URI=/api/user/count | Type=MalformedJwtException | Message=Invalid compact JWT string: Compact JWSs must contain exactly 2 period characters, and compact JWEs must contain exactly 4.  Found: 0
userweb-app  | JWT 驗證失敗 | Thread=http-nio-8080-exec-16 | URI=/api/user/search | Type=MalformedJwtException | Message=Invalid compact JWT string: Compact JWSs must contain exactly 2 period characters, and compact JWEs must contain exactly 4.  Found: 0
userweb-app  | JWT 驗證失敗 | Thread=http-nio-8080-exec-16 | URI=/api/user | Type=MalformedJwtException | Message=Invalid compact JWT string: Compact JWSs must contain exactly 2 period characters, and compact JWEs must contain exactly 4.  Found: 0
userweb-app  | ----------------Optional[com.example.demo.model.User@4b5572f8]
userweb-app  | JWT 驗證失敗 | Thread=http-nio-8080-exec-48 | URI=/api/userContent | Type=MalformedJwtException | Message=Invalid compact JWT string: Compact JWSs must contain exactly 2 period characters, and compact JWEs must contain exactly 4.  Found: 0
userweb-app  | ===========getbyname===================
userweb-app  | JWT 驗證失敗 | Thread=http-nio-8080-exec-26 | URI=/api/user/users | Type=MalformedJwtException | Message=Invalid compact JWT string: Compact JWSs must contain exactly 2 period characters, and compact JWEs must contain exactly 4.  Found: 0
userweb-app  | ===========getbyname===================
userweb-app  | ===========getbyname===================
userweb-app  | ===========getbyname===================
userweb-app  | ----------------Optional[com.example.demo.model.User@1debc365]
userweb-app  | ===========getbyname===================
userweb-app  | ===========getbyname===================
userweb-app  | ===========getbyname===================
userweb-app  | ----------------Optional[com.example.demo.model.User@348cb1b5]
userweb-app  | ----------------Optional[com.example.demo.model.User@4dae48a6]
userweb-app  | ----------------Optional[com.example.demo.model.User@26ad1989]
userweb-app  | ===========getbyname===================
userweb-app  | JWT 驗證失敗 | Thread=http-nio-8080-exec-27 | URI=/api/user/count | Type=MalformedJwtException | Message=Invalid compact JWT string: Compact JWSs must contain exactly 2 period characters, and compact JWEs must contain exactly 4.  Found: 0
userweb-app  | ===========getbyname===================
userweb-app  | ----------------Optional[com.example.demo.model.User@2e81c34e]
userweb-app  | ----------------Optional[com.example.demo.model.User@319a260c]
userweb-app  | ----------------Optional[com.example.demo.model.User@eee3014]
userweb-app  | JWT 驗證失敗 | Thread=http-nio-8080-exec-27 | URI=/api/user | Type=MalformedJwtException | Message=Invalid compact JWT string: Compact JWSs must contain exactly 2 period characters, and compact JWEs must contain exactly 4.  Found: 0
userweb-app  | ===========getbyname===================
userweb-app  | ----------------Optional[com.example.demo.model.User@6c98140d]
userweb-app  | ===========getbyname===================
userweb-app  | ===========getbyname===================
userweb-app  | ----------------Optional[com.example.demo.model.User@678a01c7]
userweb-app  | ===========getbyname===================
userweb-app  | ----------------Optional[com.example.demo.model.User@4f23d3df]
userweb-app  | ===========getbyname===================
userweb-app  | JWT 驗證失敗 | Thread=http-nio-8080-exec-31 | URI=/api/user | Type=MalformedJwtException | Message=Invalid compact JWT string: Compact JWSs must contain exactly 2 period characters, and compact JWEs must contain exactly 4.  Found: 0
userweb-app  | ===========getbyname===================
userweb-app  | ===========getbyname===================
userweb-app  | ----------------Optional[com.example.demo.model.User@6afd9385]
userweb-app  | ===========getbyname===================
userweb-app  | ----------------Optional[com.example.demo.model.User@70311adf]
userweb-app  | ----------------Optional[com.example.demo.model.User@2aada7e5]
userweb-app  | JWT 驗證失敗 | Thread=http-nio-8080-exec-23 | URI=/api/userContent | Type=MalformedJwtException | Message=Invalid compact JWT string: Compact JWSs must contain exactly 2 period characters, and compact JWEs must contain exactly 4.  Found: 0
userweb-app  | ----------------Optional[com.example.demo.model.User@6fc93833]
userweb-app  | ===========getbyname===================
userweb-app  | ----------------Optional[com.example.demo.model.User@4f1bc6b9]
userweb-app  | JWT 驗證失敗 | Thread=http-nio-8080-exec-23 | URI=/api/user/users | Type=MalformedJwtException | Message=Invalid compact JWT string: Compact JWSs must contain exactly 2 period characters, and compact JWEs must contain exactly 4.  Found: 0
userweb-app  | ----------------Optional[com.example.demo.model.User@78a7214d]
userweb-app  | ----------------Optional[com.example.demo.model.User@6a0ed15e]
userweb-app  | JWT 驗證失敗 | Thread=http-nio-8080-exec-15 | URI=/api/user/count | Type=MalformedJwtException | Message=Invalid compact JWT string: Compact JWSs must contain exactly 2 period characters, and compact JWEs must contain exactly 4.  Found: 0
userweb-app  | JWT 驗證失敗 | Thread=http-nio-8080-exec-41 | URI=/api/userContent | Type=MalformedJwtException | Message=Invalid compact JWT string: Compact JWSs must contain exactly 2 period characters, and compact JWEs must contain exactly 4.  Found: 0
userweb-app  | JWT 驗證失敗 | Thread=http-nio-8080-exec-23 | URI=/api/userContent | Type=MalformedJwtException | Message=Invalid compact JWT string: Compact JWSs must contain exactly 2 period characters, and compact JWEs must contain exactly 4.  Found: 0
userweb-app  | JWT 驗證失敗 | Thread=http-nio-8080-exec-15 | URI=/api/user/users | Type=MalformedJwtException | Message=Invalid compact JWT string: Compact JWSs must contain exactly 2 period characters, and compact JWEs must contain exactly 4.  Found: 0
userweb-app  | JWT 驗證失敗 | Thread=http-nio-8080-exec-42 | URI=/api/userContent | Type=MalformedJwtException | Message=Invalid compact JWT string: Compact JWSs must contain exactly 2 period characters, and compact JWEs must contain exactly 4.  Found: 0
userweb-app  | ----------------Optional[com.example.demo.model.User@786e163c]
userweb-app  | ----------------Optional[com.example.demo.model.User@f0a96b5]
userweb-app  | ----------------Optional[com.example.demo.model.User@95312bf]
userweb-app  | ----------------Optional[com.example.demo.model.User@1583579c]
userweb-app  | ===========getbyname===================
userweb-app  | ----------------Optional[com.example.demo.model.User@6286802c]
userweb-app  | JWT 驗證失敗 | Thread=http-nio-8080-exec-50 | URI=/api/user | Type=MalformedJwtException | Message=Invalid compact JWT string: Compact JWSs must contain exactly 2 period characters, and compact JWEs must contain exactly 4.  Found: 0
userweb-app  | ----------------Optional[com.example.demo.model.User@7d820829]
userweb-app  | ===========getbyname===================
userweb-app  | ----------------Optional[com.example.demo.model.User@3fe478fe]
userweb-app  | JWT 驗證失敗 | Thread=http-nio-8080-exec-51 | URI=/api/userContent | Type=MalformedJwtException | Message=Invalid compact JWT string: Compact JWSs must contain exactly 2 period characters, and compact JWEs must contain exactly 4.  Found: 0
userweb-app  | ----------------Optional[com.example.demo.model.User@59dfbde7]
userweb-app  | JWT 驗證失敗 | Thread=http-nio-8080-exec-40 | URI=/api/user | Type=MalformedJwtException | Message=Invalid compact JWT string: Compact JWSs must contain exactly 2 period characters, and compact JWEs must contain exactly 4.  Found: 0
userweb-app  | ----------------Optional[com.example.demo.model.User@61463ae5]
userweb-app  | ----------------Optional[com.example.demo.model.User@380663e1]
userweb-app  | ----------------Optional[com.example.demo.model.User@638097ac]
userweb-app  | JWT 驗證失敗 | Thread=http-nio-8080-exec-46 | URI=/api/user/users | Type=MalformedJwtException | Message=Invalid compact JWT string: Compact JWSs must contain exactly 2 period characters, and compact JWEs must contain exactly 4.  Found: 0
userweb-app  | ----------------Optional[com.example.demo.model.User@68cda9b4]
userweb-app  | JWT 驗證失敗 | Thread=http-nio-8080-exec-10 | URI=/api/user/users | Type=MalformedJwtException | Message=Invalid compact JWT string: Compact JWSs must contain exactly 2 period characters, and compact JWEs must contain exactly 4.  Found: 0
userweb-app  | ===========getbyname===================
userweb-app  | ===========getbyname===================
userweb-app  | ----------------Optional[com.example.demo.model.User@1a9d54b9]
userweb-app  | ===========getbyname===================
userweb-app  | ----------------Optional[com.example.demo.model.User@35bcd269]
userweb-app  | ===========getbyname===================
userweb-app  | JWT 驗證失敗 | Thread=http-nio-8080-exec-68 | URI=/api/user | Type=MalformedJwtException | Message=Invalid compact JWT string: Compact JWSs must contain exactly 2 period characters, and compact JWEs must contain exactly 4.  Found: 0
userweb-app  | ----------------Optional[com.example.demo.model.User@675da223]
userweb-app  | ===========getbyname===================
userweb-app  | ----------------Optional[com.example.demo.model.User@4d45b5c3]
userweb-app  | ----------------Optional[com.example.demo.model.User@5131a37d]
userweb-app  | ===========getbyname===================
userweb-app  | ----------------Optional[com.example.demo.model.User@b466742]
userweb-app  | ----------------Optional[com.example.demo.model.User@27d5d355]
userweb-app  | ----------------Optional[com.example.demo.model.User@6d6a4dc5]
userweb-app  | ===========getbyname===================
userweb-app  | ===========getbyname===================
userweb-app  | ===========getbyname===================
userweb-app  | ===========getbyname===================
userweb-app  | ===========getbyname===================
userweb-app  | JWT 驗證失敗 | Thread=http-nio-8080-exec-55 | URI=/api/user/search | Type=MalformedJwtException | Message=Invalid compact JWT string: Compact JWSs must contain exactly 2 period characters, and compact JWEs must contain exactly 4.  Found: 0
userweb-app  | ===========getbyname===================
userweb-app  | ----------------Optional[com.example.demo.model.User@c8d5b]
userweb-app  | JWT 驗證失敗 | Thread=http-nio-8080-exec-62 | URI=/api/user/search | Type=MalformedJwtException | Message=Invalid compact JWT string: Compact JWSs must contain exactly 2 period characters, and compact JWEs must contain exactly 4.  Found: 0
userweb-app  | ----------------Optional[com.example.demo.model.User@286f73f5]
userweb-app  | JWT 驗證失敗 | Thread=http-nio-8080-exec-35 | URI=/api/user/users | Type=MalformedJwtException | Message=Invalid compact JWT string: Compact JWSs must contain exactly 2 period characters, and compact JWEs must contain exactly 4.  Found: 0
userweb-app  | ----------------Optional[com.example.demo.model.User@1e272a91]
userweb-app  | ===========getbyname===================
userweb-app  | ----------------Optional[com.example.demo.model.User@417d4bb1]
userweb-app  | ===========getbyname===================
userweb-app  | ----------------Optional[com.example.demo.model.User@797f6998]
userweb-app  | ===========getbyname===================
userweb-app  | JWT 驗證失敗 | Thread=http-nio-8080-exec-58 | URI=/api/userContent | Type=MalformedJwtException | Message=Invalid compact JWT string: Compact JWSs must contain exactly 2 period characters, and compact JWEs must contain exactly 4.  Found: 0
userweb-app  | ===========getbyname===================
userweb-app  | JWT 驗證失敗 | Thread=http-nio-8080-exec-2 | URI=/api/userContent | Type=MalformedJwtException | Message=Invalid compact JWT string: Compact JWSs must contain exactly 2 period characters, and compact JWEs must contain exactly 4.  Found: 0
userweb-app  | JWT 驗證失敗 | Thread=http-nio-8080-exec-49 | URI=/api/userContent | Type=MalformedJwtException | Message=Invalid compact JWT string: Compact JWSs must contain exactly 2 period characters, and compact JWEs must contain exactly 4.  Found: 0
userweb-app  | ===========getbyname===================
userweb-app  | JWT 驗證失敗 | Thread=http-nio-8080-exec-49 | URI=/api/userContent | Type=MalformedJwtException | Message=Invalid compact JWT string: Compact JWSs must contain exactly 2 period characters, and compact JWEs must contain exactly 4.  Found: 0
userweb-app  | ----------------Optional[com.example.demo.model.User@572a43b4]
userweb-app  | ===========getbyname===================
userweb-app  | ----------------Optional[com.example.demo.model.User@6603f71]
userweb-app  | JWT 驗證失敗 | Thread=http-nio-8080-exec-56 | URI=/api/user | Type=MalformedJwtException | Message=Invalid compact JWT string: Compact JWSs must contain exactly 2 period characters, and compact JWEs must contain exactly 4.  Found: 0
userweb-app  | JWT 驗證失敗 | Thread=http-nio-8080-exec-48 | URI=/api/user | Type=MalformedJwtException | Message=Invalid compact JWT string: Compact JWSs must contain exactly 2 period characters, and compact JWEs must contain exactly 4.  Found: 0
userweb-app  | ===========getbyname===================
userweb-app  | ===========getbyname===================
userweb-app  | JWT 驗證失敗 | Thread=http-nio-8080-exec-48 | URI=/api/user/me | Type=MalformedJwtException | Message=Invalid compact JWT string: Compact JWSs must contain exactly 2 period characters, and compact JWEs must contain exactly 4.  Found: 0
userweb-app  | JWT 驗證失敗 | Thread=http-nio-8080-exec-56 | URI=/api/user/me | Type=MalformedJwtException | Message=Invalid compact JWT string: Compact JWSs must contain exactly 2 period characters, and compact JWEs must contain exactly 4.  Found: 0
userweb-app  | JWT 驗證失敗 | Thread=http-nio-8080-exec-64 | URI=/api/userContent | Type=MalformedJwtException | Message=Invalid compact JWT string: Compact JWSs must contain exactly 2 period characters, and compact JWEs must contain exactly 4.  Found: 0
userweb-app  | ===========getbyname===================
userweb-app  | ===========getbyname===================
userweb-app  | JWT 驗證失敗 | Thread=http-nio-8080-exec-66 | URI=/api/user | Type=MalformedJwtException | Message=Invalid compact JWT string: Compact JWSs must contain exactly 2 period characters, and compact JWEs must contain exactly 4.  Found: 0
userweb-app  | ----------------Optional[com.example.demo.model.User@dff37f8]
userweb-app  | ===========getbyname===================
userweb-app  | ----------------Optional[com.example.demo.model.User@5c3b6499]
userweb-app  | ===========getbyname===================
userweb-app  | ----------------Optional[com.example.demo.model.User@27a60d1c]
userweb-app  | ----------------Optional[com.example.demo.model.User@269aba5c]
userweb-app  | ----------------Optional[com.example.demo.model.User@78712c57]
userweb-app  | ----------------Optional[com.example.demo.model.User@5523510f]
userweb-app  | ----------------Optional[com.example.demo.model.User@58a3edf5]
userweb-app  | ----------------Optional[com.example.demo.model.User@7f3b1bc0]
userweb-app  | ----------------Optional[com.example.demo.model.User@3b0b8a50]
userweb-app  | ----------------Optional[com.example.demo.model.User@16bf582a]
userweb-app  | ----------------Optional[com.example.demo.model.User@6aaf3fed]
userweb-app  | ===========getbyname===================
userweb-app  | ----------------Optional[com.example.demo.model.User@1cb59755]
userweb-app  | ===========getbyname===================
userweb-app  | ----------------Optional[com.example.demo.model.User@2c67dd7d]
userweb-app  | ----------------Optional[com.example.demo.model.User@2d28c8d6]
userweb-app  | ----------------Optional[com.example.demo.model.User@1b5ffc63]
userweb-app  | ===========getbyname===================
userweb-app  | ===========getbyname===================
userweb-app  | ----------------Optional[com.example.demo.model.User@7c5ca19b]
userweb-app  | ----------------Optional[com.example.demo.model.User@2d98a7a4]
userweb-app  | ===========getbyname===================
userweb-app  | ===========getbyname===================
userweb-app  | JWT 驗證失敗 | Thread=http-nio-8080-exec-12 | URI=/api/user/users | Type=MalformedJwtException | Message=Invalid compact JWT string: Compact JWSs must contain exactly 2 period characters, and compact JWEs must contain exactly 4.  Found: 0
userweb-app  | ===========getbyname===================
userweb-app  | ----------------Optional[com.example.demo.model.User@6630cf99]
userweb-app  | JWT 驗證失敗 | Thread=http-nio-8080-exec-20 | URI=/api/userContent | Type=MalformedJwtException | Message=Invalid compact JWT string: Compact JWSs must contain exactly 2 period characters, and compact JWEs must contain exactly 4.  Found: 0
userweb-app  | ----------------Optional[com.example.demo.model.User@3f256d92]
userweb-app  | JWT 驗證失敗 | Thread=http-nio-8080-exec-21 | URI=/api/user/users | Type=MalformedJwtException | Message=Invalid compact JWT string: Compact JWSs must contain exactly 2 period characters, and compact JWEs must contain exactly 4.  Found: 0
userweb-app  | ----------------Optional[com.example.demo.model.User@354d71d2]
userweb-app  | ===========getbyname===================
userweb-app  | JWT 驗證失敗 | Thread=http-nio-8080-exec-39 | URI=/api/userContent | Type=MalformedJwtException | Message=Invalid compact JWT string: Compact JWSs must contain exactly 2 period characters, and compact JWEs must contain exactly 4.  Found: 0
userweb-app  | ===========getbyname===================
userweb-app  | ----------------Optional[com.example.demo.model.User@47443fbe]
userweb-app  | ----------------Optional[com.example.demo.model.User@4f867471]
userweb-app  | ===========getbyname===================
userweb-app  | ----------------Optional[com.example.demo.model.User@15df16e5]
userweb-app  | ----------------Optional[com.example.demo.model.User@1d3f0484]
userweb-app  | ===========getbyname===================
userweb-app  | ===========getbyname===================
userweb-app  | ===========getbyname===================
userweb-app  | JWT 驗證失敗 | Thread=http-nio-8080-exec-61 | URI=/api/user/count | Type=MalformedJwtException | Message=Invalid compact JWT string: Compact JWSs must contain exactly 2 period characters, and compact JWEs must contain exactly 4.  Found: 0
userweb-app  | ----------------Optional[com.example.demo.model.User@5f84bab2]
userweb-app  | ===========getbyname===================
userweb-app  | JWT 驗證失敗 | Thread=http-nio-8080-exec-61 | URI=/api/userContent | Type=MalformedJwtException | Message=Invalid compact JWT string: Compact JWSs must contain exactly 2 period characters, and compact JWEs must contain exactly 4.  Found: 0
userweb-app  | ----------------Optional[com.example.demo.model.User@dae41aa]
userweb-app  | ===========getbyname===================
userweb-app  | ===========getbyname===================
userweb-app  | ===========getbyname===================
userweb-app  | ===========getbyname===================
userweb-app  | ----------------Optional[com.example.demo.model.User@1c4eefd3]
userweb-app  | ----------------Optional[com.example.demo.model.User@687ce900]
userweb-app  | ----------------Optional[com.example.demo.model.User@7b242341]
userweb-app  | ----------------Optional[com.example.demo.model.User@6e50a38]
userweb-app  | ===========getbyname===================
userweb-app  | ===========getbyname===================
userweb-app  | ===========getbyname===================
userweb-app  | ----------------Optional[com.example.demo.model.User@55a37bc5]
userweb-app  | ===========getbyname===================
userweb-app  | ----------------Optional[com.example.demo.model.User@283884c4]
userweb-app  | ===========getbyname===================
userweb-app  | ----------------Optional[com.example.demo.model.User@77db3dde]
userweb-app  | ===========getbyname===================
userweb-app  | ===========getbyname===================
userweb-app  | JWT 驗證失敗 | Thread=http-nio-8080-exec-4 | URI=/api/userContent | Type=MalformedJwtException | Message=Invalid compact JWT string: Compact JWSs must contain exactly 2 period characters, and compact JWEs must contain exactly 4.  Found: 0
userweb-app  | ===========getbyname===================
userweb-app  | ----------------Optional[com.example.demo.model.User@2da867b1]
userweb-app  | ----------------Optional[com.example.demo.model.User@585ad458]
userweb-app  | ===========getbyname===================
userweb-app  | ----------------Optional[com.example.demo.model.User@102eed17]
userweb-app  | ----------------Optional[com.example.demo.model.User@6da05923]
userweb-app  | ===========getbyname===================
userweb-app  | ----------------Optional[com.example.demo.model.User@5ff2e85]
userweb-app  | JWT 驗證失敗 | Thread=http-nio-8080-exec-20 | URI=/api/userContent | Type=MalformedJwtException | Message=Invalid compact JWT string: Compact JWSs must contain exactly 2 period characters, and compact JWEs must contain exactly 4.  Found: 0
userweb-app  | JWT 驗證失敗 | Thread=http-nio-8080-exec-20 | URI=/api/user/me | Type=MalformedJwtException | Message=Invalid compact JWT string: Compact JWSs must contain exactly 2 period characters, and compact JWEs must contain exactly 4.  Found: 0
userweb-app  | JWT 驗證失敗 | Thread=http-nio-8080-exec-40 | URI=/api/userContent | Type=MalformedJwtException | Message=Invalid compact JWT string: Compact JWSs must contain exactly 2 period characters, and compact JWEs must contain exactly 4.  Found: 0
userweb-app  | JWT 驗證失敗 | Thread=http-nio-8080-exec-20 | URI=/api/user/users | Type=MalformedJwtException | Message=Invalid compact JWT string: Compact JWSs must contain exactly 2 period characters, and compact JWEs must contain exactly 4.  Found: 0
userweb-app  | ----------------Optional[com.example.demo.model.User@303a4bb1]
userweb-app  | JWT 驗證失敗 | Thread=http-nio-8080-exec-22 | URI=/api/user/users | Type=MalformedJwtException | Message=Invalid compact JWT string: Compact JWSs must contain exactly 2 period characters, and compact JWEs must contain exactly 4.  Found: 0
userweb-app  | ===========getbyname===================
userweb-app  | ===========getbyname===================
userweb-app  | ----------------Optional[com.example.demo.model.User@3514b43a]
userweb-app  | ===========getbyname===================
userweb-app  | ----------------Optional[com.example.demo.model.User@68fcab]
userweb-app  | ===========getbyname===================
userweb-app  | JWT 驗證失敗 | Thread=http-nio-8080-exec-41 | URI=/api/user/users | Type=MalformedJwtException | Message=Invalid compact JWT string: Compact JWSs must contain exactly 2 period characters, and compact JWEs must contain exactly 4.  Found: 0
userweb-app  | ===========getbyname===================
userweb-app  | ----------------Optional[com.example.demo.model.User@72c43d9a]
userweb-app  | ===========getbyname===================
userweb-app  | ===========getbyname===================
userweb-app  | JWT 驗證失敗 | Thread=http-nio-8080-exec-19 | URI=/api/user/me | Type=MalformedJwtException | Message=Invalid compact JWT string: Compact JWSs must contain exactly 2 period characters, and compact JWEs must contain exactly 4.  Found: 0
userweb-app  | ----------------Optional[com.example.demo.model.User@4e39b648]
userweb-app  | ===========getbyname===================
userweb-app  | ----------------Optional[com.example.demo.model.User@334e89dd]
userweb-app  | ===========getbyname===================
userweb-app  | ===========getbyname===================
userweb-app  | ----------------Optional[com.example.demo.model.User@39811403]
userweb-app  | ===========getbyname===================
userweb-app  | ===========getbyname===================
userweb-app  | ----------------Optional[com.example.demo.model.User@61c277f0]
userweb-app  | ===========getbyname===================
userweb-app  | ===========getbyname===================
userweb-app  | ----------------Optional[com.example.demo.model.User@7a5aba7e]
userweb-app  | ===========getbyname===================
userweb-app  | JWT 驗證失敗 | Thread=http-nio-8080-exec-7 | URI=/api/user/users | Type=MalformedJwtException | Message=Invalid compact JWT string: Compact JWSs must contain exactly 2 period characters, and compact JWEs must contain exactly 4.  Found: 0
userweb-app  | JWT 驗證失敗 | Thread=http-nio-8080-exec-46 | URI=/api/user/count | Type=MalformedJwtException | Message=Invalid compact JWT string: Compact JWSs must contain exactly 2 period characters, and compact JWEs must contain exactly 4.  Found: 0
userweb-app  | ===========getbyname===================
userweb-app  | ----------------Optional[com.example.demo.model.User@4353e97a]
userweb-app  | === USERS === http-nio-8080-exec-19 JWT成功 username=test17
userweb-app  | ===========getbyname===================
userweb-app  | === USERS AUTH === http-nio-8080-exec-19 username=test17
userweb-app  | ----------------Optional[com.example.demo.model.User@50769c6c]
userweb-app  | ----------------Optional[com.example.demo.model.User@677f53]
userweb-app  | JWT 驗證失敗 | Thread=http-nio-8080-exec-51 | URI=/api/userContent | Type=MalformedJwtException | Message=Invalid compact JWT string: Compact JWSs must contain exactly 2 period characters, and compact JWEs must contain exactly 4.  Found: 0
userweb-app  | JWT 驗證失敗 | Thread=http-nio-8080-exec-6 | URI=/api/userContent | Type=MalformedJwtException | Message=Invalid compact JWT string: Compact JWSs must contain exactly 2 period characters, and compact JWEs must contain exactly 4.  Found: 0
userweb-app  | ===========getbyname===================
userweb-app  | ===========getbyname===================
userweb-app  | === USERS === http-nio-8080-exec-34 JWT成功 username=test42
userweb-app  | === USERS AUTH === http-nio-8080-exec-34 username=test42
userweb-app  | ===========getbyname===================
userweb-app  | ----------------Optional[com.example.demo.model.User@27974c84]
userweb-app  | ----------------Optional[com.example.demo.model.User@6f5f6cc2]
userweb-app  | ===========getbyname===================
userweb-app  | ----------------Optional[com.example.demo.model.User@44906878]
userweb-app  | ----------------Optional[com.example.demo.model.User@11948780]
userweb-app  | ===========getbyname===================
userweb-app  | ===========getbyname===================
userweb-app  | ===========getbyname===================
userweb-app  | ===========getbyname===================
userweb-app  | ----------------Optional[com.example.demo.model.User@1040231e]
userweb-app  | ----------------Optional[com.example.demo.model.User@3bfe2d4]
userweb-app  | ----------------Optional[com.example.demo.model.User@6da2badd]
userweb-app  | ===========getbyname===================
userweb-app  | ===========getbyname===================
userweb-app  | JWT 驗證失敗 | Thread=http-nio-8080-exec-22 | URI=/api/userContent | Type=MalformedJwtException | Message=Invalid compact JWT string: Compact JWSs must contain exactly 2 period characters, and compact JWEs must contain exactly 4.  Found: 0
userweb-app  | ----------------Optional[com.example.demo.model.User@62f233cd]
userweb-app  | ----------------Optional[com.example.demo.model.User@16c8e7b9]
userweb-app  | JWT 驗證失敗 | Thread=http-nio-8080-exec-60 | URI=/api/userContent | Type=MalformedJwtException | Message=Invalid compact JWT string: Compact JWSs must contain exactly 2 period characters, and compact JWEs must contain exactly 4.  Found: 0
userweb-app  | JWT 驗證失敗 | Thread=http-nio-8080-exec-4 | URI=/api/user/me | Type=MalformedJwtException | Message=Invalid compact JWT string: Compact JWSs must contain exactly 2 period characters, and compact JWEs must contain exactly 4.  Found: 0
userweb-app  | JWT 驗證失敗 | Thread=http-nio-8080-exec-4 | URI=/api/user/me | Type=MalformedJwtException | Message=Invalid compact JWT string: Compact JWSs must contain exactly 2 period characters, and compact JWEs must contain exactly 4.  Found: 0
userweb-app  | ----------------Optional[com.example.demo.model.User@24cf1cac]
userweb-app  | ===========getbyname===================
userweb-app  | ----------------Optional[com.example.demo.model.User@26ff3c1]
userweb-app  | ----------------Optional[com.example.demo.model.User@5b64ed7a]
userweb-app  | ===========getbyname===================
userweb-app  | ----------------Optional[com.example.demo.model.User@54cee58e]
userweb-app  | ===========getbyname===================
userweb-app  | ===========getbyname===================
userweb-app  | JWT 驗證失敗 | Thread=http-nio-8080-exec-58 | URI=/api/userContent | Type=MalformedJwtException | Message=Invalid compact JWT string: Compact JWSs must contain exactly 2 period characters, and compact JWEs must contain exactly 4.  Found: 0
userweb-app  | JWT 驗證失敗 | Thread=http-nio-8080-exec-13 | URI=/api/userContent | Type=MalformedJwtException | Message=Invalid compact JWT string: Compact JWSs must contain exactly 2 period characters, and compact JWEs must contain exactly 4.  Found: 0
userweb-app  | ----------------Optional[com.example.demo.model.User@29fad2fc]
userweb-app  | ===========getbyname===================
userweb-app  | ----------------Optional[com.example.demo.model.User@327c43d1]
userweb-app  | ----------------Optional[com.example.demo.model.User@68b1f615]
userweb-app  | ===========getbyname===================
userweb-app  | ===========getbyname===================
userweb-app  | ===========getbyname===================
userweb-app  | JWT 驗證失敗 | Thread=http-nio-8080-exec-67 | URI=/api/userContent | Type=MalformedJwtException | Message=Invalid compact JWT string: Compact JWSs must contain exactly 2 period characters, and compact JWEs must contain exactly 4.  Found: 0
userweb-app  | ===========getbyname===================
userweb-app  | ----------------Optional[com.example.demo.model.User@298782cb]
userweb-app  | === USERS === http-nio-8080-exec-68 JWT成功 username=test20
userweb-app  | === USERS AUTH === http-nio-8080-exec-68 username=test20
userweb-app  | ===========getbyname===================
userweb-app  | ----------------Optional[com.example.demo.model.User@234b2fab]
userweb-app  | ----------------Optional[com.example.demo.model.User@547861ac]
userweb-app  | ===========getbyname===================
userweb-app  | ===========getbyname===================
userweb-app  | ----------------Optional[com.example.demo.model.User@635e2591]
userweb-app  | ===========getbyname===================
userweb-app  | JWT 驗證失敗 | Thread=http-nio-8080-exec-6 | URI=/api/userContent | Type=MalformedJwtException | Message=Invalid compact JWT string: Compact JWSs must contain exactly 2 period characters, and compact JWEs must contain exactly 4.  Found: 0
userweb-app  | JWT 驗證失敗 | Thread=http-nio-8080-exec-7 | URI=/api/user | Type=MalformedJwtException | Message=Invalid compact JWT string: Compact JWSs must contain exactly 2 period characters, and compact JWEs must contain exactly 4.  Found: 0
userweb-app  | ----------------Optional[com.example.demo.model.User@6bd653bf]
userweb-app  | ===========getbyname===================
userweb-app  | ----------------Optional[com.example.demo.model.User@7ffd07e8]
userweb-app  | ===========getbyname===================
userweb-app  | JWT 驗證失敗 | Thread=http-nio-8080-exec-41 | URI=/api/userContent | Type=MalformedJwtException | Message=Invalid compact JWT string: Compact JWSs must contain exactly 2 period characters, and compact JWEs must contain exactly 4.  Found: 0
userweb-app  | JWT 驗證失敗 | Thread=http-nio-8080-exec-64 | URI=/api/userContent | Type=MalformedJwtException | Message=Invalid compact JWT string: Compact JWSs must contain exactly 2 period characters, and compact JWEs must contain exactly 4.  Found: 0
userweb-app  | ===========getbyname===================
userweb-app  | JWT 驗證失敗 | Thread=http-nio-8080-exec-7 | URI=/api/userContent | Type=MalformedJwtException | Message=Invalid compact JWT string: Compact JWSs must contain exactly 2 period characters, and compact JWEs must contain exactly 4.  Found: 0
userweb-app  | ----------------Optional[com.example.demo.model.User@d09c7f6]
userweb-app  | ===========getbyname===================
userweb-app  | ===========getbyname===================
userweb-app  | ===========getbyname===================
userweb-app  | ===========getbyname===================
userweb-app  | ----------------Optional[com.example.demo.model.User@281a21e6]
userweb-app  | ----------------Optional[com.example.demo.model.User@7f61dba2]
userweb-app  | ----------------Optional[com.example.demo.model.User@66da0e3]
userweb-app  | ----------------Optional[com.example.demo.model.User@2271175d]
userweb-app  | ----------------Optional[com.example.demo.model.User@ce30d46]
userweb-app  | ----------------Optional[com.example.demo.model.User@7b3adfa4]
userweb-app  | ===========getbyname===================
userweb-app  | ----------------Optional[com.example.demo.model.User@40fb9387]
userweb-app  | ----------------Optional[com.example.demo.model.User@43809208]
userweb-app  | ===========getbyname===================
userweb-app  | ----------------Optional[com.example.demo.model.User@744acff5]
userweb-app  | === USERS === http-nio-8080-exec-31 JWT成功 username=test31
userweb-app  | === USERS AUTH === http-nio-8080-exec-31 username=test31
userweb-app  | ===========getbyname===================
userweb-app  | ===========getbyname===================
userweb-app  | ----------------Optional[com.example.demo.model.User@28046992]
userweb-app  | ----------------Optional[com.example.demo.model.User@6dc0dd72]
userweb-app  | ===========getbyname===================
userweb-app  | JWT 驗證失敗 | Thread=http-nio-8080-exec-17 | URI=/api/user | Type=MalformedJwtException | Message=Invalid compact JWT string: Compact JWSs must contain exactly 2 period characters, and compact JWEs must contain exactly 4.  Found: 0
userweb-app  | ----------------Optional[com.example.demo.model.User@494cd486]
userweb-app  | ===========getbyname===================
userweb-app  | ===========getbyname===================
userweb-app  | ===========getbyname===================
userweb-app  | ----------------Optional[com.example.demo.model.User@1e1ad66e]
userweb-app  | JWT 驗證失敗 | Thread=http-nio-8080-exec-55 | URI=/api/user/me | Type=MalformedJwtException | Message=Invalid compact JWT string: Compact JWSs must contain exactly 2 period characters, and compact JWEs must contain exactly 4.  Found: 0
userweb-app  | ----------------Optional[com.example.demo.model.User@1df8b45d]
userweb-app  | ===========getbyname===================
userweb-app  | ===========getbyname===================
userweb-app  | ----------------Optional[com.example.demo.model.User@3824053f]
userweb-app  | JWT 驗證失敗 | Thread=http-nio-8080-exec-33 | URI=/api/user/me | Type=MalformedJwtException | Message=Invalid compact JWT string: Compact JWSs must contain exactly 2 period characters, and compact JWEs must contain exactly 4.  Found: 0
userweb-app  | ===========getbyname===================
userweb-app  | ===========getbyname===================
userweb-app  | === USERS === http-nio-8080-exec-1 JWT成功 username=test50
userweb-app  | === USERS AUTH === http-nio-8080-exec-1 username=test50
userweb-app  | JWT 驗證失敗 | Thread=http-nio-8080-exec-51 | URI=/api/userContent | Type=MalformedJwtException | Message=Invalid compact JWT string: Compact JWSs must contain exactly 2 period characters, and compact JWEs must contain exactly 4.  Found: 0
userweb-app  | ----------------Optional[com.example.demo.model.User@6ace149c]
userweb-app  | ----------------Optional[com.example.demo.model.User@41e6596e]
userweb-app  | ===========getbyname===================
userweb-app  | ===========getbyname===================
userweb-app  | ===========getbyname===================
userweb-app  | ----------------Optional[com.example.demo.model.User@4f8e21bc]
userweb-app  | ----------------Optional[com.example.demo.model.User@3356ac56]
userweb-app  | ===========getbyname===================
userweb-app  | ----------------Optional[com.example.demo.model.User@11138b28]
userweb-app  | ===========getbyname===================
userweb-app  | ===========getbyname===================
userweb-app  | ===========getbyname===================
userweb-app  | ----------------Optional[com.example.demo.model.User@2cee444f]
userweb-app  | === USERS === http-nio-8080-exec-28 JWT成功 username=test10
userweb-app  | === USERS AUTH === http-nio-8080-exec-28 username=test10
userweb-app  | ----------------Optional[com.example.demo.model.User@9459a64]
userweb-app  | ===========getbyname===================
userweb-app  | ===========getbyname===================
userweb-app  | ===========getbyname===================
userweb-app  | JWT 驗證失敗 | Thread=http-nio-8080-exec-5 | URI=/api/user/users | Type=MalformedJwtException | Message=Invalid compact JWT string: Compact JWSs must contain exactly 2 period characters, and compact JWEs must contain exactly 4.  Found: 0
userweb-app  | ----------------Optional[com.example.demo.model.User@1908b150]
userweb-app  | ===========getbyname===================
userweb-app  | ===========getbyname===================
userweb-app  | ===========getbyname===================
userweb-app  | ----------------Optional[com.example.demo.model.User@7cb4cebd]
userweb-app  | ----------------Optional[com.example.demo.model.User@4dade074]
userweb-app  | ----------------Optional[com.example.demo.model.User@5a283e78]
userweb-app  | ===========getbyname===================
userweb-app  | ----------------Optional[com.example.demo.model.User@54eb0b7f]
userweb-app  | ===========getbyname===================
userweb-app  | JWT 驗證失敗 | Thread=http-nio-8080-exec-62 | URI=/api/userContent | Type=MalformedJwtException | Message=Invalid compact JWT string: Compact JWSs must contain exactly 2 period characters, and compact JWEs must contain exactly 4.  Found: 0
userweb-app  | ===========getbyname===================
userweb-app  | ----------------Optional[com.example.demo.model.User@38a49972]
userweb-app  | ===========getbyname===================
userweb-app  | ===========getbyname===================
userweb-app  | ===========getbyname===================
userweb-app  | JWT 驗證失敗 | Thread=http-nio-8080-exec-49 | URI=/api/user/me | Type=MalformedJwtException | Message=Invalid compact JWT string: Compact JWSs must contain exactly 2 period characters, and compact JWEs must contain exactly 4.  Found: 0
userweb-app  | ----------------Optional[com.example.demo.model.User@23588232]
userweb-app  | ===========getbyname===================
userweb-app  | ----------------Optional[com.example.demo.model.User@23a8b8dd]
userweb-app  | ----------------Optional[com.example.demo.model.User@674860fb]
userweb-app  | ===========getbyname===================
userweb-app  | ----------------Optional[com.example.demo.model.User@5ca86cee]
userweb-app  | ----------------Optional[com.example.demo.model.User@68acbcae]
userweb-app  | ----------------Optional[com.example.demo.model.User@3104de5]
userweb-app  | ----------------Optional[com.example.demo.model.User@394cc509]
userweb-app  | === USERS === http-nio-8080-exec-38 JWT成功 username=test14
userweb-app  | === USERS AUTH === http-nio-8080-exec-38 username=test14
userweb-app  | ===========getbyname===================
userweb-app  | ----------------Optional[com.example.demo.model.User@56fd6e85]
userweb-app  | ===========getbyname===================
userweb-app  | ----------------Optional[com.example.demo.model.User@d602a84]
userweb-app  | ===========getbyname===================
userweb-app  | ===========getbyname===================
userweb-app  | ===========getbyname===================
userweb-app  | JWT 驗證失敗 | Thread=http-nio-8080-exec-37 | URI=/api/user/me | Type=MalformedJwtException | Message=Invalid compact JWT string: Compact JWSs must contain exactly 2 period characters, and compact JWEs must contain exactly 4.  Found: 0
userweb-app  | ----------------Optional[com.example.demo.model.User@3665c43c]
userweb-app  | ----------------Optional[com.example.demo.model.User@2f00481]
userweb-app  | ===========getbyname===================
userweb-app  | ----------------Optional[com.example.demo.model.User@63917991]
userweb-app  | ----------------Optional[com.example.demo.model.User@4eb47f89]
userweb-app  | ----------------Optional[com.example.demo.model.User@5a9d1f99]
userweb-app  | ----------------Optional[com.example.demo.model.User@8560c52]
userweb-app  | ----------------Optional[com.example.demo.model.User@2a2be689]
userweb-app  | ----------------Optional[com.example.demo.model.User@485aad49]
userweb-app  | ----------------Optional[com.example.demo.model.User@67a549c9]
userweb-app  | JWT 驗證失敗 | Thread=http-nio-8080-exec-56 | URI=/api/user/me | Type=MalformedJwtException | Message=Invalid compact JWT string: Compact JWSs must contain exactly 2 period characters, and compact JWEs must contain exactly 4.  Found: 0
userweb-app  | === USERS === http-nio-8080-exec-67 JWT成功 username=test46
userweb-app  | === USERS AUTH === http-nio-8080-exec-67 username=test46
userweb-app  | JWT 驗證失敗 | Thread=http-nio-8080-exec-43 | URI=/api/userContent | Type=MalformedJwtException | Message=Invalid compact JWT string: Compact JWSs must contain exactly 2 period characters, and compact JWEs must contain exactly 4.  Found: 0
userweb-app  | ----------------Optional[com.example.demo.model.User@12a14b2a]
userweb-app  | ===========getbyname===================
userweb-app  | ===========getbyname===================
userweb-app  | ===========getbyname===================
userweb-app  | ===========getbyname===================
userweb-app  | === USERS === http-nio-8080-exec-69 JWT成功 username=test45
userweb-app  | === USERS AUTH === http-nio-8080-exec-69 username=test45
userweb-app  | ===========getbyname===================
userweb-app  | ----------------Optional[com.example.demo.model.User@31a004a9]
userweb-app  | ----------------Optional[com.example.demo.model.User@54ce5b8c]
userweb-app  | ----------------Optional[com.example.demo.model.User@318ccee5]
userweb-app  | JWT 驗證失敗 | Thread=http-nio-8080-exec-4 | URI=/api/userContent | Type=MalformedJwtException | Message=Invalid compact JWT string: Compact JWSs must contain exactly 2 period characters, and compact JWEs must contain exactly 4.  Found: 0
userweb-app  | ===========getbyname===================
userweb-app  | ===========getbyname===================
userweb-app  | ----------------Optional[com.example.demo.model.User@7e6d566b]
userweb-app  | ===========getbyname===================
userweb-app  | ----------------Optional[com.example.demo.model.User@2d898584]
userweb-app  | ===========getbyname===================
userweb-app  | ----------------Optional[com.example.demo.model.User@14e89ea7]
userweb-app  | ----------------Optional[com.example.demo.model.User@4fdc8896]
userweb-app  | ===========getbyname===================
userweb-app  | ----------------Optional[com.example.demo.model.User@3f633b5d]
userweb-app  | === USERS === http-nio-8080-exec-24 JWT成功 username=test5
userweb-app  | === USERS AUTH === http-nio-8080-exec-24 username=test5
userweb-app  | ===========getbyname===================
userweb-app  | ----------------Optional[com.example.demo.model.User@5167731b]
userweb-app  | ----------------Optional[com.example.demo.model.User@7168e9f1]
userweb-app  | ===========getbyname===================
userweb-app  | ----------------Optional[com.example.demo.model.User@73a9d51c]
userweb-app  | ===========getbyname===================
userweb-app  | JWT 驗證失敗 | Thread=http-nio-8080-exec-64 | URI=/api/user/me | Type=MalformedJwtException | Message=Invalid compact JWT string: Compact JWSs must contain exactly 2 period characters, and compact JWEs must contain exactly 4.  Found: 0
userweb-app  | JWT 驗證失敗 | Thread=http-nio-8080-exec-32 | URI=/api/userContent | Type=MalformedJwtException | Message=Invalid compact JWT string: Compact JWSs must contain exactly 2 period characters, and compact JWEs must contain exactly 4.  Found: 0
userweb-app  | ===========getbyname===================
userweb-app  | ===========getbyname===================
userweb-app  | JWT 驗證失敗 | Thread=http-nio-8080-exec-36 | URI=/api/userContent | Type=MalformedJwtException | Message=Invalid compact JWT string: Compact JWSs must contain exactly 2 period characters, and compact JWEs must contain exactly 4.  Found: 0
userweb-app  | JWT 驗證失敗 | Thread=http-nio-8080-exec-36 | URI=/api/user/me | Type=MalformedJwtException | Message=Invalid compact JWT string: Compact JWSs must contain exactly 2 period characters, and compact JWEs must contain exactly 4.  Found: 0
userweb-app  | ----------------Optional[com.example.demo.model.User@2be77266]
userweb-app  | ===========getbyname===================
userweb-app  | JWT 驗證失敗 | Thread=http-nio-8080-exec-25 | URI=/api/userContent | Type=MalformedJwtException | Message=Invalid compact JWT string: Compact JWSs must contain exactly 2 period characters, and compact JWEs must contain exactly 4.  Found: 0
userweb-app  | ===========getbyname===================
userweb-app  | ===========getbyname===================
userweb-app  | === USERS === http-nio-8080-exec-25 JWT成功 username=test6
userweb-app  | ===========getbyname===================
userweb-app  | JWT 驗證失敗 | Thread=http-nio-8080-exec-35 | URI=/api/user/users | Type=MalformedJwtException | Message=Invalid compact JWT string: Compact JWSs must contain exactly 2 period characters, and compact JWEs must contain exactly 4.  Found: 0
userweb-app  | === USERS AUTH === http-nio-8080-exec-25 username=test6
userweb-app  | ===========getbyname===================
userweb-app  | ===========getbyname===================
userweb-app  | ----------------Optional[com.example.demo.model.User@1a42b0ce]
userweb-app  | ===========getbyname===================
userweb-app  | ----------------Optional[com.example.demo.model.User@46951e00]
userweb-app  | JWT 驗證失敗 | Thread=http-nio-8080-exec-58 | URI=/api/user/me | Type=MalformedJwtException | Message=Invalid compact JWT string: Compact JWSs must contain exactly 2 period characters, and compact JWEs must contain exactly 4.  Found: 0
userweb-app  | ----------------Optional[com.example.demo.model.User@37ff3e5f]
userweb-app  | JWT 驗證失敗 | Thread=http-nio-8080-exec-59 | URI=/api/user/me | Type=MalformedJwtException | Message=Invalid compact JWT string: Compact JWSs must contain exactly 2 period characters, and compact JWEs must contain exactly 4.  Found: 0
userweb-app  | ----------------Optional[com.example.demo.model.User@5721d5c]
userweb-app  | ----------------Optional[com.example.demo.model.User@1e924014]
userweb-app  | JWT 驗證失敗 | Thread=http-nio-8080-exec-17 | URI=/api/user/me | Type=MalformedJwtException | Message=Invalid compact JWT string: Compact JWSs must contain exactly 2 period characters, and compact JWEs must contain exactly 4.  Found: 0
userweb-app  | ===========getbyname===================
userweb-app  | ----------------Optional[com.example.demo.model.User@21de8956]
userweb-app  | JWT 驗證失敗 | Thread=http-nio-8080-exec-39 | URI=/api/userContent | Type=MalformedJwtException | Message=Invalid compact JWT string: Compact JWSs must contain exactly 2 period characters, and compact JWEs must contain exactly 4.  Found: 0
userweb-app  | ----------------Optional[com.example.demo.model.User@5b98b8dd]
userweb-app  | === USERS === http-nio-8080-exec-9 JWT成功 username=test48
userweb-app  | ===========getbyname===================
userweb-app  | === USERS AUTH === http-nio-8080-exec-9 username=test48
userweb-app  | ===========getbyname===================
userweb-app  | === USERS === http-nio-8080-exec-55 JWT成功 username=test37
userweb-app  | === USERS AUTH === http-nio-8080-exec-55 username=test37
userweb-app  | ===========getbyname===================
userweb-app  | ----------------Optional[com.example.demo.model.User@3d82037a]
userweb-app  | ----------------Optional[com.example.demo.model.User@8363950]
userweb-app  | === USERS === http-nio-8080-exec-2 JWT成功 username=test51
userweb-app  | === USERS AUTH === http-nio-8080-exec-2 username=test51
userweb-app  | ===========getbyname===================
userweb-app  | ----------------Optional[com.example.demo.model.User@504d71cd]
userweb-app  | ===========getbyname===================
userweb-app  | === USERS === http-nio-8080-exec-39 JWT成功 username=test23
userweb-app  | === USERS AUTH === http-nio-8080-exec-39 username=test23
userweb-app  | ===========getbyname===================
userweb-app  | ----------------Optional[com.example.demo.model.User@1b6a66d3]
userweb-app  | ----------------Optional[com.example.demo.model.User@228080f]
userweb-app  | ----------------Optional[com.example.demo.model.User@32ed82e1]
userweb-app  | ----------------Optional[com.example.demo.model.User@21bff532]
userweb-app  | ===========getbyname===================
userweb-app  | ----------------Optional[com.example.demo.model.User@417b624]
userweb-app  | === USERS === http-nio-8080-exec-6 JWT成功 username=test24
userweb-app  | === USERS AUTH === http-nio-8080-exec-6 username=test24
userweb-app  | ===========getbyname===================
userweb-app  | ----------------Optional[com.example.demo.model.User@765acc6d]
userweb-app  | ===========getbyname===================
userweb-app  | ----------------Optional[com.example.demo.model.User@62c7f889]
userweb-app  | ===========getbyname===================
userweb-app  | ----------------Optional[com.example.demo.model.User@3221df85]
userweb-app  | ----------------Optional[com.example.demo.model.User@407a348a]
userweb-app  | ===========getbyname===================
userweb-app  | === USERS === http-nio-8080-exec-54 JWT成功 username=test29
userweb-app  | === USERS AUTH === http-nio-8080-exec-54 username=test29
userweb-app  | ----------------Optional[com.example.demo.model.User@5962ded5]
userweb-app  | ===========getbyname===================
userweb-app  | ----------------Optional[com.example.demo.model.User@6c00b0d2]
userweb-app  | JWT 驗證失敗 | Thread=http-nio-8080-exec-8 | URI=/api/userContent | Type=MalformedJwtException | Message=Invalid compact JWT string: Compact JWSs must contain exactly 2 period characters, and compact JWEs must contain exactly 4.  Found: 0
userweb-app  | ===========getbyname===================
userweb-app  | ===========getbyname===================
userweb-app  | ----------------Optional[com.example.demo.model.User@131045fe]
userweb-app  | ----------------Optional[com.example.demo.model.User@3bd5176d]
userweb-app  | ===========getbyname===================
userweb-app  | ----------------Optional[com.example.demo.model.User@43b034a5]
userweb-app  | ===========getbyname===================
userweb-app  | ===========getbyname===================
userweb-app  | ----------------Optional[com.example.demo.model.User@6c96828d]
userweb-app  | ----------------Optional[com.example.demo.model.User@3b921331]
userweb-app  | ----------------Optional[com.example.demo.model.User@1429baed]
userweb-app  | ----------------Optional[com.example.demo.model.User@1f90d000]
userweb-app  | ===========getbyname===================
userweb-app  | ----------------Optional[com.example.demo.model.User@6526dc3f]
userweb-app  | ===========getbyname===================
userweb-app  | ----------------Optional[com.example.demo.model.User@f2792b5]
userweb-app  | JWT 驗證失敗 | Thread=http-nio-8080-exec-8 | URI=/api/user/me | Type=MalformedJwtException | Message=Invalid compact JWT string: Compact JWSs must contain exactly 2 period characters, and compact JWEs must contain exactly 4.  Found: 0
userweb-app  | ===========getbyname===================
userweb-app  | === USERS === http-nio-8080-exec-60 JWT成功 username=test11
userweb-app  | === USERS AUTH === http-nio-8080-exec-60 username=test11
userweb-app  | === USERS === http-nio-8080-exec-52 JWT成功 username=test33
userweb-app  | === USERS AUTH === http-nio-8080-exec-52 username=test33
userweb-app  | ===========getbyname===================
userweb-app  | ----------------Optional[com.example.demo.model.User@cf84b94]
userweb-app  | ===========getbyname===================
userweb-app  | ----------------Optional[com.example.demo.model.User@4f11fe91]
userweb-app  | === USERS === http-nio-8080-exec-33 JWT成功 username=test36
userweb-app  | === USERS AUTH === http-nio-8080-exec-33 username=test36
userweb-app  | ===========getbyname===================
userweb-app  | ===========getbyname===================
userweb-app  | ===========getbyname===================
userweb-app  | ----------------Optional[com.example.demo.model.User@3937bf6f]
userweb-app  | ----------------Optional[com.example.demo.model.User@c3bc888]
userweb-app  | ----------------Optional[com.example.demo.model.User@20e55eef]
userweb-app  | ===========getbyname===================
userweb-app  | ----------------Optional[com.example.demo.model.User@5e76fefd]
userweb-app  | ===========getbyname===================
userweb-app  | ----------------Optional[com.example.demo.model.User@66e54ca4]
userweb-app  | ===========getbyname===================
userweb-app  | ----------------Optional[com.example.demo.model.User@4762ac33]
userweb-app  | === USERS === http-nio-8080-exec-43 JWT成功 username=test18
userweb-app  | === USERS AUTH === http-nio-8080-exec-43 username=test18
userweb-app  | ===========getbyname===================
userweb-app  | ----------------Optional[com.example.demo.model.User@72f466fd]
userweb-app  | ===========getbyname===================
userweb-app  | === USERS === http-nio-8080-exec-71 JWT成功 username=test22
userweb-app  | === USERS AUTH === http-nio-8080-exec-71 username=test22
userweb-app  | ===========getbyname===================
userweb-app  | ----------------Optional[com.example.demo.model.User@66dc0c34]
userweb-app  | ===========getbyname===================
userweb-app  | ----------------Optional[com.example.demo.model.User@2fba5374]
userweb-app  | ===========getbyname===================
userweb-app  | ----------------Optional[com.example.demo.model.User@3bf6712]
userweb-app  | === USERS === http-nio-8080-exec-12 JWT成功 username=test32
userweb-app  | === USERS AUTH === http-nio-8080-exec-12 username=test32
userweb-app  | === USERS === http-nio-8080-exec-62 JWT成功 username=test41
userweb-app  | === USERS AUTH === http-nio-8080-exec-62 username=test41
userweb-app  | ----------------Optional[com.example.demo.model.User@1fd7f9d]
userweb-app  | ----------------Optional[com.example.demo.model.User@115a42f8]
userweb-app  | JWT 驗證失敗 | Thread=http-nio-8080-exec-7 | URI=/api/user/me | Type=MalformedJwtException | Message=Invalid compact JWT string: Compact JWSs must contain exactly 2 period characters, and compact JWEs must contain exactly 4.  Found: 0
userweb-app  | ----------------Optional[com.example.demo.model.User@2d65e915]
userweb-app  | JWT 驗證失敗 | Thread=http-nio-8080-exec-36 | URI=/api/user/me | Type=MalformedJwtException | Message=Invalid compact JWT string: Compact JWSs must contain exactly 2 period characters, and compact JWEs must contain exactly 4.  Found: 0
userweb-app  | ===========getbyname===================
userweb-app  | === USERS === http-nio-8080-exec-29 JWT成功 username=test12
userweb-app  | === USERS AUTH === http-nio-8080-exec-29 username=test12
userweb-app  | ----------------Optional[com.example.demo.model.User@75b44868]
userweb-app  | ===========getbyname===================
userweb-app  | ----------------Optional[com.example.demo.model.User@33a17b42]
userweb-app  | ===========getbyname===================
userweb-app  | === USERS === http-nio-8080-exec-8 JWT成功 username=test16
userweb-app  | ----------------Optional[com.example.demo.model.User@2a79e4b7]
userweb-app  | ----------------Optional[com.example.demo.model.User@7523e642]
userweb-app  | ----------------Optional[com.example.demo.model.User@68f46ded]
userweb-app  | === USERS === http-nio-8080-exec-37 JWT成功 username=test8
userweb-app  | === USERS AUTH === http-nio-8080-exec-37 username=test8
userweb-app  | ===========getbyname===================
userweb-app  | ----------------Optional[com.example.demo.model.User@35ad3c84]
userweb-app  | === USERS === http-nio-8080-exec-51 JWT成功 username=test43
userweb-app  | === USERS AUTH === http-nio-8080-exec-51 username=test43
userweb-app  | === USERS === http-nio-8080-exec-26 JWT成功 username=test25
userweb-app  | ===========getbyname===================
userweb-app  | ----------------Optional[com.example.demo.model.User@e98354c]
userweb-app  | JWT 驗證失敗 | Thread=http-nio-8080-exec-42 | URI=/api/user/me | Type=MalformedJwtException | Message=Invalid compact JWT string: Compact JWSs must contain exactly 2 period characters, and compact JWEs must contain exactly 4.  Found: 0
userweb-app  | JWT 驗證失敗 | Thread=http-nio-8080-exec-42 | URI=/api/user/me | Type=MalformedJwtException | Message=Invalid compact JWT string: Compact JWSs must contain exactly 2 period characters, and compact JWEs must contain exactly 4.  Found: 0
userweb-app  | ===========getbyname===================
userweb-app  | ----------------Optional[com.example.demo.model.User@4ee0eb0e]
userweb-app  | ===========getbyname===================
userweb-app  | ----------------Optional[com.example.demo.model.User@4419880b]
userweb-app  | === USERS AUTH === http-nio-8080-exec-26 username=test25
userweb-app  | ===========getbyname===================
userweb-app  | ----------------Optional[com.example.demo.model.User@54a60320]
userweb-app  | ===========getbyname===================
userweb-app  | === USERS === http-nio-8080-exec-63 JWT成功 username=test49
userweb-app  | === USERS AUTH === http-nio-8080-exec-63 username=test49
userweb-app  | ===========getbyname===================
userweb-app  | ===========getbyname===================
userweb-app  | ----------------Optional[com.example.demo.model.User@45938e38]
userweb-app  | -----------test_1790235755013_65------1234--------
userweb-app  | ### AUTH ### Thread=http-nio-8080-exec-35 | requestUsername=test_1790235755013_65
userweb-app  | ===========getbyname===================
userweb-app  | ----------------Optional[com.example.demo.model.User@52dce805]
userweb-app  | ----------------Optional[com.example.demo.model.User@2a3b18ab]
userweb-app  | ----------------Optional[com.example.demo.model.User@6b5b5fcc]
userweb-app  | ----------------Optional[com.example.demo.model.User@184292a7]
userweb-app  | ----------finish-------------
userweb-app  | ### AUTH USER ### requestUsername=test_1790235755013_65 | dbUsername=test_1790235755013_65 | userId=73
userweb-app  | ===========getbyname===================
userweb-app  | ----------------Optional[com.example.demo.model.User@3c847f07]
userweb-app  | JWT 驗證失敗 | Thread=http-nio-8080-exec-72 | URI=/api/user/me | Type=MalformedJwtException | Message=Invalid compact JWT string: Compact JWSs must contain exactly 2 period characters, and compact JWEs must contain exactly 4.  Found: 0
userweb-app  | ===========getbyname===================
userweb-app  | ===========getbyname===================
userweb-app  | ----------------Optional[com.example.demo.model.User@2282b1ec]
userweb-app  | ----------------Optional[com.example.demo.model.User@52cc5815]
userweb-app  | ===========getbyname===================
userweb-app  | -----------test_1790235755585_59------1234--------
userweb-app  | ### AUTH ### Thread=http-nio-8080-exec-72 | requestUsername=test_1790235755585_59
userweb-app  | ===========getbyname===================
userweb-app  | ----------------Optional[com.example.demo.model.User@2084cb9e]
userweb-app  | ----------------Optional[com.example.demo.model.User@ab2995]
userweb-app  | ----------------Optional[com.example.demo.model.User@53b24b8c]
userweb-app  | ----------finish-------------
userweb-app  | ### AUTH USER ### requestUsername=test_1790235755585_59 | dbUsername=test_1790235755585_59 | userId=74
userweb-app  | ----------------Optional[com.example.demo.model.User@bdd4d10]
userweb-app  | JWT 驗證失敗 | Thread=http-nio-8080-exec-14 | URI=/api/user/me | Type=MalformedJwtException | Message=Invalid compact JWT string: Compact JWSs must contain exactly 2 period characters, and compact JWEs must contain exactly 4.  Found: 0
userweb-app  | ----------------Optional[com.example.demo.model.User@2ae4a9d2]
userweb-app  | === USERS === http-nio-8080-exec-70 JWT成功 username=test38
userweb-app  | === USERS AUTH === http-nio-8080-exec-70 username=test38
userweb-app  | ===========getbyname===================
userweb-app  | ===========getbyname===================
userweb-app  | ----------------Optional[com.example.demo.model.User@6cabcf16]
userweb-app  | ===========getbyname===================
userweb-app  | ----------------Optional[com.example.demo.model.User@5b3d3480]
userweb-app  | ----------------Optional[com.example.demo.model.User@6123aa93]
userweb-app  | === USERS === http-nio-8080-exec-27 JWT成功 username=test26
userweb-app  | === USERS AUTH === http-nio-8080-exec-27 username=test26
userweb-app  | ===========getbyname===================
userweb-app  | === USERS === http-nio-8080-exec-10 JWT成功 username=test2
userweb-app  | -----------test_1790235755212_68------1234--------
userweb-app  | ### AUTH ### Thread=http-nio-8080-exec-14 | requestUsername=test_1790235755212_68
userweb-app  | ===========getbyname===================
userweb-app  | === USERS === http-nio-8080-exec-73 JWT成功 username=test47
userweb-app  | === USERS AUTH === http-nio-8080-exec-73 username=test47
userweb-app  | ===========getbyname===================
userweb-app  | JWT 驗證失敗 | Thread=http-nio-8080-exec-20 | URI=/api/user/me | Type=MalformedJwtException | Message=Invalid compact JWT string: Compact JWSs must contain exactly 2 period characters, and compact JWEs must contain exactly 4.  Found: 0
userweb-app  | ----------------Optional[com.example.demo.model.User@448543f6]
userweb-app  | ----------finish-------------
userweb-app  | === USERS AUTH === http-nio-8080-exec-10 username=test2
userweb-app  | ===========getbyname===================
userweb-app  | ### AUTH USER ### requestUsername=test_1790235755212_68 | dbUsername=test_1790235755212_68 | userId=69
userweb-app  | ----------------Optional[com.example.demo.model.User@7bdc3166]
userweb-app  | ----------------Optional[com.example.demo.model.User@60145879]
userweb-app  | === USERS === http-nio-8080-exec-64 JWT成功 username=test30
userweb-app  | === USERS AUTH === http-nio-8080-exec-64 username=test30
userweb-app  | ===========getbyname===================
userweb-app  | JWT 驗證失敗 | Thread=http-nio-8080-exec-58 | URI=/api/user/me | Type=MalformedJwtException | Message=Invalid compact JWT string: Compact JWSs must contain exactly 2 period characters, and compact JWEs must contain exactly 4.  Found: 0
userweb-app  | ----------------Optional[com.example.demo.model.User@12d453ed]
userweb-app  | === USERS === http-nio-8080-exec-47 JWT成功 username=test28
userweb-app  | === USERS AUTH === http-nio-8080-exec-47 username=test28
userweb-app  | ===========getbyname===================
userweb-app  | ----------------Optional[com.example.demo.model.User@7f16d595]
userweb-app  | ===========getbyname===================
userweb-app  | ----------------Optional[com.example.demo.model.User@1229b9ab]
userweb-app  | ===========getbyname===================
userweb-app  | === USERS === http-nio-8080-exec-50 JWT成功 username=test44
userweb-app  | === USERS AUTH === http-nio-8080-exec-50 username=test44
userweb-app  | ===========getbyname===================
userweb-app  | === USERS AUTH === http-nio-8080-exec-8 username=test16
userweb-app  | ----------------Optional[com.example.demo.model.User@e0caf31]
userweb-app  | ===========getbyname===================
userweb-app  | ===========getbyname===================
userweb-app  | ----------------Optional[com.example.demo.model.User@6df21ad6]
userweb-app  | === USERS === http-nio-8080-exec-30 JWT成功 username=test7
userweb-app  | === USERS AUTH === http-nio-8080-exec-30 username=test7
userweb-app  | -----------test_1790235755442_56------1234--------
userweb-app  | ----------------Optional[com.example.demo.model.User@32eb7cf]
userweb-app  | ===========getbyname===================
userweb-app  | ----------------Optional[com.example.demo.model.User@8fa5b89]
userweb-app  | ### AUTH ### Thread=http-nio-8080-exec-36 | requestUsername=test_1790235755442_56
userweb-app  | ===========getbyname===================
userweb-app  | ----------------Optional[com.example.demo.model.User@3ce39df3]
userweb-app  | ----------------Optional[com.example.demo.model.User@f3b8add]
userweb-app  | ----------------Optional[com.example.demo.model.User@1542299e]
userweb-app  | ===========getbyname===================
userweb-app  | JWT 驗證失敗 | Thread=http-nio-8080-exec-11 | URI=/api/user/me | Type=MalformedJwtException | Message=Invalid compact JWT string: Compact JWSs must contain exactly 2 period characters, and compact JWEs must contain exactly 4.  Found: 0
userweb-app  | ----------------Optional[com.example.demo.model.User@30cd408c]
userweb-app  | -----------test_1790235755011_52------1234--------
userweb-app  | ===========getbyname===================
userweb-app  | JWT 驗證失敗 | Thread=http-nio-8080-exec-20 | URI=/api/user/me | Type=MalformedJwtException | Message=Invalid compact JWT string: Compact JWSs must contain exactly 2 period characters, and compact JWEs must contain exactly 4.  Found: 0
userweb-app  | ### AUTH ### Thread=http-nio-8080-exec-3 | requestUsername=test_1790235755011_52
userweb-app  | ===========getbyname===================
userweb-app  | === USERS === http-nio-8080-exec-20 JWT成功 username=test13
userweb-app  | === USERS AUTH === http-nio-8080-exec-20 username=test13
userweb-app  | ===========getbyname===================
userweb-app  | ----------------Optional[com.example.demo.model.User@69630738]
userweb-app  | ----------finish-------------
userweb-app  | ### AUTH USER ### requestUsername=test_1790235755442_56 | dbUsername=test_1790235755442_56 | userId=71
userweb-app  | ===========getbyname===================
userweb-app  | ----------------Optional[com.example.demo.model.User@15b9f3bf]
userweb-app  | ----------------Optional[com.example.demo.model.User@fca607d]
userweb-app  | ----------------Optional[com.example.demo.model.User@5de1587d]
userweb-app  | JWT 驗證失敗 | Thread=http-nio-8080-exec-40 | URI=/api/user/me | Type=MalformedJwtException | Message=Invalid compact JWT string: Compact JWSs must contain exactly 2 period characters, and compact JWEs must contain exactly 4.  Found: 0
userweb-app  | === USERS === http-nio-8080-exec-4 JWT成功 username=test27
userweb-app  | === USERS AUTH === http-nio-8080-exec-4 username=test27
userweb-app  | ===========getbyname===================
userweb-app  | === USERS === http-nio-8080-exec-22 JWT成功 username=test3
userweb-app  | === USERS AUTH === http-nio-8080-exec-22 username=test3
userweb-app  | ===========getbyname===================
userweb-app  | ----------------Optional[com.example.demo.model.User@3ceba111]
userweb-app  | -----------test_1790235755463_70------1234--------
userweb-app  | ===========getbyname===================
userweb-app  | ### AUTH ### Thread=http-nio-8080-exec-40 | requestUsername=test_1790235755463_70
userweb-app  | ===========getbyname===================
userweb-app  | === USERS === http-nio-8080-exec-11 JWT成功 username=test4
userweb-app  | === USERS AUTH === http-nio-8080-exec-11 username=test4
userweb-app  | === USERS === http-nio-8080-exec-13 JWT成功 username=test39
userweb-app  | === USERS AUTH === http-nio-8080-exec-13 username=test39
userweb-app  | ===========getbyname===================
userweb-app  | ----------------Optional[com.example.demo.model.User@7ac4625e]
userweb-app  | ----------------Optional[com.example.demo.model.User@4468d98f]
userweb-app  | ===========getbyname===================
userweb-app  | JWT 驗證失敗 | Thread=http-nio-8080-exec-23 | URI=/api/user/me | Type=MalformedJwtException | Message=Invalid compact JWT string: Compact JWSs must contain exactly 2 period characters, and compact JWEs must contain exactly 4.  Found: 0
userweb-app  | -----------test_1790235755212_54------1234--------
userweb-app  | ### AUTH ### Thread=http-nio-8080-exec-58 | requestUsername=test_1790235755212_54
userweb-app  | ===========getbyname===================
userweb-app  | ===========getbyname===================
userweb-app  | ===========getbyname===================
userweb-app  | ===========getbyname===================
userweb-app  | ----------------Optional[com.example.demo.model.User@2f865d84]
userweb-app  | ----------------Optional[com.example.demo.model.User@74ee748e]
userweb-app  | ===========getbyname===================
userweb-app  | ----------------Optional[com.example.demo.model.User@6174de9e]
userweb-app  | === USERS === http-nio-8080-exec-5 JWT成功 username=test40
userweb-app  | === USERS AUTH === http-nio-8080-exec-5 username=test40
userweb-app  | ----------------Optional[com.example.demo.model.User@705ef781]
userweb-app  | ===========getbyname===================
userweb-app  | ----------------Optional[com.example.demo.model.User@4f72ce69]
userweb-app  | ----------------Optional[com.example.demo.model.User@31e5d109]
userweb-app  | === USERS === http-nio-8080-exec-7 JWT成功 username=test9
userweb-app  | === USERS AUTH === http-nio-8080-exec-7 username=test9
userweb-app  | ----------------Optional[com.example.demo.model.User@3be5f232]
userweb-app  | ----------------Optional[com.example.demo.model.User@3c4eea13]
userweb-app  | ===========getbyname===================
userweb-app  | ------------------------------
userweb-app  | ----------finish-------------
userweb-app  | ### AUTH USER ### requestUsername=test_1790235755212_54 | dbUsername=test_1790235755212_54 | userId=79
userweb-app  | -----------test_1790235755606_60------1234--------
userweb-app  | === USERS === http-nio-8080-exec-23 JWT成功 username=test19
userweb-app  | === USERS AUTH === http-nio-8080-exec-23 username=test19
userweb-app  | ===========getbyname===================
userweb-app  | ===========getbyname===================
userweb-app  | ----------------Optional[com.example.demo.model.User@2923f032]
userweb-app  | ----------------Optional[com.example.demo.model.User@4082a10d]
userweb-app  | ------------------------------
userweb-app  | JWT 驗證失敗 | Thread=http-nio-8080-exec-46 | URI=/api/user/me | Type=MalformedJwtException | Message=Invalid compact JWT string: Compact JWSs must contain exactly 2 period characters, and compact JWEs must contain exactly 4.  Found: 0
userweb-app  | ===========getbyname===================
userweb-app  | ----------------Optional[com.example.demo.model.User@64224ef8]
userweb-app  | JWT 驗證失敗 | Thread=http-nio-8080-exec-49 | URI=/api/user/me | Type=MalformedJwtException | Message=Invalid compact JWT string: Compact JWSs must contain exactly 2 period characters, and compact JWEs must contain exactly 4.  Found: 0
userweb-app  | ----------------Optional[com.example.demo.model.User@9538934]
userweb-app  | -----------test_1790235755366_62------1234--------
userweb-app  | ### AUTH ### Thread=http-nio-8080-exec-15 | requestUsername=test_1790235755366_62
userweb-app  | ===========getbyname===================
userweb-app  | ----------------Optional[com.example.demo.model.User@663ffd24]
userweb-app  | ----------------Optional[com.example.demo.model.User@14c50a3d]
userweb-app  | ----------finish-------------
userweb-app  | ### AUTH USER ### requestUsername=test_1790235755366_62 | dbUsername=test_1790235755366_62 | userId=70
userweb-app  | ----------finish-------------
userweb-app  | ### AUTH USER ### requestUsername=test_1790235755011_52 | dbUsername=test_1790235755011_52 | userId=72
userweb-app  | -----------test_1790235755155_57------1234--------
userweb-app  | ### AUTH ### Thread=http-nio-8080-exec-35 | requestUsername=test_1790235755155_57
userweb-app  | ===========getbyname===================
userweb-app  | ===========getbyname===================
userweb-app  | ----------------Optional[com.example.demo.model.User@18af212a]
userweb-app  | ### AUTH ### Thread=http-nio-8080-exec-61 | requestUsername=test_1790235755606_60
userweb-app  | ===========getbyname===================
userweb-app  | ----------------Optional[com.example.demo.model.User@2c0fbdba]
userweb-app  | ----------finish-------------
userweb-app  | ### AUTH USER ### requestUsername=test_1790235755606_60 | dbUsername=test_1790235755606_60 | userId=80
userweb-app  | ----------------Optional[com.example.demo.model.User@29c73426]
userweb-app  | ----------finish-------------
userweb-app  | ### AUTH USER ### requestUsername=test_1790235755155_57 | dbUsername=test_1790235755155_57 | userId=78
userweb-app  | ----------finish-------------
userweb-app  | ### AUTH USER ### requestUsername=test_1790235755463_70 | dbUsername=test_1790235755463_70 | userId=76
userweb-app  | ----------------Optional[com.example.demo.model.User@288632f6]
userweb-app  | -----------test_1790235755129_61------1234--------
userweb-app  | ### AUTH ### Thread=http-nio-8080-exec-42 | requestUsername=test_1790235755129_61
userweb-app  | ===========getbyname===================
userweb-app  | === USERS === http-nio-8080-exec-17 JWT成功 username=test15
userweb-app  | === USERS AUTH === http-nio-8080-exec-17 username=test15
userweb-app  | ===========getbyname===================
userweb-app  | ===========getbyname===================
userweb-app  | ===========getbyname===================
userweb-app  | === USERS === http-nio-8080-exec-32 JWT成功 username=test1
userweb-app  | === USERS AUTH === http-nio-8080-exec-32 username=test1
userweb-app  | ===========getbyname===================
userweb-app  | ----------------Optional[com.example.demo.model.User@473f4f64]
userweb-app  | ----------------Optional[com.example.demo.model.User@1a22b934]
userweb-app  | ----------------Optional[com.example.demo.model.User@5749d285]
userweb-app  | === USERS === http-nio-8080-exec-41 JWT成功 username=test35
userweb-app  | === USERS AUTH === http-nio-8080-exec-41 username=test35
userweb-app  | ===========getbyname===================
userweb-app  | ----------------Optional[com.example.demo.model.User@48370db0]
userweb-app  | === USERS === http-nio-8080-exec-21 JWT成功 username=test21
userweb-app  | ----------finish-------------
userweb-app  | ### AUTH USER ### requestUsername=test_1790235755129_61 | dbUsername=test_1790235755129_61 | userId=81
userweb-app  | ----------------Optional[com.example.demo.model.User@65a24bd1]
userweb-app  | ===========getbyname===================
userweb-app  | ----------------Optional[com.example.demo.model.User@217d8f1e]
userweb-app  | ===========getbyname===================
userweb-app  | ------------------------------
userweb-app  | ----------------Optional[com.example.demo.model.User@28dd3e9d]
userweb-app  | -----------test_1790235755500_64------1234--------
userweb-app  | ### AUTH ### Thread=http-nio-8080-exec-46 | requestUsername=test_1790235755500_64
userweb-app  | ===========getbyname===================
userweb-app  | ----------------Optional[com.example.demo.model.User@4284768b]
userweb-app  | === USERS AUTH === http-nio-8080-exec-21 username=test21
userweb-app  | ===========getbyname===================
userweb-app  | ----------------Optional[com.example.demo.model.User@11f2472a]
userweb-app  | ===========getbyname===================
userweb-app  | ----------------Optional[com.example.demo.model.User@2ae3b9e6]
userweb-app  | JWT 驗證失敗 | Thread=http-nio-8080-exec-18 | URI=/api/user/me | Type=MalformedJwtException | Message=Invalid compact JWT string: Compact JWSs must contain exactly 2 period characters, and compact JWEs must contain exactly 4.  Found: 0
userweb-app  | ----------finish-------------
userweb-app  | ### AUTH USER ### requestUsername=test_1790235755500_64 | dbUsername=test_1790235755500_64 | userId=77
userweb-app  | ----------------Optional[com.example.demo.model.User@1feafbc6]
userweb-app  | JWT 驗證失敗 | Thread=http-nio-8080-exec-45 | URI=/api/user/me | Type=MalformedJwtException | Message=Invalid compact JWT string: Compact JWSs must contain exactly 2 period characters, and compact JWEs must contain exactly 4.  Found: 0
userweb-app  | JWT 驗證失敗 | Thread=http-nio-8080-exec-48 | URI=/api/user/me | Type=MalformedJwtException | Message=Invalid compact JWT string: Compact JWSs must contain exactly 2 period characters, and compact JWEs must contain exactly 4.  Found: 0
userweb-app  | -----------test_1790235755361_58------1234--------
userweb-app  | ### AUTH ### Thread=http-nio-8080-exec-48 | requestUsername=test_1790235755361_58
userweb-app  | ===========getbyname===================
userweb-app  | === USERS === http-nio-8080-exec-72 JWT成功 username=test34
userweb-app  | === USERS AUTH === http-nio-8080-exec-72 username=test34
userweb-app  | ===========getbyname===================
userweb-app  | ----------------Optional[com.example.demo.model.User@17ad0a84]
userweb-app  | ----------------Optional[com.example.demo.model.User@1e053557]
userweb-app  | -----------test_1790235755946_53------1234--------
userweb-app  | ### AUTH ### Thread=http-nio-8080-exec-14 | requestUsername=test_1790235755946_53
userweb-app  | ===========getbyname===================
userweb-app  | ----------finish-------------
userweb-app  | ### AUTH USER ### requestUsername=test_1790235755361_58 | dbUsername=test_1790235755361_58 | userId=82
userweb-app  | ----------------Optional[com.example.demo.model.User@971f437]
userweb-app  | ----------finish-------------
userweb-app  | ### AUTH USER ### requestUsername=test_1790235755946_53 | dbUsername=test_1790235755946_53 | userId=83
userweb-app  | ===========getbyname===================
userweb-app  | ----------------Optional[com.example.demo.model.User@736da9a5]
userweb-app  | ------------------------------
userweb-app  | ===========getbyname===================
userweb-app  | ----------------Optional[com.example.demo.model.User@278fc394]
userweb-app  | ------------------------------
userweb-app  | JWT 驗證失敗 | Thread=http-nio-8080-exec-61 | URI=/api/user/me | Type=MalformedJwtException | Message=Invalid compact JWT string: Compact JWSs must contain exactly 2 period characters, and compact JWEs must contain exactly 4.  Found: 0
userweb-app  | -----------test_1790235755610_63------1234--------
userweb-app  | ### AUTH ### Thread=http-nio-8080-exec-18 | requestUsername=test_1790235755610_63
userweb-app  | ===========getbyname===================
userweb-app  | ===========getbyname===================
userweb-app  | ----------------Optional[com.example.demo.model.User@3d1a3204]
userweb-app  | ----------------Optional[com.example.demo.model.User@11cee807]
userweb-app  | ----------finish-------------
userweb-app  | ### AUTH USER ### requestUsername=test_1790235755610_63 | dbUsername=test_1790235755610_63 | userId=86
userweb-app  | ------------------------------
userweb-app  | ===========getbyname===================
userweb-app  | ----------------Optional[com.example.demo.model.User@3098e9d7]
userweb-app  | -----------test_1790235755597_67------1234--------
userweb-app  | ### AUTH ### Thread=http-nio-8080-exec-57 | requestUsername=test_1790235755597_67
userweb-app  | ===========getbyname===================
userweb-app  | ----------------Optional[com.example.demo.model.User@ae409d1]
userweb-app  | ----------finish-------------
userweb-app  | ### AUTH USER ### requestUsername=test_1790235755597_67 | dbUsername=test_1790235755597_67 | userId=84
userweb-app  | ===========getbyname===================
userweb-app  | ===========getbyname===================
userweb-app  | ----------------Optional[com.example.demo.model.User@6ffa42ad]
userweb-app  | ----------------Optional[com.example.demo.model.User@39169cc7]
userweb-app  | ===========getbyname===================
userweb-app  | ----------------Optional[com.example.demo.model.User@6ad09243]
userweb-app  | ------------------------------
userweb-app  | ===========getbyname===================
userweb-app  | ----------------Optional[com.example.demo.model.User@38586a1b]
userweb-app  | ===========getbyname===================
userweb-app  | ----------------Optional[com.example.demo.model.User@5e799b24]
userweb-app  | ------------------------------
userweb-app  | ===========getbyname===================
userweb-app  | ===========getbyname===================
userweb-app  | ===========getbyname===================
userweb-app  | ----------------Optional[com.example.demo.model.User@50d4bacf]
userweb-app  | ------------------------------
userweb-app  | ----------------Optional[com.example.demo.model.User@4164e4af]
userweb-app  | ------------------------------
userweb-app  | ----------------Optional[com.example.demo.model.User@667284a0]
userweb-app  | ===========getbyname===================
userweb-app  | ===========getbyname===================
userweb-app  | ----------------Optional[com.example.demo.model.User@6f784278]
userweb-app  | ----------------Optional[com.example.demo.model.User@63097d3a]
userweb-app  | ===========getbyname===================
userweb-app  | ----------------Optional[com.example.demo.model.User@5122c389]
userweb-app  | ------------------------------
userweb-app  | JWT 驗證失敗 | Thread=http-nio-8080-exec-18 | URI=/api/user/me | Type=MalformedJwtException | Message=Invalid compact JWT string: Compact JWSs must contain exactly 2 period characters, and compact JWEs must contain exactly 4.  Found: 0
userweb-app  | -----------test_1790235755563_69------1234--------
userweb-app  | ### AUTH ### Thread=http-nio-8080-exec-42 | requestUsername=test_1790235755563_69
userweb-app  | ===========getbyname===================
userweb-app  | ----------------Optional[com.example.demo.model.User@649ecc81]
userweb-app  | ----------finish-------------
userweb-app  | ### AUTH USER ### requestUsername=test_1790235755563_69 | dbUsername=test_1790235755563_69 | userId=87
userweb-app  | ===========getbyname===================
userweb-app  | ----------------Optional[com.example.demo.model.User@312be9e3]
userweb-app  | ===========getbyname===================
userweb-app  | ===========getbyname===================
userweb-app  | ----------------Optional[com.example.demo.model.User@3817d3e6]
userweb-app  | ----------------Optional[com.example.demo.model.User@51c48bef]
userweb-app  | ------------------------------
userweb-app  | ------------------------------
userweb-app  | ===========getbyname===================
userweb-app  | ===========getbyname===================
userweb-app  | JWT 驗證失敗 | Thread=http-nio-8080-exec-49 | URI=/api/user/me | Type=MalformedJwtException | Message=Invalid compact JWT string: Compact JWSs must contain exactly 2 period characters, and compact JWEs must contain exactly 4.  Found: 0
userweb-app  | JWT 驗證失敗 | Thread=http-nio-8080-exec-49 | URI=/api/user/me | Type=MalformedJwtException | Message=Invalid compact JWT string: Compact JWSs must contain exactly 2 period characters, and compact JWEs must contain exactly 4.  Found: 0
userweb-app  | ----------------Optional[com.example.demo.model.User@55a9bd60]
userweb-app  | ===========getbyname===================
userweb-app  | ----------------Optional[com.example.demo.model.User@a8ed53]
userweb-app  | ------------------------------
userweb-app  | ===========getbyname===================
userweb-app  | ----------------Optional[com.example.demo.model.User@13aa2f7d]
userweb-app  | ------------------------------
userweb-app  | ----------------Optional[com.example.demo.model.User@1ffb67f0]
userweb-app  | -----------test_1790235755760_55------1234--------
userweb-app  | ### AUTH ### Thread=http-nio-8080-exec-40 | requestUsername=test_1790235755760_55
userweb-app  | ===========getbyname===================
userweb-app  | ----------------Optional[com.example.demo.model.User@2a16d62]
userweb-app  | -----------test_1790235755856_66------1234--------
userweb-app  | ### AUTH ### Thread=http-nio-8080-exec-14 | requestUsername=test_1790235755856_66
userweb-app  | ===========getbyname===================
userweb-app  | ----------------Optional[com.example.demo.model.User@22359883]
userweb-app  | ----------finish-------------
userweb-app  | ### AUTH USER ### requestUsername=test_1790235755856_66 | dbUsername=test_1790235755856_66 | userId=89
userweb-app  | ===========getbyname===================
userweb-app  | ----------------Optional[com.example.demo.model.User@3f8994ee]
userweb-app  | ----------finish-------------
userweb-app  | ===========getbyname===================
userweb-app  | ### AUTH USER ### requestUsername=test_1790235755760_55 | dbUsername=test_1790235755760_55 | userId=88
userweb-app  | ----------------Optional[com.example.demo.model.User@4abffc49]
userweb-app  | ===========getbyname===================
userweb-app  | ----------------Optional[com.example.demo.model.User@41f37286]
userweb-app  | ------------------------------
userweb-app  | ===========getbyname===================
userweb-app  | ----------------Optional[com.example.demo.model.User@a015df8]
userweb-app  | ===========getbyname===================
userweb-app  | ----------------Optional[com.example.demo.model.User@194e04d7]
userweb-app  | ------------------------------
userweb-app  | ===========getbyname===================
userweb-app  | ----------------Optional[com.example.demo.model.User@4403c6f1]
userweb-app  | ===========getbyname===================
userweb-app  | ----------------Optional[com.example.demo.model.User@355a1b9d]
userweb-app  | ------------------------------
userweb-app  | ===========getbyname===================
userweb-app  | ----------------Optional[com.example.demo.model.User@1b886928]
userweb-app  | ===========getbyname===================
userweb-app  | ----------------Optional[com.example.demo.model.User@2a3af478]
userweb-app  | ------------------------------
userweb-app  | ===========getbyname===================
userweb-app  | ----------------Optional[com.example.demo.model.User@10845d38]
userweb-app  | ===========getbyname===================
userweb-app  | ----------------Optional[com.example.demo.model.User@2e512a47]
userweb-app  | ===========getbyname===================
userweb-app  | ===========getbyname===================
userweb-app  | ===========getbyname===================
userweb-app  | ----------------Optional[com.example.demo.model.User@24af9e54]
userweb-app  | ----------------Optional[com.example.demo.model.User@782b819d]
userweb-app  | ===========getbyname===================
userweb-app  | ----------------Optional[com.example.demo.model.User@4272da7d]
userweb-app  | ===========getbyname===================
userweb-app  | ----------------Optional[com.example.demo.model.User@5c66660d]
userweb-app  | ===========getbyname===================
userweb-app  | ===========getbyname===================
userweb-app  | ----------------Optional[com.example.demo.model.User@4223d89a]
userweb-app  | ----------------Optional[com.example.demo.model.User@3da81352]
userweb-app  | ===========getbyname===================
userweb-app  | ===========getbyname===================
userweb-app  | ----------------Optional[com.example.demo.model.User@7f816a68]
userweb-app  | ----------------Optional[com.example.demo.model.User@3ebe19a3]
userweb-app  | ----------------Optional[com.example.demo.model.User@20ef759]
userweb-app  | ---------me 200---------
userweb-app  | ===========getbyname===================
userweb-app  | ===========getbyname===================
userweb-app  | ----------------Optional[com.example.demo.model.User@222946c1]
userweb-app  | ----------------Optional[com.example.demo.model.User@42885262]
userweb-app  | ===========getbyname===================
userweb-app  | ===========getbyname===================
userweb-app  | ----------------Optional[com.example.demo.model.User@1d632bde]
userweb-app  | ===========getbyname===================
userweb-app  | ===========getbyname===================
userweb-app  | ----------------Optional[com.example.demo.model.User@945ff88]
userweb-app  | ===========getbyname===================
userweb-app  | ----------------Optional[com.example.demo.model.User@2d4994fe]
userweb-app  | ===========getbyname===================
userweb-app  | ===========getbyname===================
userweb-app  | ----------------Optional[com.example.demo.model.User@17f3a34]
userweb-app  | ===========getbyname===================
userweb-app  | ----------------Optional[com.example.demo.model.User@3b99d4db]
userweb-app  | ===========getbyname===================
userweb-app  | ---------me 200---------
userweb-app  | ----------------Optional[com.example.demo.model.User@5cd68cb0]
userweb-app  | ===========getbyname===================
userweb-app  | ----------------Optional[com.example.demo.model.User@1511350d]
userweb-app  | ----------------Optional[com.example.demo.model.User@6797e0aa]
userweb-app  | ===========getbyname===================
userweb-app  | ----------------Optional[com.example.demo.model.User@6ba49533]
userweb-app  | ===========getbyname===================
userweb-app  | ----------------Optional[com.example.demo.model.User@51218f76]
userweb-app  | ---------me 200---------
userweb-app  | ===========getbyname===================
userweb-app  | ===========getbyname===================
userweb-app  | ----------------Optional[com.example.demo.model.User@7acd734d]
userweb-app  | ===========getbyname===================
userweb-app  | ----------------Optional[com.example.demo.model.User@5c24832f]
userweb-app  | ===========getbyname===================
userweb-app  | ----------------Optional[com.example.demo.model.User@1409e9d2]
userweb-app  | ===========getbyname===================
userweb-app  | ----------------Optional[com.example.demo.model.User@7cd6a03]
userweb-app  | ===========getbyname===================
userweb-app  | ----------------Optional[com.example.demo.model.User@44882625]
userweb-app  | ===========getbyname===================
userweb-app  | ----------------Optional[com.example.demo.model.User@351be699]
userweb-app  | ----------------Optional[com.example.demo.model.User@65dfc0bf]
userweb-app  | ===========getbyname===================
userweb-app  | ===========getbyname===================
userweb-app  | ===========getbyname===================
userweb-app  | ----------------Optional[com.example.demo.model.User@341239d8]
userweb-app  | ---------me 200---------
userweb-app  | ===========getbyname===================
userweb-app  | ----------------Optional[com.example.demo.model.User@6f858571]
userweb-app  | ----------------Optional[com.example.demo.model.User@70951db7]
userweb-app  | ===========getbyname===================
userweb-app  | ===========getbyname===================
userweb-app  | ----------------Optional[com.example.demo.model.User@1b05fdcd]
userweb-app  | ---------me 200---------
userweb-app  | ===========getbyname===================
userweb-app  | ===========getbyname===================
userweb-app  | ----------------Optional[com.example.demo.model.User@586893a1]
userweb-app  | ----------------Optional[com.example.demo.model.User@5636327b]
userweb-app  | ===========getbyname===================
userweb-app  | ----------------Optional[com.example.demo.model.User@ae0d0f5]
userweb-app  | ===========getbyname===================
userweb-app  | ===========getbyname===================
userweb-app  | ===========getbyname===================
userweb-app  | ----------------Optional[com.example.demo.model.User@5f3dfbef]
userweb-app  | ----------------Optional[com.example.demo.model.User@32a3f2c3]
userweb-app  | ---------me 200---------
userweb-app  | ---------me 200---------
userweb-app  | ----------------Optional[com.example.demo.model.User@4ae4ca11]
userweb-app  | ---------me 200---------
userweb-app  | ===========getbyname===================
userweb-app  | ===========getbyname===================
userweb-app  | ----------------Optional[com.example.demo.model.User@6a98536b]
userweb-app  | ----------------Optional[com.example.demo.model.User@57019413]
userweb-app  | ---------me 200---------
userweb-app  | ----------------Optional[com.example.demo.model.User@3838525c]
userweb-app  | ----------------Optional[com.example.demo.model.User@32dafaf2]
userweb-app  | ===========getbyname===================
userweb-app  | ----------------Optional[com.example.demo.model.User@2043ccfc]
userweb-app  | ===========getbyname===================
userweb-app  | ----------------Optional[com.example.demo.model.User@21003ac5]
userweb-app  | ===========getbyname===================
userweb-app  | ----------------Optional[com.example.demo.model.User@31ef2302]
userweb-app  | ===========getbyname===================
userweb-app  | ----------------Optional[com.example.demo.model.User@2dd26983]
userweb-app  | ===========getbyname===================
userweb-app  | ===========getbyname===================
userweb-app  | ----------------Optional[com.example.demo.model.User@57f551aa]
userweb-app  | ===========getbyname===================
userweb-app  | ===========getbyname===================
userweb-app  | ===========getbyname===================
userweb-app  | ----------------Optional[com.example.demo.model.User@3e9c9ce7]
userweb-app  | ===========getbyname===================
userweb-app  | ----------------Optional[com.example.demo.model.User@1131b40c]
userweb-app  | ---------me 200---------
userweb-app  | ===========getbyname===================
userweb-app  | ----------------Optional[com.example.demo.model.User@23ebda76]
userweb-app  | ===========getbyname===================
userweb-app  | ----------------Optional[com.example.demo.model.User@38feccb3]
userweb-app  | ===========getbyname===================
userweb-app  | ===========getbyname===================
userweb-app  | ----------------Optional[com.example.demo.model.User@23b4c063]
userweb-app  | ===========getbyname===================
userweb-app  | ===========getbyname===================
userweb-app  | ----------------Optional[com.example.demo.model.User@18bc69a0]
userweb-app  | ===========getbyname===================
userweb-app  | ----------------Optional[com.example.demo.model.User@65faf996]
userweb-app  | ===========getbyname===================
userweb-app  | ===========getbyname===================
userweb-app  | ----------------Optional[com.example.demo.model.User@372501df]
userweb-app  | ===========getbyname===================
userweb-app  | ----------------Optional[com.example.demo.model.User@40d31c8c]
userweb-app  | ---------me 200---------
userweb-app  | ----------------Optional[com.example.demo.model.User@13d9e50e]
userweb-app  | ===========getbyname===================
userweb-app  | ----------------Optional[com.example.demo.model.User@47178a1e]
userweb-app  | ---------me 200---------
userweb-app  | ===========getbyname===================
userweb-app  | ===========getbyname===================
userweb-app  | ----------------Optional[com.example.demo.model.User@6f14338]
userweb-app  | ----------------Optional[com.example.demo.model.User@1f48d83f]
userweb-app  | ===========getbyname===================
userweb-app  | ----------------Optional[com.example.demo.model.User@3e2d3d27]
userweb-app  | ---------me 200---------
userweb-app  | ===========getbyname===================
userweb-app  | ===========getbyname===================
userweb-app  | ----------------Optional[com.example.demo.model.User@6ce642e7]
userweb-app  | ===========getbyname===================
userweb-app  | ===========getbyname===================
userweb-app  | ---------me 200---------
userweb-app  | ===========getbyname===================
userweb-app  | ----------------Optional[com.example.demo.model.User@28d437e2]
userweb-app  | ----------------Optional[com.example.demo.model.User@691f1ab0]
userweb-app  | ===========getbyname===================
userweb-app  | ===========getbyname===================
userweb-app  | ===========getbyname===================
userweb-app  | ----------------Optional[com.example.demo.model.User@5b465616]
userweb-app  | ----------------Optional[com.example.demo.model.User@7d16d775]
userweb-app  | ----------------Optional[com.example.demo.model.User@1d5866d1]
userweb-app  | -----------test_1790235759315_48------1234--------
userweb-app  | ### AUTH ### Thread=http-nio-8080-exec-24 | requestUsername=test_1790235759315_48
userweb-app  | ===========getbyname===================
userweb-app  | ===========getbyname===================
userweb-app  | ----------------Optional[com.example.demo.model.User@db985dc]
userweb-app  | ----------------Optional[com.example.demo.model.User@4d0951a9]
userweb-app  | ===========getbyname===================
userweb-app  | ===========getbyname===================
userweb-app  | ----------------Optional[com.example.demo.model.User@1797225]
userweb-app  | ===========getbyname===================
userweb-app  | ----------------Optional[com.example.demo.model.User@6b41431f]
userweb-app  | ===========getbyname===================
userweb-app  | ===========getbyname===================
userweb-app  | ----------------Optional[com.example.demo.model.User@62096189]
userweb-app  | ===========getbyname===================
userweb-app  | ----------------Optional[com.example.demo.model.User@5efcfd66]
userweb-app  | ----------------Optional[com.example.demo.model.User@718b773e]
userweb-app  | ---------me 200---------
userweb-app  | ===========getbyname===================
userweb-app  | ===========getbyname===================
userweb-app  | ===========getbyname===================
userweb-app  | ----------------Optional[com.example.demo.model.User@40a94e7c]
userweb-app  | ----------------Optional[com.example.demo.model.User@5f7b8695]
userweb-app  | ----------------Optional[com.example.demo.model.User@412669c5]
userweb-app  | ===========getbyname===================
userweb-app  | ----------------Optional[com.example.demo.model.User@62e64862]
userweb-app  | ----------------Optional[com.example.demo.model.User@43f2ff44]
userweb-app  | ----------------Optional[com.example.demo.model.User@63da9960]
userweb-app  | ----------------Optional[com.example.demo.model.User@757fefaf]
userweb-app  | ---------me 200---------
userweb-app  | ===========getbyname===================
userweb-app  | ----------------Optional[com.example.demo.model.User@2bee52fc]
userweb-app  | ----------------Optional[com.example.demo.model.User@73a9a5d0]
userweb-app  | ===========getbyname===================
userweb-app  | ----------------Optional[com.example.demo.model.User@287a7d64]
userweb-app  | ===========getbyname===================
userweb-app  | ===========getbyname===================
userweb-app  | ----------------Optional[com.example.demo.model.User@74a55ee2]
userweb-app  | ===========getbyname===================
userweb-app  | ----------------Optional[com.example.demo.model.User@5e35589b]
userweb-app  | ===========getbyname===================
userweb-app  | ===========getbyname===================
userweb-app  | ----------------Optional[com.example.demo.model.User@711bc92b]
userweb-app  | ===========getbyname===================
userweb-app  | ===========getbyname===================
userweb-app  | ===========getbyname===================
userweb-app  | -----------test_1790235759471_44------1234--------
userweb-app  | ### AUTH ### Thread=http-nio-8080-exec-11 | requestUsername=test_1790235759471_44
userweb-app  | ===========getbyname===================
userweb-app  | ----------------Optional[com.example.demo.model.User@1f2d6af0]
userweb-app  | ----------------Optional[com.example.demo.model.User@70e7f2b9]
userweb-app  | ----------------Optional[com.example.demo.model.User@2043b9c4]
userweb-app  | ----------------Optional[com.example.demo.model.User@15b6ea2c]
userweb-app  | ----------------Optional[com.example.demo.model.User@2b0fdf8a]
userweb-app  | ===========getbyname===================
userweb-app  | ===========getbyname===================
userweb-app  | ===========getbyname===================
userweb-app  | ----------------Optional[com.example.demo.model.User@29ab58c3]
userweb-app  | ----------------Optional[com.example.demo.model.User@8840f1c]
userweb-app  | ----------------Optional[com.example.demo.model.User@20d54348]
userweb-app  | ----------------Optional[com.example.demo.model.User@45ae6f21]
userweb-app  | ===========getbyname===================
userweb-app  | ===========getbyname===================
userweb-app  | ===========getbyname===================
userweb-app  | ----------------Optional[com.example.demo.model.User@115319c2]
userweb-app  | ---------me 200---------
userweb-app  | ===========getbyname===================
userweb-app  | ----------------Optional[com.example.demo.model.User@5b34dee6]
userweb-app  | ---------me 200---------
userweb-app  | ===========getbyname===================
userweb-app  | -----------test_1790235759430_20------1234--------
userweb-app  | ### AUTH ### Thread=http-nio-8080-exec-53 | requestUsername=test_1790235759430_20
userweb-app  | ===========getbyname===================
userweb-app  | ===========getbyname===================
userweb-app  | ===========getbyname===================
userweb-app  | ----------------Optional[com.example.demo.model.User@7c1ef798]
userweb-app  | ===========getbyname===================
userweb-app  | ===========getbyname===================
userweb-app  | ----------------Optional[com.example.demo.model.User@2ecbaef7]
userweb-app  | ===========getbyname===================
userweb-app  | ----------------Optional[com.example.demo.model.User@14ad3dcc]
userweb-app  | ===========getbyname===================
userweb-app  | ===========getbyname===================
userweb-app  | ----------------Optional[com.example.demo.model.User@1ffd3b2d]
userweb-app  | ===========getbyname===================
userweb-app  | ===========getbyname===================
userweb-app  | ===========getbyname===================
userweb-app  | ----------------Optional[com.example.demo.model.User@21412bd0]
userweb-app  | ---------me 200---------
userweb-app  | ===========getbyname===================
userweb-app  | ----------------Optional[com.example.demo.model.User@7747114e]
userweb-app  | ===========getbyname===================
userweb-app  | ---------me 200---------
userweb-app  | ----------------Optional[com.example.demo.model.User@17eba8d2]
userweb-app  | ---------me 200---------
userweb-app  | ===========getbyname===================
userweb-app  | ---------me 200---------
userweb-app  | ----------------Optional[com.example.demo.model.User@68b8c526]
userweb-app  | ===========getbyname===================
userweb-app  | ===========getbyname===================
userweb-app  | ===========getbyname===================
userweb-app  | ===========getbyname===================
userweb-app  | ===========getbyname===================
userweb-app  | ----------------Optional[com.example.demo.model.User@7f554d4f]
userweb-app  | ---------me 200---------
userweb-app  | ----------------Optional[com.example.demo.model.User@52cd3a09]
userweb-app  | ----------------Optional[com.example.demo.model.User@5fa9de01]
userweb-app  | ----------------Optional[com.example.demo.model.User@53ce2003]
userweb-app  | ---------me 200---------
userweb-app  | ===========getbyname===================
userweb-app  | ----------------Optional[com.example.demo.model.User@60b7fea7]
userweb-app  | ----------------Optional[com.example.demo.model.User@1d30f91]
userweb-app  | ---------me 200---------
userweb-app  | ---------me 200---------
userweb-app  | ===========getbyname===================
userweb-app  | ===========getbyname===================
userweb-app  | ===========getbyname===================
userweb-app  | ----------------Optional[com.example.demo.model.User@15b4e158]
userweb-app  | ----------------Optional[com.example.demo.model.User@3ec63690]
userweb-app  | ---------me 200---------
userweb-app  | ----------------Optional[com.example.demo.model.User@6fa8d5f9]
userweb-app  | ----------------Optional[com.example.demo.model.User@5f20f85d]
userweb-app  | ---------me 200---------
userweb-app  | ===========getbyname===================
userweb-app  | ===========getbyname===================
userweb-app  | -----------test_1790235759333_43------1234--------
userweb-app  | ### AUTH ### Thread=http-nio-8080-exec-44 | requestUsername=test_1790235759333_43
userweb-app  | ===========getbyname===================
userweb-app  | ===========getbyname===================
userweb-app  | ----------------Optional[com.example.demo.model.User@41b19d45]
userweb-app  | ===========getbyname===================
userweb-app  | ----------------Optional[com.example.demo.model.User@1d0b3121]
userweb-app  | ---------me 200---------
userweb-app  | ===========getbyname===================
userweb-app  | ----------------Optional[com.example.demo.model.User@7eea37f9]
userweb-app  | ----------------Optional[com.example.demo.model.User@72d0817e]
userweb-app  | ---------me 200---------
userweb-app  | ----------------Optional[com.example.demo.model.User@e54f2fc]
userweb-app  | ===========getbyname===================
userweb-app  | ---------me 200---------
userweb-app  | ---------me 200---------
userweb-app  | ----------------Optional[com.example.demo.model.User@1d6ec161]
userweb-app  | ----------------Optional[com.example.demo.model.User@4cfa000a]
userweb-app  | ===========getbyname===================
userweb-app  | ----------finish-------------
userweb-app  | ### AUTH USER ### requestUsername=test_1790235759315_48 | dbUsername=test_1790235759315_48 | userId=117
userweb-app  | ===========getbyname===================
userweb-app  | ----------------Optional[com.example.demo.model.User@20eac322]
userweb-app  | ---------me 200---------
userweb-app  | ----------------Optional[com.example.demo.model.User@355cb348]
userweb-app  | ----------finish-------------
userweb-app  | ### AUTH USER ### requestUsername=test_1790235759333_43 | dbUsername=test_1790235759333_43 | userId=121
userweb-app  | ===========getbyname===================
userweb-app  | ===========getbyname===================
userweb-app  | ===========getbyname===================
userweb-app  | ----------------Optional[com.example.demo.model.User@46de8280]
userweb-app  | ----------------Optional[com.example.demo.model.User@35d2a16c]
userweb-app  | ===========getbyname===================
userweb-app  | ---------me 200---------
userweb-app  | ----------------Optional[com.example.demo.model.User@1368ffad]
userweb-app  | ===========getbyname===================
userweb-app  | ---------me 200---------
userweb-app  | ---------me 200---------
userweb-app  | -----------test_1790235759434_16------1234--------
userweb-app  | ### AUTH ### Thread=http-nio-8080-exec-27 | requestUsername=test_1790235759434_16
userweb-app  | ===========getbyname===================
userweb-app  | ===========getbyname===================
userweb-app  | ----------------Optional[com.example.demo.model.User@61537a36]
userweb-app  | ----------finish-------------
userweb-app  | ----------------Optional[com.example.demo.model.User@27ace4a8]
userweb-app  | ----------------Optional[com.example.demo.model.User@586eb8b8]
userweb-app  | ----------------Optional[com.example.demo.model.User@35093da1]
userweb-app  | ----------------Optional[com.example.demo.model.User@414402a4]
userweb-app  | ---------me 200---------
userweb-app  | ----------------Optional[com.example.demo.model.User@4cb0dcba]
userweb-app  | -----------test_1790235759232_5------1234--------
userweb-app  | ### AUTH ### Thread=http-nio-8080-exec-26 | requestUsername=test_1790235759232_5
userweb-app  | ===========getbyname===================
userweb-app  | ----------------Optional[com.example.demo.model.User@5020b19f]
userweb-app  | ----------finish-------------
userweb-app  | ### AUTH USER ### requestUsername=test_1790235759434_16 | dbUsername=test_1790235759434_16 | userId=119
userweb-app  | ===========getbyname===================
userweb-app  | ----------------Optional[com.example.demo.model.User@50d08f8]
userweb-app  | ----------------Optional[com.example.demo.model.User@22f40bcf]
userweb-app  | ---------me 200---------
userweb-app  | ---------me 200---------
userweb-app  | ===========getbyname===================
userweb-app  | ----------------Optional[com.example.demo.model.User@12c5585]
userweb-app  | User 初始資料建立完成
userweb-app  | ===========getbyname===================
userweb-app  | ----------------Optional[com.example.demo.model.User@3b4c16ff]
userweb-app  | ----------------Optional[com.example.demo.model.User@314414c6]
userweb-app  | ----------finish-------------
userweb-app  | ### AUTH USER ### requestUsername=test_1790235759430_20 | dbUsername=test_1790235759430_20 | userId=120
userweb-app  | ===========getbyname===================
userweb-app  | ----------------Optional[com.example.demo.model.User@271cbcd0]
userweb-app  | ---------me 200---------
userweb-app  | ----------------Optional[com.example.demo.model.User@11e5cc6d]
userweb-app  | ---------me 200---------
userweb-app  | ===========getbyname===================
userweb-app  | ----------------Optional[com.example.demo.model.User@260de15]
userweb-app  | ---------me 200---------
userweb-app  | ===========getbyname===================
userweb-app  | ===========getbyname===================
userweb-app  | ----------------Optional[com.example.demo.model.User@57024c88]
userweb-app  | ---------me 200---------
userweb-app  | ---------me 200---------
userweb-app  | ===========getbyname===================
userweb-app  | ===========getbyname===================
userweb-app  | ----------------Optional[com.example.demo.model.User@7a3af080]
userweb-app  | ---------me 200---------
userweb-app  | ----------------Optional[com.example.demo.model.User@5d766140]
userweb-app  | -----------test_1790235759694_37------1234--------
userweb-app  | ### AUTH ### Thread=http-nio-8080-exec-39 | requestUsername=test_1790235759694_37
userweb-app  | ===========getbyname===================
userweb-app  | ---------me 200---------
userweb-app  | ----------------Optional[com.example.demo.model.User@47450cd5]
userweb-app  | ----------finish-------------
userweb-app  | ### AUTH USER ### requestUsername=test_1790235759694_37 | dbUsername=test_1790235759694_37 | userId=128
userweb-app  | ===========getbyname===================
userweb-app  | ----------------Optional[com.example.demo.model.User@3b04be35]
userweb-app  | ----------------Optional[com.example.demo.model.User@39f1a216]
userweb-app  | ---------me 200---------
userweb-app  | ===========getbyname===================
userweb-app  | ----------------Optional[com.example.demo.model.User@7afa2404]
userweb-app  | ---------me 200---------
userweb-app  | ===========getbyname===================
userweb-app  | ===========getbyname===================
userweb-app  | ----------------Optional[com.example.demo.model.User@242d2132]
userweb-app  | ---------me 200---------
userweb-app  | ----------------Optional[com.example.demo.model.User@3922d0ec]
userweb-app  | ----------------Optional[com.example.demo.model.User@8ddd98f]
userweb-app  | -----------test_1790235759951_40------1234--------
userweb-app  | ### AUTH ### Thread=http-nio-8080-exec-5 | requestUsername=test_1790235759951_40
userweb-app  | ===========getbyname===================
userweb-app  | ----------------Optional[com.example.demo.model.User@7815f110]
userweb-app  | ===========getbyname===================
userweb-app  | -----------test_1790235759464_26------1234--------
userweb-app  | ### AUTH ### Thread=http-nio-8080-exec-47 | requestUsername=test_1790235759464_26
userweb-app  | ===========getbyname===================
userweb-app  | ----------------Optional[com.example.demo.model.User@3d72f842]
userweb-app  | ----------------Optional[com.example.demo.model.User@44ca72de]
userweb-app  | ---------me 200---------
userweb-app  | -----------test_1790235759743_51------1234--------
userweb-app  | ### AUTH ### Thread=http-nio-8080-exec-64 | requestUsername=test_1790235759743_51
userweb-app  | ===========getbyname===================
userweb-app  | ----------------Optional[com.example.demo.model.User@35c54557]
userweb-app  | ----------finish-------------
userweb-app  | ### AUTH USER ### requestUsername=test_1790235759743_51 | dbUsername=test_1790235759743_51 | userId=133
userweb-app  | ----------------Optional[com.example.demo.model.User@450dc1ee]
userweb-app  | ----------------Optional[com.example.demo.model.User@7a12ae9]
userweb-app  | ===========getbyname===================
userweb-app  | ----------------Optional[com.example.demo.model.User@2fb177b]
userweb-app  | ===========getbyname===================
userweb-app  | ---------me 200---------
userweb-app  | ===========getbyname===================
userweb-app  | ----------------Optional[com.example.demo.model.User@37352c4a]
userweb-app  | ===========getbyname===================
userweb-app  | ----------------Optional[com.example.demo.model.User@3d07ed83]
userweb-app  | ---------me 200---------
userweb-app  | ===========getbyname===================
userweb-app  | ----------------Optional[com.example.demo.model.User@47f40e88]
userweb-app  | ----------------Optional[com.example.demo.model.User@3a11dae8]
userweb-app  | ----------------Optional[com.example.demo.model.User@68eb1a0e]
userweb-app  | ----------finish-------------
userweb-app  | ### AUTH USER ### requestUsername=test_1790235759464_26 | dbUsername=test_1790235759464_26 | userId=122
userweb-app  | ---------me 200---------
userweb-app  | ----------------Optional[com.example.demo.model.User@70951b52]
userweb-app  | ===========getbyname===================
userweb-app  | ----------------Optional[com.example.demo.model.User@7a6cd35]
userweb-app  | ---------me 200---------
userweb-app  | ---------me 200---------
userweb-app  | ---------me 200---------
userweb-app  | ----------------Optional[com.example.demo.model.User@73346d75]
userweb-app  | ---------me 200---------
userweb-app  | ---------me 200---------
userweb-app  | ===========getbyname===================
userweb-app  | ----------------Optional[com.example.demo.model.User@6e53f3f2]
userweb-app  | ------------------------------
userweb-app  | ===========getbyname===================
userweb-app  | -----------test_1790235759686_11------1234--------
userweb-app  | ### AUTH ### Thread=http-nio-8080-exec-67 | requestUsername=test_1790235759686_11
userweb-app  | ===========getbyname===================
userweb-app  | ----------------Optional[com.example.demo.model.User@5a698f4c]
userweb-app  | ===========getbyname===================
userweb-app  | ===========getbyname===================
userweb-app  | ### AUTH USER ### requestUsername=test_1790235759471_44 | dbUsername=test_1790235759471_44 | userId=118
userweb-app  | ----------------Optional[com.example.demo.model.User@ee895da]
userweb-app  | ----------------Optional[com.example.demo.model.User@399418cd]
userweb-app  | ----------------Optional[com.example.demo.model.User@3edb0b33]
userweb-app  | ----------finish-------------
userweb-app  | ### AUTH USER ### requestUsername=test_1790235759232_5 | dbUsername=test_1790235759232_5 | userId=123
userweb-app  | ---------me 200---------
userweb-app  | ---------me 200---------
userweb-app  | ===========getbyname===================
userweb-app  | ----------------Optional[com.example.demo.model.User@42f659ab]
userweb-app  | ----------------Optional[com.example.demo.model.User@5c9c5e4c]
userweb-app  | ---------me 200---------
userweb-app  | ----------finish-------------
userweb-app  | ### AUTH USER ### requestUsername=test_1790235759686_11 | dbUsername=test_1790235759686_11 | userId=124
userweb-app  | -----------test_1790235759690_18------1234--------
userweb-app  | ### AUTH ### Thread=http-nio-8080-exec-54 | requestUsername=test_1790235759690_18
userweb-app  | ===========getbyname===================
userweb-app  | ----------------Optional[com.example.demo.model.User@baabd0f]
userweb-app  | ----------------Optional[com.example.demo.model.User@71daf29b]
userweb-app  | ---------me 200---------
userweb-app  | ----------finish-------------
userweb-app  | ===========getbyname===================
userweb-app  | ### AUTH USER ### requestUsername=test_1790235759690_18 | dbUsername=test_1790235759690_18 | userId=125
userweb-app  | -----------test_1790235759968_13------1234--------
userweb-app  | ### AUTH ### Thread=http-nio-8080-exec-64 | requestUsername=test_1790235759968_13
userweb-app  | ===========getbyname===================
userweb-app  | ===========getbyname===================
userweb-app  | ----------------Optional[com.example.demo.model.User@52295eec]
userweb-app  | ---------me 200---------
userweb-app  | ===========getbyname===================
userweb-app  | ----------------Optional[com.example.demo.model.User@6b6c627a]
userweb-app  | ===========getbyname===================
userweb-app  | ---------me 200---------
userweb-app  | ----------------Optional[com.example.demo.model.User@32d49a45]
userweb-app  | ----------finish-------------
userweb-app  | ### AUTH USER ### requestUsername=test_1790235759968_13 | dbUsername=test_1790235759968_13 | userId=135
userweb-app  | ----------------Optional[com.example.demo.model.User@6d60a5be]
userweb-app  | ===========getbyname===================
userweb-app  | ----------finish-------------
userweb-app  | ### AUTH USER ### requestUsername=test_1790235759951_40 | dbUsername=test_1790235759951_40 | userId=131
userweb-app  | ===========getbyname===================
userweb-app  | ----------------Optional[com.example.demo.model.User@5ee05df6]
userweb-app  | ----------------Optional[com.example.demo.model.User@539705e3]
userweb-app  | ---------me 200---------
userweb-app  | ===========getbyname===================
userweb-app  | ----------------Optional[com.example.demo.model.User@890ae3c]
userweb-app  | ===========getbyname===================
userweb-app  | -----------test_1790235759922_33------1234--------
userweb-app  | ---------me 200---------
userweb-app  | ### AUTH ### Thread=http-nio-8080-exec-18 | requestUsername=test_1790235759922_33
userweb-app  | ===========getbyname===================
userweb-app  | ---------me 200---------
userweb-app  | ===========getbyname===================
userweb-app  | ----------------Optional[com.example.demo.model.User@4f9b5714]
userweb-app  | -----------test_1790235760129_12------1234--------
userweb-app  | ### AUTH ### Thread=http-nio-8080-exec-21 | requestUsername=test_1790235760129_12
userweb-app  | ===========getbyname===================
userweb-app  | ---------me 200---------
userweb-app  | ----------------Optional[com.example.demo.model.User@5c3170a2]
userweb-app  | ----------finish-------------
userweb-app  | ### AUTH USER ### requestUsername=test_1790235760129_12 | dbUsername=test_1790235760129_12 | userId=138
userweb-app  | ----------------Optional[com.example.demo.model.User@3556ab95]
userweb-app  | ---------me 200---------
userweb-app  | ---------me 200---------
userweb-app  | -----------test_1790235759981_24------1234--------
userweb-app  | ### AUTH ### Thread=http-nio-8080-exec-17 | requestUsername=test_1790235759981_24
userweb-app  | ===========getbyname===================
userweb-app  | ===========getbyname===================
userweb-app  | ----------------Optional[com.example.demo.model.User@b8213c0]
userweb-app  | ---------me 200---------
userweb-app  | -----------test_1790235759985_2------1234--------
userweb-app  | ### AUTH ### Thread=http-nio-8080-exec-34 | requestUsername=test_1790235759985_2
userweb-app  | ===========getbyname===================
userweb-app  | ===========getbyname===================
userweb-app  | ----------------Optional[com.example.demo.model.User@5447f183]
userweb-app  | ----------------Optional[com.example.demo.model.User@6ff223dd]
userweb-app  | ------------------------------
userweb-app  | ----------------Optional[com.example.demo.model.User@64a72866]
userweb-app  | -----------test_1790235759790_49------1234--------
userweb-app  | ### AUTH ### Thread=http-nio-8080-exec-55 | requestUsername=test_1790235759790_49
userweb-app  | ===========getbyname===================
userweb-app  | ----------------Optional[com.example.demo.model.User@5623816a]
userweb-app  | ----------------Optional[com.example.demo.model.User@186e09b4]
userweb-app  | ===========getbyname===================
userweb-app  | ----------finish-------------
userweb-app  | ### AUTH USER ### requestUsername=test_1790235759922_33 | dbUsername=test_1790235759922_33 | userId=136
userweb-app  | ---------me 200---------
userweb-app  | ----------------Optional[com.example.demo.model.User@31070243]
userweb-app  | ----------finish-------------
userweb-app  | ### AUTH USER ### requestUsername=test_1790235759790_49 | dbUsername=test_1790235759790_49 | userId=139
userweb-app  | -----------test_1790235759461_32------1234--------
userweb-app  | ### AUTH ### Thread=http-nio-8080-exec-27 | requestUsername=test_1790235759461_32
userweb-app  | ===========getbyname===================
userweb-app  | ----------------Optional[com.example.demo.model.User@3769088a]
userweb-app  | ----------finish-------------
userweb-app  | ### AUTH USER ### requestUsername=test_1790235759461_32 | dbUsername=test_1790235759461_32 | userId=127
userweb-app  | ----------------Optional[com.example.demo.model.User@6dce0756]
userweb-app  | ----------finish-------------
userweb-app  | ### AUTH USER ### requestUsername=test_1790235759985_2 | dbUsername=test_1790235759985_2 | userId=134
userweb-app  | ----------finish-------------
userweb-app  | ### AUTH USER ### requestUsername=test_1790235759981_24 | dbUsername=test_1790235759981_24 | userId=132
userweb-app  | ---------me 200---------
userweb-app  | ===========getbyname===================
userweb-app  | -----------test_1790235760271_46------1234--------
userweb-app  | ### AUTH ### Thread=http-nio-8080-exec-15 | requestUsername=test_1790235760271_46
userweb-app  | ===========getbyname===================
userweb-app  | ----------------Optional[com.example.demo.model.User@7ccf15a4]
userweb-app  | ----------------Optional[com.example.demo.model.User@122ecd6]
userweb-app  | ------------------------------
userweb-app  | ===========getbyname===================
userweb-app  | -----------test_1790235760161_7------1234--------
userweb-app  | ### AUTH ### Thread=http-nio-8080-exec-71 | requestUsername=test_1790235760161_7
userweb-app  | ----------------Optional[com.example.demo.model.User@2314557]
userweb-app  | ===========getbyname===================
userweb-app  | ----------finish-------------
userweb-app  | ### AUTH USER ### requestUsername=test_1790235760271_46 | dbUsername=test_1790235760271_46 | userId=141
userweb-app  | ===========getbyname===================
userweb-app  | ----------------Optional[com.example.demo.model.User@622f9725]
userweb-app  | ----------finish-------------
userweb-app  | ### AUTH USER ### requestUsername=test_1790235760161_7 | dbUsername=test_1790235760161_7 | userId=140
userweb-app  | ----------------Optional[com.example.demo.model.User@5c05f414]
userweb-app  | ===========getbyname===================
userweb-app  | ----------------Optional[com.example.demo.model.User@49d7fd67]
userweb-app  | ---------me 200---------
userweb-app  | ----------------Optional[com.example.demo.model.User@a7930ce]
userweb-app  | ------------------------------
userweb-app  | -----------test_1790235760288_22------1234--------
userweb-app  | ### AUTH ### Thread=http-nio-8080-exec-28 | requestUsername=test_1790235760288_22
userweb-app  | ===========getbyname===================
userweb-app  | ----------------Optional[com.example.demo.model.User@af7c115]
userweb-app  | ===========getbyname===================
userweb-app  | ----------------Optional[com.example.demo.model.User@828344a]
userweb-app  | ===========getbyname===================
userweb-app  | ----------------Optional[com.example.demo.model.User@34728cb1]
userweb-app  | ---------me 200---------
userweb-app  | ----------finish-------------
userweb-app  | ### AUTH USER ### requestUsername=test_1790235760288_22 | dbUsername=test_1790235760288_22 | userId=142
userweb-app  | ===========getbyname===================
userweb-app  | -----------test_1790235760071_3------1234--------
userweb-app  | ### AUTH ### Thread=http-nio-8080-exec-13 | requestUsername=test_1790235760071_3
userweb-app  | ===========getbyname===================
userweb-app  | ----------------Optional[com.example.demo.model.User@59688dd3]
userweb-app  | ----------------Optional[com.example.demo.model.User@40a48bc4]
userweb-app  | ----------finish-------------
userweb-app  | ### AUTH USER ### requestUsername=test_1790235760071_3 | dbUsername=test_1790235760071_3 | userId=137
userweb-app  | ------------------------------
userweb-app  | -----------test_1790235760498_6------1234--------
userweb-app  | ### AUTH ### Thread=http-nio-8080-exec-48 | requestUsername=test_1790235760498_6
userweb-app  | ===========getbyname===================
userweb-app  | ----------------Optional[com.example.demo.model.User@28fdd4fb]
userweb-app  | ===========getbyname===================
userweb-app  | ===========getbyname===================
userweb-app  | ----------------Optional[com.example.demo.model.User@69c044a8]
userweb-app  | ---------me 200---------
userweb-app  | ----------finish-------------
userweb-app  | ### AUTH USER ### requestUsername=test_1790235760498_6 | dbUsername=test_1790235760498_6 | userId=143
userweb-app  | ----------------Optional[com.example.demo.model.User@7207ec7a]
userweb-app  | -----------test_1790235759935_1------1234--------
userweb-app  | ### AUTH ### Thread=http-nio-8080-exec-12 | requestUsername=test_1790235759935_1
userweb-app  | ===========getbyname===================
userweb-app  | ----------------Optional[com.example.demo.model.User@4cf2bf00]
userweb-app  | ----------finish-------------
userweb-app  | ### AUTH USER ### requestUsername=test_1790235759935_1 | dbUsername=test_1790235759935_1 | userId=144
userweb-app  | ===========getbyname===================
userweb-app  | ----------------Optional[com.example.demo.model.User@25d249f4]
userweb-app  | ------------------------------
userweb-app  | ===========getbyname===================
userweb-app  | ----------------Optional[com.example.demo.model.User@772c2193]
userweb-app  | ===========getbyname===================
userweb-app  | ----------------Optional[com.example.demo.model.User@33bc2619]
userweb-app  | ---------me 200---------
userweb-app  | -----------test_1790235759961_15------1234--------
userweb-app  | ===========getbyname===================
userweb-app  | ----------------Optional[com.example.demo.model.User@716a1c9c]
userweb-app  | ### AUTH ### Thread=http-nio-8080-exec-16 | requestUsername=test_1790235759961_15
userweb-app  | ===========getbyname===================
userweb-app  | ----------------Optional[com.example.demo.model.User@68ef616e]
userweb-app  | ----------finish-------------
userweb-app  | ### AUTH USER ### requestUsername=test_1790235759961_15 | dbUsername=test_1790235759961_15 | userId=145
userweb-app  | ---------me 200---------
userweb-app  | ===========getbyname===================
userweb-app  | -----------test_1790235760164_34------1234--------
userweb-app  | ### AUTH ### Thread=http-nio-8080-exec-2 | requestUsername=test_1790235760164_34
userweb-app  | ===========getbyname===================
userweb-app  | ----------------Optional[com.example.demo.model.User@5f284d15]
userweb-app  | ===========getbyname===================
userweb-app  | ===========getbyname===================
userweb-app  | ----------------Optional[com.example.demo.model.User@68bf5939]
userweb-app  | ----------------Optional[com.example.demo.model.User@4fd55a10]
userweb-app  | ----------------Optional[com.example.demo.model.User@22326855]
userweb-app  | ------------------------------
userweb-app  | ------------------------------
userweb-app  | ------------------------------
userweb-app  | ----------finish-------------
userweb-app  | ### AUTH USER ### requestUsername=test_1790235760164_34 | dbUsername=test_1790235760164_34 | userId=146
userweb-app  | ===========getbyname===================
userweb-app  | ----------------Optional[com.example.demo.model.User@2431a19a]
userweb-app  | ------------------------------
userweb-app  | ===========getbyname===================
userweb-app  | ===========getbyname===================
userweb-app  | ----------------Optional[com.example.demo.model.User@6676d087]
userweb-app  | ----------------Optional[com.example.demo.model.User@7290e287]
userweb-app  | ===========getbyname===================
userweb-app  | ----------------Optional[com.example.demo.model.User@26a288fe]
userweb-app  | ===========getbyname===================
userweb-app  | ----------------Optional[com.example.demo.model.User@35a84673]
userweb-app  | ===========getbyname===================
userweb-app  | ----------------Optional[com.example.demo.model.User@136a489e]
userweb-app  | ---------me 200---------
userweb-app  | ===========getbyname===================
userweb-app  | ----------------Optional[com.example.demo.model.User@406fd037]
userweb-app  | ===========getbyname===================
userweb-app  | ----------------Optional[com.example.demo.model.User@73912b6]
userweb-app  | ------------------------------
userweb-app  | ===========getbyname===================
userweb-app  | ----------------Optional[com.example.demo.model.User@20136dfe]
userweb-app  | ===========getbyname===================
userweb-app  | ---------me 200---------
userweb-app  | ----------------Optional[com.example.demo.model.User@34f5fb19]
userweb-app  | ---------me 200---------
userweb-app  | ===========getbyname===================
userweb-app  | -----------test_1790235760096_31------1234--------
userweb-app  | ### AUTH ### Thread=http-nio-8080-exec-3 | requestUsername=test_1790235760096_31
userweb-app  | ===========getbyname===================
userweb-app  | ===========getbyname===================
userweb-app  | ---------me 200---------
userweb-app  | ===========getbyname===================
userweb-app  | -----------test_1790235759988_42------1234--------
userweb-app  | ### AUTH ### Thread=http-nio-8080-exec-21 | requestUsername=test_1790235759988_42
userweb-app  | ===========getbyname===================
userweb-app  | ----------------Optional[com.example.demo.model.User@3863693]
userweb-app  | ----------------Optional[com.example.demo.model.User@3163bc64]
userweb-app  | ----------------Optional[com.example.demo.model.User@39fd7a72]
userweb-app  | ------------------------------
userweb-app  | ===========getbyname===================
userweb-app  | ----------------Optional[com.example.demo.model.User@94a979c]
userweb-app  | ===========getbyname===================
userweb-app  | ---------me 200---------
userweb-app  | -----------test_1790235760260_10------1234--------
userweb-app  | ----------------Optional[com.example.demo.model.User@e5976bc]
userweb-app  | ---------me 200---------
userweb-app  | ### AUTH ### Thread=http-nio-8080-exec-56 | requestUsername=test_1790235760260_10
userweb-app  | ===========getbyname===================
userweb-app  | ===========getbyname===================
userweb-app  | -----------test_1790235759958_21------1234--------
userweb-app  | ### AUTH ### Thread=http-nio-8080-exec-69 | requestUsername=test_1790235759958_21
userweb-app  | ===========getbyname===================
userweb-app  | ----------------Optional[com.example.demo.model.User@855f3a5]
userweb-app  | ===========getbyname===================
userweb-app  | ----------finish-------------
userweb-app  | ### AUTH USER ### requestUsername=test_1790235760260_10 | dbUsername=test_1790235760260_10 | userId=150
userweb-app  | ----------------Optional[com.example.demo.model.User@4dfe4df7]
userweb-app  | ----------------Optional[com.example.demo.model.User@7bf1024]
userweb-app  | ----------finish-------------
userweb-app  | ### AUTH USER ### requestUsername=test_1790235759958_21 | dbUsername=test_1790235759958_21 | userId=149
userweb-app  | -----------test_1790235760034_19------1234--------
userweb-app  | ### AUTH ### Thread=http-nio-8080-exec-63 | requestUsername=test_1790235760034_19
userweb-app  | ===========getbyname===================
userweb-app  | ----------------Optional[com.example.demo.model.User@74254bb8]
userweb-app  | ----------finish-------------
userweb-app  | ### AUTH USER ### requestUsername=test_1790235760034_19 | dbUsername=test_1790235760034_19 | userId=147
userweb-app  | ----------------Optional[com.example.demo.model.User@4b0a149e]
userweb-app  | ------------------------------
userweb-app  | ----------------Optional[com.example.demo.model.User@41a18f7f]
userweb-app  | ---------me 200---------
userweb-app  | ===========getbyname===================
userweb-app  | ----------------Optional[com.example.demo.model.User@118129ac]
userweb-app  | ===========getbyname===================
userweb-app  | ---------me 200---------
userweb-app  | ----------------Optional[com.example.demo.model.User@92ee579]
userweb-app  | ---------me 200---------
userweb-app  | -----------test_1790235760109_45------1234--------
userweb-app  | ### AUTH ### Thread=http-nio-8080-exec-59 | requestUsername=test_1790235760109_45
userweb-app  | ===========getbyname===================
userweb-app  | ===========getbyname===================
userweb-app  | ----------------Optional[com.example.demo.model.User@30c30729]
userweb-app  | -----------test_1790235759990_47------1234--------
userweb-app  | ===========getbyname===================
userweb-app  | ----------------Optional[com.example.demo.model.User@78c6c945]
userweb-app  | -----------test_1790235760253_29------1234--------
userweb-app  | ### AUTH ### Thread=http-nio-8080-exec-52 | requestUsername=test_1790235760253_29
userweb-app  | ===========getbyname===================
userweb-app  | ----------finish-------------
userweb-app  | ### AUTH USER ### requestUsername=test_1790235759988_42 | dbUsername=test_1790235759988_42 | userId=151
userweb-app  | ----------------Optional[com.example.demo.model.User@12af910]
userweb-app  | ---------me 200---------
userweb-app  | ----------finish-------------
userweb-app  | ### AUTH USER ### requestUsername=test_1790235760253_29 | dbUsername=test_1790235760253_29 | userId=153
userweb-app  | ----------------Optional[com.example.demo.model.User@59b6ce95]
userweb-app  | ----------finish-------------
userweb-app  | ### AUTH USER ### requestUsername=test_1790235760109_45 | dbUsername=test_1790235760109_45 | userId=155
userweb-app  | ### AUTH ### Thread=http-nio-8080-exec-57 | requestUsername=test_1790235759990_47
userweb-app  | ===========getbyname===================
userweb-app  | ----------------Optional[com.example.demo.model.User@4d4e8bf3]
userweb-app  | ===========getbyname===================
userweb-app  | ----------finish-------------
userweb-app  | ### AUTH USER ### requestUsername=test_1790235760096_31 | dbUsername=test_1790235760096_31 | userId=152
userweb-app  | ----------------Optional[com.example.demo.model.User@2d4c2392]
userweb-app  | ------------------------------
userweb-app  | -----------test_1790235760122_4------1234--------
userweb-app  | ### AUTH ### Thread=http-nio-8080-exec-30 | requestUsername=test_1790235760122_4
userweb-app  | ===========getbyname===================
userweb-app  | ----------------Optional[com.example.demo.model.User@13bd963f]
userweb-app  | ----------------Optional[com.example.demo.model.User@1cbc9d39]
userweb-app  | ----------finish-------------
userweb-app  | ### AUTH USER ### requestUsername=test_1790235759990_47 | dbUsername=test_1790235759990_47 | userId=148
userweb-app  | ----------finish-------------
userweb-app  | ### AUTH USER ### requestUsername=test_1790235760122_4 | dbUsername=test_1790235760122_4 | userId=157
userweb-app  | ===========getbyname===================
userweb-app  | ===========getbyname===================
userweb-app  | ----------------Optional[com.example.demo.model.User@7b12512a]
userweb-app  | ---------me 200---------
userweb-app  | ===========getbyname===================
userweb-app  | ----------------Optional[com.example.demo.model.User@3c914fb7]
userweb-app  | ------------------------------
userweb-app  | ----------------Optional[com.example.demo.model.User@536b0b1f]
userweb-app  | -----------test_1790235760399_28------1234--------
userweb-app  | ### AUTH ### Thread=http-nio-8080-exec-14 | requestUsername=test_1790235760399_28
userweb-app  | ===========getbyname===================
userweb-app  | ----------------Optional[com.example.demo.model.User@2824fe98]
userweb-app  | -----------test_1790235759933_35------1234--------
userweb-app  | ### AUTH ### Thread=http-nio-8080-exec-55 | requestUsername=test_1790235759933_35
userweb-app  | ----------finish-------------
userweb-app  | ===========getbyname===================
userweb-app  | ### AUTH USER ### requestUsername=test_1790235760399_28 | dbUsername=test_1790235760399_28 | userId=156
userweb-app  | ===========getbyname===================
userweb-app  | ----------------Optional[com.example.demo.model.User@3eb0e409]
userweb-app  | ---------me 200---------
userweb-app  | ===========getbyname===================
userweb-app  | ===========getbyname===================
userweb-app  | ----------------Optional[com.example.demo.model.User@19a51322]
userweb-app  | ---------me 200---------
userweb-app  | ----------------Optional[com.example.demo.model.User@72d4f4f2]
userweb-app  | ----------------Optional[com.example.demo.model.User@72eb33e5]
userweb-app  | ---------me 200---------
userweb-app  | ===========getbyname===================
userweb-app  | ===========getbyname===================
userweb-app  | -----------test_1790235760501_9------1234--------
userweb-app  | ===========getbyname===================
userweb-app  | ----------------Optional[com.example.demo.model.User@202941cf]
userweb-app  | ===========getbyname===================
userweb-app  | ---------me 200---------
userweb-app  | ----------------Optional[com.example.demo.model.User@2c56c093]
userweb-app  | ------------------------------
userweb-app  | ### AUTH ### Thread=http-nio-8080-exec-25 | requestUsername=test_1790235760501_9
userweb-app  | ===========getbyname===================
userweb-app  | ----------------Optional[com.example.demo.model.User@6a3f3df9]
userweb-app  | ----------finish-------------
userweb-app  | ### AUTH USER ### requestUsername=test_1790235760501_9 | dbUsername=test_1790235760501_9 | userId=162
userweb-app  | ===========getbyname===================
userweb-app  | ----------------Optional[com.example.demo.model.User@2db4e75]
userweb-app  | ===========getbyname===================
userweb-app  | ----------------Optional[com.example.demo.model.User@7668a51a]
userweb-app  | ------------------------------
userweb-app  | ===========getbyname===================
userweb-app  | ----------------Optional[com.example.demo.model.User@26069c24]
userweb-app  | ----------------Optional[com.example.demo.model.User@6936c237]
userweb-app  | ===========getbyname===================
userweb-app  | ----------------Optional[com.example.demo.model.User@5a713174]
userweb-app  | ---------me 200---------
userweb-app  | ------------------------------
userweb-app  | ===========getbyname===================
userweb-app  | ----------------Optional[com.example.demo.model.User@71e931f9]
userweb-app  | ----------------Optional[com.example.demo.model.User@46e5184f]
userweb-app  | ------------------------------
userweb-app  | ===========getbyname===================
userweb-app  | ===========getbyname===================
userweb-app  | ===========getbyname===================
userweb-app  | ----------------Optional[com.example.demo.model.User@4d02ea51]
userweb-app  | ----------------Optional[com.example.demo.model.User@2412ab18]
userweb-app  | ------------------------------
userweb-app  | ===========getbyname===================
userweb-app  | ===========getbyname===================
userweb-app  | ----------------Optional[com.example.demo.model.User@7eb24671]
userweb-app  | ===========getbyname===================
userweb-app  | ---------me 200---------
userweb-app  | ----------------Optional[com.example.demo.model.User@668c02fd]
userweb-app  | ===========getbyname===================
userweb-app  | ----------------Optional[com.example.demo.model.User@2c362666]
userweb-app  | ------------------------------
userweb-app  | ------------------------------
userweb-app  | ------------------------------
userweb-app  | ----------------Optional[com.example.demo.model.User@7015aece]
userweb-app  | ------------------------------
userweb-app  | ----------------Optional[com.example.demo.model.User@65e1fa9]
userweb-app  | -----------test_1790235760308_8------1234--------
userweb-app  | ===========getbyname===================
userweb-app  | ### AUTH ### Thread=http-nio-8080-exec-34 | requestUsername=test_1790235760308_8
userweb-app  | ===========getbyname===================
userweb-app  | ===========getbyname===================
userweb-app  | ===========getbyname===================
userweb-app  | ----------------Optional[com.example.demo.model.User@10a33b2e]
userweb-app  | ----------------Optional[com.example.demo.model.User@2cc56d23]
userweb-app  | ----------finish-------------
userweb-app  | ### AUTH USER ### requestUsername=test_1790235760308_8 | dbUsername=test_1790235760308_8 | userId=159
userweb-app  | ===========getbyname===================
userweb-app  | ----------------Optional[com.example.demo.model.User@6ccaf70c]
userweb-app  | ===========getbyname===================
userweb-app  | ----------------Optional[com.example.demo.model.User@53ec2336]
userweb-app  | ------------------------------
userweb-app  | ----------finish-------------
userweb-app  | ### AUTH USER ### requestUsername=test_1790235759933_35 | dbUsername=test_1790235759933_35 | userId=154
userweb-app  | ----------------Optional[com.example.demo.model.User@2e89198d]
userweb-app  | ===========getbyname===================
userweb-app  | ----------------Optional[com.example.demo.model.User@6afddd05]
userweb-app  | ---------me 200---------
userweb-app  | ===========getbyname===================
userweb-app  | ----------------Optional[com.example.demo.model.User@2fef1a5a]
userweb-app  | ------------------------------
userweb-app  | -----------test_1790235760039_41------1234--------
userweb-app  | ### AUTH ### Thread=http-nio-8080-exec-49 | requestUsername=test_1790235760039_41
userweb-app  | ===========getbyname===================
userweb-app  | ===========getbyname===================
userweb-app  | ------------------------------
userweb-app  | ----------------Optional[com.example.demo.model.User@325577c3]
userweb-app  | ===========getbyname===================
userweb-app  | ---------me 200---------
userweb-app  | ===========getbyname===================
userweb-app  | ===========getbyname===================
userweb-app  | ----------------Optional[com.example.demo.model.User@3340bbdf]
userweb-app  | ----------------Optional[com.example.demo.model.User@7a3fae08]
userweb-app  | ----------------Optional[com.example.demo.model.User@3d02daf4]
userweb-app  | ===========getbyname===================
userweb-app  | -----------test_1790235759879_14------1234--------
userweb-app  | ### AUTH ### Thread=http-nio-8080-exec-1 | requestUsername=test_1790235759879_14
userweb-app  | ===========getbyname===================
userweb-app  | ----------------Optional[com.example.demo.model.User@7a44bd2c]
userweb-app  | ===========getbyname===================
userweb-app  | ---------me 200---------
userweb-app  | ----------finish-------------
userweb-app  | ### AUTH USER ### requestUsername=test_1790235759879_14 | dbUsername=test_1790235759879_14 | userId=160
userweb-app  | ----------------Optional[com.example.demo.model.User@10079c53]
userweb-app  | ------------------------------
userweb-app  | ===========getbyname===================
userweb-app  | ===========getbyname===================
userweb-app  | ----------------Optional[com.example.demo.model.User@15440c16]
userweb-app  | ===========getbyname===================
userweb-app  | ----------------Optional[com.example.demo.model.User@479d0c11]
userweb-app  | ----------finish-------------
userweb-app  | ### AUTH USER ### requestUsername=test_1790235760039_41 | dbUsername=test_1790235760039_41 | userId=165
userweb-app  | ------------------------------
userweb-app  | ===========getbyname===================
userweb-app  | ----------------Optional[com.example.demo.model.User@28113154]
userweb-app  | ---------me 200---------
userweb-app  | ===========getbyname===================
userweb-app  | ----------------Optional[com.example.demo.model.User@2f28fb49]
userweb-app  | ===========getbyname===================
userweb-app  | -----------test_1790235760025_50------1234--------
userweb-app  | ### AUTH ### Thread=http-nio-8080-exec-54 | requestUsername=test_1790235760025_50
userweb-app  | ===========getbyname===================
userweb-app  | ----------------Optional[com.example.demo.model.User@b5041c9]
userweb-app  | ----------finish-------------
userweb-app  | ### AUTH USER ### requestUsername=test_1790235760025_50 | dbUsername=test_1790235760025_50 | userId=158
userweb-app  | ----------------Optional[com.example.demo.model.User@4a81e623]
userweb-app  | ---------me 200---------
userweb-app  | ===========getbyname===================
userweb-app  | ===========getbyname===================
userweb-app  | ----------------Optional[com.example.demo.model.User@4e064f9e]
userweb-app  | ===========getbyname===================
userweb-app  | ----------------Optional[com.example.demo.model.User@53c20abe]
userweb-app  | ---------me 200---------
userweb-app  | ===========getbyname===================
userweb-app  | ------------------------------
userweb-app  | ------------------------------
userweb-app  | ===========getbyname===================
userweb-app  | ----------------Optional[com.example.demo.model.User@5e46762]
userweb-app  | ----------------Optional[com.example.demo.model.User@7a1e88d4]
userweb-app  | -----------test_1790235760221_27------1234--------
userweb-app  | ### AUTH ### Thread=http-nio-8080-exec-37 | requestUsername=test_1790235760221_27
userweb-app  | ===========getbyname===================
userweb-app  | ------------------------------
userweb-app  | ===========getbyname===================
userweb-app  | ----------------Optional[com.example.demo.model.User@33c897f6]
userweb-app  | -----------test_1790235760144_23------1234--------
userweb-app  | ### AUTH ### Thread=http-nio-8080-exec-5 | requestUsername=test_1790235760144_23
userweb-app  | ===========getbyname===================
userweb-app  | ----------------Optional[com.example.demo.model.User@70da242c]
userweb-app  | ----------finish-------------
userweb-app  | ### AUTH USER ### requestUsername=test_1790235760144_23 | dbUsername=test_1790235760144_23 | userId=163
userweb-app  | ===========getbyname===================
userweb-app  | ===========getbyname===================
userweb-app  | ----------------Optional[com.example.demo.model.User@70b7f0d0]
userweb-app  | ----------------Optional[com.example.demo.model.User@1c61f2b9]
userweb-app  | ------------------------------
userweb-app  | ----------------Optional[com.example.demo.model.User@538d8771]
userweb-app  | -----------test_1790235760412_39------1234--------
userweb-app  | ### AUTH ### Thread=http-nio-8080-exec-67 | requestUsername=test_1790235760412_39
userweb-app  | ===========getbyname===================
userweb-app  | ----------------Optional[com.example.demo.model.User@7ae503a6]
userweb-app  | ------------------------------
userweb-app  | -----------test_1790235760414_36------1234--------
userweb-app  | ### AUTH ### Thread=http-nio-8080-exec-23 | requestUsername=test_1790235760414_36
userweb-app  | ===========getbyname===================
userweb-app  | ----------------Optional[com.example.demo.model.User@7fae3ddc]
userweb-app  | ===========getbyname===================
userweb-app  | ----------------Optional[com.example.demo.model.User@3443130]
userweb-app  | ===========getbyname===================
userweb-app  | ----------------Optional[com.example.demo.model.User@6d9be640]
userweb-app  | ----------finish-------------
userweb-app  | ### AUTH USER ### requestUsername=test_1790235760414_36 | dbUsername=test_1790235760414_36 | userId=168
userweb-app  | ----------------Optional[com.example.demo.model.User@2edc7960]
userweb-app  | ---------me 200---------
userweb-app  | ===========getbyname===================
userweb-app  | ----------------Optional[com.example.demo.model.User@7f9a1874]
userweb-app  | ===========getbyname===================
userweb-app  | ----------------Optional[com.example.demo.model.User@1e04ed2d]
userweb-app  | ----------------Optional[com.example.demo.model.User@610a7578]
userweb-app  | -----------test_1790235759890_38------1234--------
userweb-app  | ### AUTH ### Thread=http-nio-8080-exec-17 | requestUsername=test_1790235759890_38
userweb-app  | ===========getbyname===================
userweb-app  | ===========getbyname===================
userweb-app  | ===========getbyname===================
userweb-app  | ----------------Optional[com.example.demo.model.User@266953ec]
userweb-app  | ----------finish-------------
userweb-app  | ### AUTH USER ### requestUsername=test_1790235759890_38 | dbUsername=test_1790235759890_38 | userId=166
userweb-app  | ----------------Optional[com.example.demo.model.User@4e33bfa5]
userweb-app  | ----------------Optional[com.example.demo.model.User@22b73943]
userweb-app  | -----------test_1790235760064_17------1234--------
userweb-app  | ### AUTH ### Thread=http-nio-8080-exec-22 | requestUsername=test_1790235760064_17
userweb-app  | ===========getbyname===================
userweb-app  | ===========getbyname===================
userweb-app  | ----------------Optional[com.example.demo.model.User@7d911fea]
userweb-app  | ------------------------------
userweb-app  | ----------------Optional[com.example.demo.model.User@64b8b888]
userweb-app  | ----------finish-------------
userweb-app  | ### AUTH USER ### requestUsername=test_1790235760064_17 | dbUsername=test_1790235760064_17 | userId=167
userweb-app  | -----------test_1790235760402_30------1234--------
userweb-app  | ### AUTH ### Thread=http-nio-8080-exec-59 | requestUsername=test_1790235760402_30
userweb-app  | ===========getbyname===================
userweb-app  | ----------------Optional[com.example.demo.model.User@249d4b22]
userweb-app  | ----------finish-------------
userweb-app  | ### AUTH USER ### requestUsername=test_1790235760221_27 | dbUsername=test_1790235760221_27 | userId=164
userweb-app  | ----------------Optional[com.example.demo.model.User@2bf14301]
userweb-app  | -----------test_1790235760283_25------1234--------
userweb-app  | ### AUTH ### Thread=http-nio-8080-exec-12 | requestUsername=test_1790235760283_25
userweb-app  | ===========getbyname===================
userweb-app  | ===========getbyname===================
userweb-app  | ----------------Optional[com.example.demo.model.User@722603cc]
userweb-app  | ----------finish-------------
userweb-app  | ----------------Optional[com.example.demo.model.User@37829125]
userweb-app  | ----------------Optional[com.example.demo.model.User@1f1c3759]
userweb-app  | ----------finish-------------
userweb-app  | ### AUTH USER ### requestUsername=test_1790235760283_25 | dbUsername=test_1790235760283_25 | userId=169
userweb-app  | ----------finish-------------
userweb-app  | ### AUTH USER ### requestUsername=test_1790235760412_39 | dbUsername=test_1790235760412_39 | userId=161
userweb-app  | ===========getbyname===================
userweb-app  | ----------------Optional[com.example.demo.model.User@37b95989]
userweb-app  | ------------------------------
userweb-app  | ### AUTH USER ### requestUsername=test_1790235760402_30 | dbUsername=test_1790235760402_30 | userId=170
userweb-app  | ----------------Optional[com.example.demo.model.User@4d7c346]
userweb-app  | ===========getbyname===================
userweb-app  | ----------------Optional[com.example.demo.model.User@749a2e6d]
userweb-app  | ------------------------------
userweb-app  | ===========getbyname===================
userweb-app  | ----------------Optional[com.example.demo.model.User@3aa123b8]
userweb-app  | ===========getbyname===================
userweb-app  | ----------------Optional[com.example.demo.model.User@70f6e944]
userweb-app  | ===========getbyname===================
userweb-app  | ----------------Optional[com.example.demo.model.User@2f982dfd]
userweb-app  | ------------------------------
userweb-app  | ===========getbyname===================
userweb-app  | ----------------Optional[com.example.demo.model.User@46f97aaa]
userweb-app  | ------------------------------
userweb-app  | ===========getbyname===================
userweb-app  | ----------------Optional[com.example.demo.model.User@5dda9bb2]
userweb-app  | ===========getbyname===================
userweb-app  | ----------------Optional[com.example.demo.model.User@7c483f36]
userweb-app  | ===========getbyname===================
userweb-app  | ----------------Optional[com.example.demo.model.User@7a06aa44]
userweb-app  | ------------------------------
userweb-app  | ===========getbyname===================
userweb-app  | ----------------Optional[com.example.demo.model.User@5ba8c9ac]
userweb-app  | ------------------------------
userweb-app  | ===========getbyname===================
userweb-app  | ===========getbyname===================
userweb-app  | ----------------Optional[com.example.demo.model.User@90eac43]
userweb-app  | ------------------------------
userweb-app  | ===========getbyname===================
userweb-app  | ----------------Optional[com.example.demo.model.User@3d1e534a]
userweb-app  | ----------------Optional[com.example.demo.model.User@5e75036f]
userweb-app  | ===========getbyname===================
userweb-app  | ------------------------------
userweb-app  | ===========getbyname===================
userweb-app  | ----------------Optional[com.example.demo.model.User@78ef7f66]
userweb-app  | ----------------Optional[com.example.demo.model.User@3ae665e]
userweb-app  | ===========getbyname===================
userweb-app  | ----------------Optional[com.example.demo.model.User@5cb66470]
userweb-app  | ===========getbyname===================
userweb-app  | ===========getbyname===================
userweb-app  | ----------------Optional[com.example.demo.model.User@5f854d56]
userweb-app  | ===========getbyname===================
userweb-app  | ------------------------------
userweb-app  | ----------------Optional[com.example.demo.model.User@474dacbd]
userweb-app  | ----------------Optional[com.example.demo.model.User@5c92b633]
userweb-app  | ------------------------------
userweb-app  | ------------------------------
userweb-app  | ===========getbyname===================
userweb-app  | ===========getbyname===================
userweb-app  | ===========getbyname===================
userweb-app  | ----------------Optional[com.example.demo.model.User@182a8296]
userweb-app  | ----------------Optional[com.example.demo.model.User@4da17572]
userweb-app  | ----------------Optional[com.example.demo.model.User@dc03155]
userweb-app  | ------------------------------
userweb-app  | ===========getbyname===================
userweb-app  | ----------------Optional[com.example.demo.model.User@2281c16]
userweb-app  | ===========getbyname===================
userweb-app  | ----------------Optional[com.example.demo.model.User@1cad64e2]
userweb-app  | ------------------------------
userweb-app  | ===========getbyname===================
userweb-app  | ----------------Optional[com.example.demo.model.User@3863611a]
userweb-app  | ===========getbyname===================
userweb-app  | ===========getbyname===================
userweb-app  | ----------------Optional[com.example.demo.model.User@259030ab]
userweb-app  | ----------------Optional[com.example.demo.model.User@9e48d07]
userweb-app  | ------------------------------
userweb-app  | ===========getbyname===================
userweb-app  | ----------------Optional[com.example.demo.model.User@543d9cb]
userweb-app  | ===========getbyname===================
userweb-app  | ----------------Optional[com.example.demo.model.User@56fff2fa]
userweb-app  | ------------------------------
userweb-app  | ===========getbyname===================
userweb-app  | ----------------Optional[com.example.demo.model.User@1d91b3d]
userweb-app  | ------------------------------
userweb-app  | ===========getbyname===================
userweb-app  | ----------------Optional[com.example.demo.model.User@6a8087b0]
userweb-app  | ===========getbyname===================
userweb-app  | ----------------Optional[com.example.demo.model.User@2246e0e1]
