userweb-app  | 
userweb-app  |   .   ____          _            __ _ _
userweb-app  |  /\\ / ___'_ __ _ _(_)_ __  __ _ \ \ \ \
userweb-app  | ( ( )\___ | '_ | '_| | '_ \/ _` | \ \ \ \
userweb-app  |  \\/  ___)| |_)| | | | | || (_| |  ) ) ) )
userweb-app  |   '  |____| .__|_| |_|_| |_\__, | / / / /
userweb-app  |  =========|_|==============|___/=/_/_/_/
userweb-app  | 
userweb-app  |  :: Spring Boot ::                (v4.1.1)
userweb-app  | 
userweb-app  | 2026-09-24T07:37:38.560Z  INFO 1 --- [UserWeb20260907] [           main] c.e.demo.UserWeb20260907Application      : Starting UserWeb20260907Application v0.0.1-SNAPSHOT using Java 21.0.12 with PID 1 (/app/app.jar started by root in /app)
userweb-app  | 2026-09-24T07:37:38.564Z  INFO 1 --- [UserWeb20260907] [           main] c.e.demo.UserWeb20260907Application      : No active profile set, falling back to 1 default profile: "default"
userweb-app  | 2026-09-24T07:37:39.594Z  INFO 1 --- [UserWeb20260907] [           main] .s.d.r.c.RepositoryConfigurationDelegate : Bootstrapping Spring Data JPA repositories in DEFAULT mode.
userweb-app  | 2026-09-24T07:37:39.661Z  INFO 1 --- [UserWeb20260907] [           main] .s.d.r.c.RepositoryConfigurationDelegate : Finished Spring Data repository scanning in 54 ms. Found 2 JPA repository interfaces.
userweb-app  | 2026-09-24T07:37:40.348Z  INFO 1 --- [UserWeb20260907] [           main] o.s.boot.tomcat.TomcatWebServer          : Tomcat initialized with port 8080 (http)
userweb-app  | 2026-09-24T07:37:40.365Z  INFO 1 --- [UserWeb20260907] [           main] o.apache.catalina.core.StandardService   : Starting service [Tomcat]
userweb-app  | 2026-09-24T07:37:40.366Z  INFO 1 --- [UserWeb20260907] [           main] o.apache.catalina.core.StandardEngine    : Starting Servlet engine: [Apache Tomcat/11.0.24]
userweb-app  | 2026-09-24T07:37:40.392Z  INFO 1 --- [UserWeb20260907] [           main] b.w.c.s.WebApplicationContextInitializer : Root WebApplicationContext: initialization completed in 1719 ms
userweb-app  | 2026-09-24T07:37:40.715Z  INFO 1 --- [UserWeb20260907] [           main] org.hibernate.orm.jpa                    : HHH008540: Processing PersistenceUnitInfo [name: default]
userweb-app  | 2026-09-24T07:37:40.770Z  INFO 1 --- [UserWeb20260907] [           main] org.hibernate.orm.core                   : HHH000001: Hibernate ORM core version 7.4.5.Final
userweb-app  | 2026-09-24T07:37:41.297Z  INFO 1 --- [UserWeb20260907] [           main] o.s.o.j.p.SpringPersistenceUnitInfo      : No LoadTimeWeaver setup: ignoring JPA class transformer
userweb-app  | 2026-09-24T07:37:41.318Z  INFO 1 --- [UserWeb20260907] [           main] com.zaxxer.hikari.HikariDataSource       : HikariPool-1 - Starting...
userweb-app  | 2026-09-24T07:37:41.670Z  INFO 1 --- [UserWeb20260907] [           main] com.zaxxer.hikari.pool.HikariPool        : HikariPool-1 - Added connection com.mysql.cj.jdbc.ConnectionImpl@21eedcde
userweb-app  | 2026-09-24T07:37:41.673Z  INFO 1 --- [UserWeb20260907] [           main] com.zaxxer.hikari.HikariDataSource       : HikariPool-1 - Start completed.
userweb-app  | 2026-09-24T07:37:41.737Z  WARN 1 --- [UserWeb20260907] [           main] org.hibernate.orm.deprecation            : HHH90000025: MySQLDialect does not need to be specified explicitly using 'hibernate.dialect' (remove the property setting and it will be selected by default)
userweb-app  | 2026-09-24T07:37:41.756Z  INFO 1 --- [UserWeb20260907] [           main] org.hibernate.orm.connections.pooling    : HHH10001005: Database info:
userweb-app  | 	Database JDBC URL [jdbc:mysql://mysql-db:3306/company]
userweb-app  | 	Database driver: MySQL Connector/J
userweb-app  | 	Database dialect: MySQLDialect
userweb-app  | 	Database version: 9.7.2
userweb-app  | 	Default catalog/schema: company/undefined
userweb-app  | 	Autocommit mode: undefined/unknown
userweb-app  | 	Isolation level: REPEATABLE_READ [default REPEATABLE_READ]
userweb-app  | 	JDBC fetch size: none
userweb-app  | 	Pool: DataSourceConnectionProvider
userweb-app  | 	Minimum pool size: undefined/unknown
userweb-app  | 	Maximum pool size: undefined/unknown
userweb-app  | 2026-09-24T07:37:42.499Z  INFO 1 --- [UserWeb20260907] [           main] org.hibernate.orm.core                   : HHH000489: No JTA platform available (set 'hibernate.transaction.jta.platform' to enable JTA platform integration)
userweb-app  | 2026-09-24T07:37:42.588Z  WARN 1 --- [UserWeb20260907] [           main] o.h.t.s.i.ExceptionHandlerLoggedImpl     : GenerationTarget encountered exception accepting command : Error executing DDL "alter table usercontent drop foreign key FKctv61sdaeqrkd5nuloye8xmjm" via JDBC [Table 'company.usercontent' doesn't exist]
userweb-app  | 
userweb-app  | org.hibernate.tool.schema.spi.CommandAcceptanceException: Error executing DDL "alter table usercontent drop foreign key FKctv61sdaeqrkd5nuloye8xmjm" via JDBC [Table 'company.usercontent' doesn't exist]
userweb-app  | 	at org.hibernate.tool.schema.internal.exec.GenerationTargetToDatabase.accept(GenerationTargetToDatabase.java:91) ~[hibernate-core-7.4.5.Final.jar!/:7.4.5.Final]
userweb-app  | 	at org.hibernate.tool.schema.internal.Helper.applySqlString(Helper.java:218) ~[hibernate-core-7.4.5.Final.jar!/:7.4.5.Final]
userweb-app  | 	at org.hibernate.tool.schema.internal.Helper.applySqlStrings(Helper.java:204) ~[hibernate-core-7.4.5.Final.jar!/:7.4.5.Final]
userweb-app  | 	at org.hibernate.tool.schema.internal.SchemaDropperImpl.applyConstraintDropping(SchemaDropperImpl.java:473) ~[hibernate-core-7.4.5.Final.jar!/:7.4.5.Final]
userweb-app  | 	at org.hibernate.tool.schema.internal.SchemaDropperImpl.dropConstraintsTablesSequences(SchemaDropperImpl.java:237) ~[hibernate-core-7.4.5.Final.jar!/:7.4.5.Final]
userweb-app  | 	at org.hibernate.tool.schema.internal.SchemaDropperImpl.dropFromMetadata(SchemaDropperImpl.java:210) ~[hibernate-core-7.4.5.Final.jar!/:7.4.5.Final]
userweb-app  | 	at org.hibernate.tool.schema.internal.SchemaDropperImpl.performDrop(SchemaDropperImpl.java:182) ~[hibernate-core-7.4.5.Final.jar!/:7.4.5.Final]
userweb-app  | 	at org.hibernate.tool.schema.internal.SchemaDropperImpl.doDrop(SchemaDropperImpl.java:152) ~[hibernate-core-7.4.5.Final.jar!/:7.4.5.Final]
userweb-app  | 	at org.hibernate.tool.schema.internal.SchemaDropperImpl.doDrop(SchemaDropperImpl.java:112) ~[hibernate-core-7.4.5.Final.jar!/:7.4.5.Final]
userweb-app  | 	at org.hibernate.tool.schema.spi.SchemaManagementToolCoordinator.performDatabaseAction(SchemaManagementToolCoordinator.java:227) ~[hibernate-core-7.4.5.Final.jar!/:7.4.5.Final]
userweb-app  | 	at org.hibernate.tool.schema.spi.SchemaManagementToolCoordinator.lambda$process$1(SchemaManagementToolCoordinator.java:101) ~[hibernate-core-7.4.5.Final.jar!/:7.4.5.Final]
userweb-app  | 	at java.base/java.util.HashMap.forEach(Unknown Source) ~[na:na]
userweb-app  | 	at org.hibernate.tool.schema.spi.SchemaManagementToolCoordinator.process(SchemaManagementToolCoordinator.java:100) ~[hibernate-core-7.4.5.Final.jar!/:7.4.5.Final]
userweb-app  | 	at org.hibernate.boot.internal.SessionFactoryObserverForSchemaExport.sessionFactoryCreated(SessionFactoryObserverForSchemaExport.java:35) ~[hibernate-core-7.4.5.Final.jar!/:7.4.5.Final]
userweb-app  | 	at org.hibernate.internal.SessionFactoryObserverChain.sessionFactoryCreated(SessionFactoryObserverChain.java:33) ~[hibernate-core-7.4.5.Final.jar!/:7.4.5.Final]
userweb-app  | 	at org.hibernate.internal.SessionFactoryImpl.<init>(SessionFactoryImpl.java:327) ~[hibernate-core-7.4.5.Final.jar!/:7.4.5.Final]
userweb-app  | 	at org.hibernate.internal.SessionFactoryRegistry.instantiateSessionFactory(SessionFactoryRegistry.java:64) ~[hibernate-core-7.4.5.Final.jar!/:7.4.5.Final]
userweb-app  | 	at org.hibernate.boot.internal.SessionFactoryBuilderImpl.build(SessionFactoryBuilderImpl.java:458) ~[hibernate-core-7.4.5.Final.jar!/:7.4.5.Final]
userweb-app  | 	at org.hibernate.jpa.boot.internal.EntityManagerFactoryBuilderImpl.build(EntityManagerFactoryBuilderImpl.java:1452) ~[hibernate-core-7.4.5.Final.jar!/:7.4.5.Final]
userweb-app  | 	at org.springframework.orm.jpa.vendor.SpringHibernateJpaPersistenceProvider.createContainerEntityManagerFactory(SpringHibernateJpaPersistenceProvider.java:93) ~[spring-orm-7.0.9.jar!/:7.0.9]
userweb-app  | 	at org.springframework.orm.jpa.LocalContainerEntityManagerFactoryBean.createNativeEntityManagerFactory(LocalContainerEntityManagerFactoryBean.java:443) ~[spring-orm-7.0.9.jar!/:7.0.9]
userweb-app  | 	at org.springframework.orm.jpa.AbstractEntityManagerFactoryBean.buildNativeEntityManagerFactory(AbstractEntityManagerFactoryBean.java:436) ~[spring-orm-7.0.9.jar!/:7.0.9]
userweb-app  | 	at org.springframework.orm.jpa.AbstractEntityManagerFactoryBean.afterPropertiesSet(AbstractEntityManagerFactoryBean.java:411) ~[spring-orm-7.0.9.jar!/:7.0.9]
userweb-app  | 	at org.springframework.orm.jpa.LocalContainerEntityManagerFactoryBean.afterPropertiesSet(LocalContainerEntityManagerFactoryBean.java:419) ~[spring-orm-7.0.9.jar!/:7.0.9]
userweb-app  | 	at org.springframework.beans.factory.support.AbstractAutowireCapableBeanFactory.invokeInitMethods(AbstractAutowireCapableBeanFactory.java:1862) ~[spring-beans-7.0.9.jar!/:7.0.9]
userweb-app  | 	at org.springframework.beans.factory.support.AbstractAutowireCapableBeanFactory.initializeBean(AbstractAutowireCapableBeanFactory.java:1811) ~[spring-beans-7.0.9.jar!/:7.0.9]
userweb-app  | 	at org.springframework.beans.factory.support.AbstractAutowireCapableBeanFactory.doCreateBean(AbstractAutowireCapableBeanFactory.java:603) ~[spring-beans-7.0.9.jar!/:7.0.9]
userweb-app  | 	at org.springframework.beans.factory.support.AbstractAutowireCapableBeanFactory.createBean(AbstractAutowireCapableBeanFactory.java:525) ~[spring-beans-7.0.9.jar!/:7.0.9]
userweb-app  | 	at org.springframework.beans.factory.support.AbstractBeanFactory.lambda$doGetBean$0(AbstractBeanFactory.java:333) ~[spring-beans-7.0.9.jar!/:7.0.9]
userweb-app  | 	at org.springframework.beans.factory.support.DefaultSingletonBeanRegistry.getSingleton(DefaultSingletonBeanRegistry.java:371) ~[spring-beans-7.0.9.jar!/:7.0.9]
userweb-app  | 	at org.springframework.beans.factory.support.AbstractBeanFactory.doGetBean(AbstractBeanFactory.java:331) ~[spring-beans-7.0.9.jar!/:7.0.9]
userweb-app  | 	at org.springframework.beans.factory.support.AbstractBeanFactory.getBean(AbstractBeanFactory.java:201) ~[spring-beans-7.0.9.jar!/:7.0.9]
userweb-app  | 	at org.springframework.context.support.AbstractApplicationContext.finishBeanFactoryInitialization(AbstractApplicationContext.java:977) ~[spring-context-7.0.9.jar!/:7.0.9]
userweb-app  | 	at org.springframework.context.support.AbstractApplicationContext.refresh(AbstractApplicationContext.java:621) ~[spring-context-7.0.9.jar!/:7.0.9]
userweb-app  | 	at org.springframework.boot.web.server.servlet.context.ServletWebServerApplicationContext.refresh(ServletWebServerApplicationContext.java:143) ~[spring-boot-web-server-4.1.1.jar!/:4.1.1]
userweb-app  | 	at org.springframework.boot.SpringApplication.refresh(SpringApplication.java:756) ~[spring-boot-4.1.1.jar!/:4.1.1]
userweb-app  | 	at org.springframework.boot.SpringApplication.refreshContext(SpringApplication.java:445) ~[spring-boot-4.1.1.jar!/:4.1.1]
userweb-app  | 	at org.springframework.boot.SpringApplication.run(SpringApplication.java:321) ~[spring-boot-4.1.1.jar!/:4.1.1]
userweb-app  | 	at org.springframework.boot.SpringApplication.run(SpringApplication.java:1365) ~[spring-boot-4.1.1.jar!/:4.1.1]
userweb-app  | 	at org.springframework.boot.SpringApplication.run(SpringApplication.java:1354) ~[spring-boot-4.1.1.jar!/:4.1.1]
userweb-app  | 	at com.example.demo.UserWeb20260907Application.main(UserWeb20260907Application.java:11) ~[!/:0.0.1-SNAPSHOT]
userweb-app  | 	at java.base/jdk.internal.reflect.DirectMethodHandleAccessor.invoke(Unknown Source) ~[na:na]
userweb-app  | 	at java.base/java.lang.reflect.Method.invoke(Unknown Source) ~[na:na]
userweb-app  | 	at org.springframework.boot.loader.launch.Launcher.launch(Launcher.java:106) ~[app.jar:0.0.1-SNAPSHOT]
userweb-app  | 	at org.springframework.boot.loader.launch.Launcher.launch(Launcher.java:64) ~[app.jar:0.0.1-SNAPSHOT]
userweb-app  | 	at org.springframework.boot.loader.launch.JarLauncher.main(JarLauncher.java:40) ~[app.jar:0.0.1-SNAPSHOT]
userweb-app  | Caused by: java.sql.SQLSyntaxErrorException: Table 'company.usercontent' doesn't exist
userweb-app  | 	at com.mysql.cj.jdbc.exceptions.SQLError.createSQLException(SQLError.java:112) ~[mysql-connector-j-9.7.0.jar!/:9.7.0]
userweb-app  | 	at com.mysql.cj.jdbc.exceptions.SQLExceptionsMapping.translateException(SQLExceptionsMapping.java:114) ~[mysql-connector-j-9.7.0.jar!/:9.7.0]
userweb-app  | 	at com.mysql.cj.jdbc.StatementImpl.executeInternal(StatementImpl.java:839) ~[mysql-connector-j-9.7.0.jar!/:9.7.0]
userweb-app  | 	at com.mysql.cj.jdbc.StatementImpl.execute(StatementImpl.java:687) ~[mysql-connector-j-9.7.0.jar!/:9.7.0]
userweb-app  | 	at com.zaxxer.hikari.pool.ProxyStatement.execute(ProxyStatement.java:95) ~[HikariCP-7.0.2.jar!/:na]
userweb-app  | 	at com.zaxxer.hikari.pool.HikariProxyStatement.execute(HikariProxyStatement.java) ~[HikariCP-7.0.2.jar!/:na]
userweb-app  | 	at org.hibernate.tool.schema.internal.exec.GenerationTargetToDatabase.accept(GenerationTargetToDatabase.java:86) ~[hibernate-core-7.4.5.Final.jar!/:7.4.5.Final]
userweb-app  | 	... 45 common frames omitted
userweb-app  | 
userweb-app  | 2026-09-24T07:37:42.739Z  INFO 1 --- [UserWeb20260907] [           main] j.LocalContainerEntityManagerFactoryBean : Initialized JPA EntityManagerFactory for persistence unit 'default'
userweb-app  | 2026-09-24T07:37:42.823Z  INFO 1 --- [UserWeb20260907] [           main] o.s.d.j.r.query.QueryEnhancerFactories   : Hibernate is in classpath; If applicable, HQL parser will be used.
userweb-app  | 2026-09-24T07:37:43.337Z  INFO 1 --- [UserWeb20260907] [           main] r$InitializeUserDetailsManagerConfigurer : Global AuthenticationManager configured with UserDetailsService bean with name customUserDetailsService
userweb-app  | 2026-09-24T07:37:43.376Z  WARN 1 --- [UserWeb20260907] [           main] JpaBaseConfiguration$JpaWebConfiguration : spring.jpa.open-in-view is enabled by default. Therefore, database queries may be performed during view rendering. Explicitly configure spring.jpa.open-in-view to disable this warning
userweb-app  | 2026-09-24T07:37:43.960Z  INFO 1 --- [UserWeb20260907] [           main] o.s.boot.tomcat.TomcatWebServer          : Tomcat started on port 8080 (http) with context path '/'
userweb-app  | 2026-09-24T07:37:43.974Z  INFO 1 --- [UserWeb20260907] [           main] c.e.demo.UserWeb20260907Application      : Started UserWeb20260907Application in 6.09 seconds (process running for 6.844)
userweb-app  | 2026-09-24T07:37:45.193Z  INFO 1 --- [UserWeb20260907] [nio-8080-exec-1] o.a.c.c.C.[Tomcat].[localhost].[/]       : Initializing Spring DispatcherServlet 'dispatcherServlet'
userweb-app  | 2026-09-24T07:37:45.194Z  INFO 1 --- [UserWeb20260907] [nio-8080-exec-1] o.s.web.servlet.DispatcherServlet        : Initializing Servlet 'dispatcherServlet'
userweb-app  | 2026-09-24T07:37:45.195Z  INFO 1 --- [UserWeb20260907] [nio-8080-exec-1] o.s.web.servlet.DispatcherServlet        : Completed initialization in 1 ms
userweb-app  | -----------test4------1234--------
userweb-app  | -----------test6------1234--------
userweb-app  | -----------test7------1234--------
userweb-app  | -----------test9------1234--------
userweb-app  | -----------test3------1234--------
userweb-app  | -----------test8------1234--------
userweb-app  | -----------test2------1234--------
userweb-app  | -----------test1------1234--------
userweb-app  | -----------test5------1234--------
userweb-app  | -----------test10------1234--------
userweb-app  | -----------test11------1234--------
userweb-app  | ### AUTH ### Thread=http-nio-8080-exec-7 | requestUsername=test2
userweb-app  | ### AUTH ### Thread=http-nio-8080-exec-11 | requestUsername=test11
userweb-app  | ===========getbyname===================
userweb-app  | ===========getbyname===================
userweb-app  | ### AUTH ### Thread=http-nio-8080-exec-6 | requestUsername=test1
userweb-app  | ### AUTH ### Thread=http-nio-8080-exec-3 | requestUsername=test6
userweb-app  | ===========getbyname===================
userweb-app  | ===========getbyname===================
userweb-app  | ### AUTH ### Thread=http-nio-8080-exec-4 | requestUsername=test3
userweb-app  | ===========getbyname===================
userweb-app  | -----------test12------1234--------
userweb-app  | ### AUTH ### Thread=http-nio-8080-exec-12 | requestUsername=test12
userweb-app  | ===========getbyname===================
userweb-app  | ----------------Optional[com.example.demo.model.User@426db05d]
userweb-app  | ----------------Optional[com.example.demo.model.User@737f981]
userweb-app  | ----------------Optional[com.example.demo.model.User@1bb8200e]
userweb-app  | ----------------Optional[com.example.demo.model.User@79b531c3]
userweb-app  | ----------------Optional[com.example.demo.model.User@563c99a]
userweb-app  | ----------finish-------------
userweb-app  | ### AUTH USER ### requestUsername=test2 | dbUsername=test2 | userId=2
userweb-app  | ----------finish-------------
userweb-app  | ### AUTH USER ### requestUsername=test1 | dbUsername=test1 | userId=1
userweb-app  | ----------finish-------------
userweb-app  | ### AUTH USER ### requestUsername=test6 | dbUsername=test6 | userId=6
userweb-app  | ----------finish-------------
userweb-app  | ### AUTH USER ### requestUsername=test11 | dbUsername=test11 | userId=11
userweb-app  | ----------------Optional[com.example.demo.model.User@eaceac1]
userweb-app  | ----------finish-------------
userweb-app  | ### AUTH USER ### requestUsername=test12 | dbUsername=test12 | userId=12
userweb-app  | ----------finish-------------
userweb-app  | ### AUTH USER ### requestUsername=test3 | dbUsername=test3 | userId=3
userweb-app  | -----------test13------1234--------
userweb-app  | ### AUTH ### Thread=http-nio-8080-exec-13 | requestUsername=test13
userweb-app  | ===========getbyname===================
userweb-app  | ----------------Optional[com.example.demo.model.User@7e50c1c7]
userweb-app  | ----------finish-------------
userweb-app  | ### AUTH USER ### requestUsername=test13 | dbUsername=test13 | userId=13
userweb-app  | -----------test14------1234--------
userweb-app  | ### AUTH ### Thread=http-nio-8080-exec-14 | requestUsername=test14
userweb-app  | ===========getbyname===================
userweb-app  | ----------------Optional[com.example.demo.model.User@1786cbe0]
userweb-app  | ----------finish-------------
userweb-app  | ### AUTH USER ### requestUsername=test14 | dbUsername=test14 | userId=14
userweb-app  | -----------test15------1234--------
userweb-app  | ### AUTH ### Thread=http-nio-8080-exec-15 | requestUsername=test15
userweb-app  | ===========getbyname===================
userweb-app  | ### AUTH ### Thread=http-nio-8080-exec-1 | requestUsername=test9
userweb-app  | ===========getbyname===================
userweb-app  | ### AUTH ### Thread=http-nio-8080-exec-9 | requestUsername=test7
userweb-app  | ===========getbyname===================
userweb-app  | ----------------Optional[com.example.demo.model.User@36517212]
userweb-app  | ----------finish-------------
userweb-app  | ### AUTH USER ### requestUsername=test9 | dbUsername=test9 | userId=9
userweb-app  | ----------------Optional[com.example.demo.model.User@4a7bcf46]
userweb-app  | ----------------Optional[com.example.demo.model.User@9e31a9b]
userweb-app  | ----------finish-------------
userweb-app  | ### AUTH USER ### requestUsername=test7 | dbUsername=test7 | userId=7
userweb-app  | ----------finish-------------
userweb-app  | ### AUTH USER ### requestUsername=test15 | dbUsername=test15 | userId=15
userweb-app  | -----------test16------1234--------
userweb-app  | ### AUTH ### Thread=http-nio-8080-exec-16 | requestUsername=test16
userweb-app  | ===========getbyname===================
userweb-app  | ----------------Optional[com.example.demo.model.User@2215b323]
userweb-app  | ----------finish-------------
userweb-app  | ### AUTH USER ### requestUsername=test16 | dbUsername=test16 | userId=16
userweb-app  | ### AUTH ### Thread=http-nio-8080-exec-2 | requestUsername=test10
userweb-app  | ===========getbyname===================
userweb-app  | ----------------Optional[com.example.demo.model.User@1ed6cd7d]
userweb-app  | ----------finish-------------
userweb-app  | ### AUTH USER ### requestUsername=test10 | dbUsername=test10 | userId=10
userweb-app  | -----------test17------1234--------
userweb-app  | ### AUTH ### Thread=http-nio-8080-exec-17 | requestUsername=test17
userweb-app  | ===========getbyname===================
userweb-app  | ### AUTH ### Thread=http-nio-8080-exec-8 | requestUsername=test4
userweb-app  | ===========getbyname===================
userweb-app  | ----------------Optional[com.example.demo.model.User@4368eb8]
userweb-app  | ----------finish-------------
userweb-app  | ### AUTH USER ### requestUsername=test17 | dbUsername=test17 | userId=17
userweb-app  | ### AUTH ### Thread=http-nio-8080-exec-5 | requestUsername=test5
userweb-app  | ----------------Optional[com.example.demo.model.User@72098a40]
userweb-app  | ### AUTH ### Thread=http-nio-8080-exec-10 | requestUsername=test8
userweb-app  | ===========getbyname===================
userweb-app  | ===========getbyname===================
userweb-app  | ----------------Optional[com.example.demo.model.User@474658fe]
userweb-app  | ----------finish-------------
userweb-app  | ### AUTH USER ### requestUsername=test4 | dbUsername=test4 | userId=4
userweb-app  | ----------finish-------------
userweb-app  | ### AUTH USER ### requestUsername=test8 | dbUsername=test8 | userId=8
userweb-app  | ----------------Optional[com.example.demo.model.User@6dc6f6b9]
userweb-app  | -----------test18------1234--------
userweb-app  | ### AUTH ### Thread=http-nio-8080-exec-18 | requestUsername=test18
userweb-app  | ===========getbyname===================
userweb-app  | ----------finish-------------
userweb-app  | ### AUTH USER ### requestUsername=test5 | dbUsername=test5 | userId=5
userweb-app  | ----------------Optional[com.example.demo.model.User@12bd4281]
userweb-app  | ----------finish-------------
userweb-app  | ### AUTH USER ### requestUsername=test18 | dbUsername=test18 | userId=18
userweb-app  | -----------test19------1234--------
userweb-app  | ### AUTH ### Thread=http-nio-8080-exec-19 | requestUsername=test19
userweb-app  | ===========getbyname===================
userweb-app  | ----------------Optional[com.example.demo.model.User@6524b276]
userweb-app  | ----------finish-------------
userweb-app  | ### AUTH USER ### requestUsername=test19 | dbUsername=test19 | userId=19
userweb-app  | -----------test20------1234--------
userweb-app  | ### AUTH ### Thread=http-nio-8080-exec-20 | requestUsername=test20
userweb-app  | ===========getbyname===================
userweb-app  | ----------------Optional[com.example.demo.model.User@581a8a9b]
userweb-app  | ----------finish-------------
userweb-app  | ### AUTH USER ### requestUsername=test20 | dbUsername=test20 | userId=20
userweb-app  | -----------test21------1234--------
userweb-app  | ### AUTH ### Thread=http-nio-8080-exec-21 | requestUsername=test21
userweb-app  | ===========getbyname===================
userweb-app  | ----------------Optional[com.example.demo.model.User@891e88]
userweb-app  | ----------finish-------------
userweb-app  | ### AUTH USER ### requestUsername=test21 | dbUsername=test21 | userId=21
userweb-app  | -----------test22------1234--------
userweb-app  | ### AUTH ### Thread=http-nio-8080-exec-22 | requestUsername=test22
userweb-app  | ===========getbyname===================
userweb-app  | ----------------Optional[com.example.demo.model.User@7b60e617]
userweb-app  | ----------finish-------------
userweb-app  | ### AUTH USER ### requestUsername=test22 | dbUsername=test22 | userId=22
userweb-app  | -----------test23------1234--------
userweb-app  | ### AUTH ### Thread=http-nio-8080-exec-23 | requestUsername=test23
userweb-app  | ===========getbyname===================
userweb-app  | ----------------Optional[com.example.demo.model.User@3fcbfee7]
userweb-app  | ----------finish-------------
userweb-app  | ### AUTH USER ### requestUsername=test23 | dbUsername=test23 | userId=23
userweb-app  | -----------test24------1234--------
userweb-app  | ### AUTH ### Thread=http-nio-8080-exec-24 | requestUsername=test24
userweb-app  | ===========getbyname===================
userweb-app  | ----------------Optional[com.example.demo.model.User@92311b9]
userweb-app  | ----------finish-------------
userweb-app  | ### AUTH USER ### requestUsername=test24 | dbUsername=test24 | userId=24
userweb-app  | ===========getbyname===================
userweb-app  | ----------------Optional[com.example.demo.model.User@6b26cd85]
userweb-app  | ------------------------------
userweb-app  | -----------test25------1234--------
userweb-app  | ### AUTH ### Thread=http-nio-8080-exec-25 | requestUsername=test25
userweb-app  | ===========getbyname===================
userweb-app  | -----------test26------1234--------
userweb-app  | ----------------Optional[com.example.demo.model.User@1e222702]
userweb-app  | ### AUTH ### Thread=http-nio-8080-exec-26 | requestUsername=test26
userweb-app  | ===========getbyname===================
userweb-app  | ----------------Optional[com.example.demo.model.User@cbef27d]
userweb-app  | ----------finish-------------
userweb-app  | ### AUTH USER ### requestUsername=test25 | dbUsername=test25 | userId=25
userweb-app  | -----------test27------1234--------
userweb-app  | ### AUTH ### Thread=http-nio-8080-exec-27 | requestUsername=test27
userweb-app  | ===========getbyname===================
userweb-app  | ===========getbyname===================
userweb-app  | ----------------Optional[com.example.demo.model.User@3ea99583]
userweb-app  | ===========getbyname===================
userweb-app  | ------------------------------
userweb-app  | ----------------Optional[com.example.demo.model.User@25a7f31a]
userweb-app  | ===========getbyname===================
userweb-app  | ===========getbyname===================
userweb-app  | ===========getbyname===================
userweb-app  | ----------finish-------------
userweb-app  | ### AUTH USER ### requestUsername=test27 | dbUsername=test27 | userId=27
userweb-app  | ----------finish-------------
userweb-app  | ### AUTH USER ### requestUsername=test26 | dbUsername=test26 | userId=26
userweb-app  | ===========getbyname===================
userweb-app  | ===========getbyname===================
userweb-app  | ===========getbyname===================
userweb-app  | ===========getbyname===================
userweb-app  | ----------------Optional[com.example.demo.model.User@624a7484]
userweb-app  | ===========getbyname===================
userweb-app  | ----------------Optional[com.example.demo.model.User@388aa2cd]
userweb-app  | ----------------Optional[com.example.demo.model.User@3901919c]
userweb-app  | ----------------Optional[com.example.demo.model.User@15a556e3]
userweb-app  | ------------------------------
userweb-app  | ------------------------------
userweb-app  | ----------------Optional[com.example.demo.model.User@3685c359]
userweb-app  | ------------------------------
userweb-app  | ----------------Optional[com.example.demo.model.User@2716577c]
userweb-app  | ----------------Optional[com.example.demo.model.User@18ae1dd9]
userweb-app  | ------------------------------
userweb-app  | ------------------------------
userweb-app  | ----------------Optional[com.example.demo.model.User@29486106]
userweb-app  | -----------test28------1234--------
userweb-app  | ### AUTH ### Thread=http-nio-8080-exec-28 | requestUsername=test28
userweb-app  | ===========getbyname===================
userweb-app  | ------------------------------
userweb-app  | ===========getbyname===================
userweb-app  | ===========getbyname===================
userweb-app  | ===========getbyname===================
userweb-app  | ----------------Optional[com.example.demo.model.User@7701643a]
userweb-app  | ----------------Optional[com.example.demo.model.User@75ef426e]
userweb-app  | ------------------------------
userweb-app  | ----------------Optional[com.example.demo.model.User@6efe1c68]
userweb-app  | ===========getbyname===================
userweb-app  | ===========getbyname===================
userweb-app  | ----------------Optional[com.example.demo.model.User@705bf89e]
userweb-app  | ===========getbyname===================
userweb-app  | ------------------------------
userweb-app  | ===========getbyname===================
userweb-app  | ----------------Optional[com.example.demo.model.User@5559ca3f]
userweb-app  | ----------------Optional[com.example.demo.model.User@254febc7]
userweb-app  | ------------------------------
userweb-app  | ------------------------------
userweb-app  | ----------------Optional[com.example.demo.model.User@4f598e26]
userweb-app  | ===========getbyname===================
userweb-app  | ------------------------------
userweb-app  | ----------finish-------------
userweb-app  | ===========getbyname===================
userweb-app  | ------------------------------
userweb-app  | ===========getbyname===================
userweb-app  | ----------------Optional[com.example.demo.model.User@6699fd5e]
userweb-app  | ----------------Optional[com.example.demo.model.User@1ac81ceb]
userweb-app  | ------------------------------
userweb-app  | ------------------------------
userweb-app  | -----------test29------1234--------
userweb-app  | ### AUTH ### Thread=http-nio-8080-exec-29 | requestUsername=test29
userweb-app  | ===========getbyname===================
userweb-app  | ------------------------------
userweb-app  | ------------------------------
userweb-app  | ----------------Optional[com.example.demo.model.User@68fa9128]
userweb-app  | ----------------Optional[com.example.demo.model.User@7699c100]
userweb-app  | ----------------Optional[com.example.demo.model.User@473eae29]
userweb-app  | ### AUTH USER ### requestUsername=test28 | dbUsername=test28 | userId=28
userweb-app  | ----------------Optional[com.example.demo.model.User@182bb3ad]
userweb-app  | -----------test30------1234--------
userweb-app  | ### AUTH ### Thread=http-nio-8080-exec-30 | requestUsername=test30
userweb-app  | ===========getbyname===================
userweb-app  | ----------------Optional[com.example.demo.model.User@3b98b5c]
userweb-app  | ------------------------------
userweb-app  | ===========getbyname===================
userweb-app  | ----------finish-------------
userweb-app  | ### AUTH USER ### requestUsername=test30 | dbUsername=test30 | userId=30
userweb-app  | ------------------------------
userweb-app  | ------------------------------
userweb-app  | -----------test31------1234--------
userweb-app  | ### AUTH ### Thread=http-nio-8080-exec-31 | requestUsername=test31
userweb-app  | ===========getbyname===================
userweb-app  | ----------------Optional[com.example.demo.model.User@2f9ee412]
userweb-app  | ----------finish-------------
userweb-app  | ### AUTH USER ### requestUsername=test29 | dbUsername=test29 | userId=29
userweb-app  | ----------------Optional[com.example.demo.model.User@7d5bdff2]
userweb-app  | ----------finish-------------
userweb-app  | ### AUTH USER ### requestUsername=test31 | dbUsername=test31 | userId=31
userweb-app  | ------------------------------
userweb-app  | ===========getbyname===================
userweb-app  | ----------------Optional[com.example.demo.model.User@611f230f]
userweb-app  | -----------test32------1234--------
userweb-app  | ### AUTH ### Thread=http-nio-8080-exec-32 | requestUsername=test32
userweb-app  | ===========getbyname===================
userweb-app  | ------------------------------
userweb-app  | ----------------Optional[com.example.demo.model.User@ac4618b]
userweb-app  | ----------finish-------------
userweb-app  | ### AUTH USER ### requestUsername=test32 | dbUsername=test32 | userId=32
userweb-app  | ===========getbyname===================
userweb-app  | ----------------Optional[com.example.demo.model.User@55805535]
userweb-app  | ------------------------------
userweb-app  | -----------test33------1234--------
userweb-app  | ### AUTH ### Thread=http-nio-8080-exec-20 | requestUsername=test33
userweb-app  | ===========getbyname===================
userweb-app  | ----------------Optional[com.example.demo.model.User@359dd18f]
userweb-app  | -----------test34------1234--------
userweb-app  | ### AUTH ### Thread=http-nio-8080-exec-8 | requestUsername=test34
userweb-app  | ===========getbyname===================
userweb-app  | ----------finish-------------
userweb-app  | ### AUTH USER ### requestUsername=test33 | dbUsername=test33 | userId=33
userweb-app  | -----------test35------1234--------
userweb-app  | ### AUTH ### Thread=http-nio-8080-exec-2 | requestUsername=test35
userweb-app  | ===========getbyname===================
userweb-app  | ----------------Optional[com.example.demo.model.User@79709925]
userweb-app  | ----------finish-------------
userweb-app  | ### AUTH USER ### requestUsername=test34 | dbUsername=test34 | userId=34
userweb-app  | ===========getbyname===================
userweb-app  | ===========getbyname===================
userweb-app  | ----------------Optional[com.example.demo.model.User@53194de3]
userweb-app  | ----------------Optional[com.example.demo.model.User@3b511266]
userweb-app  | ------------------------------
userweb-app  | -----------test36------1234--------
userweb-app  | ### AUTH ### Thread=http-nio-8080-exec-32 | requestUsername=test36
userweb-app  | ===========getbyname===================
userweb-app  | ===========getbyname===================
userweb-app  | ----------finish-------------
userweb-app  | -----------test37------1234--------
userweb-app  | ### AUTH ### Thread=http-nio-8080-exec-15 | requestUsername=test37
userweb-app  | ----------------Optional[com.example.demo.model.User@a5f86df]
userweb-app  | ------------------------------
userweb-app  | ### AUTH USER ### requestUsername=test35 | dbUsername=test35 | userId=35
userweb-app  | ----------------Optional[com.example.demo.model.User@32b9a233]
userweb-app  | ----------------Optional[com.example.demo.model.User@75266b8]
userweb-app  | ----------finish-------------
userweb-app  | ### AUTH USER ### requestUsername=test36 | dbUsername=test36 | userId=36
userweb-app  | ------------------------------
userweb-app  | ===========getbyname===================
userweb-app  | ===========getbyname===================
userweb-app  | ----------------Optional[com.example.demo.model.User@791c3297]
userweb-app  | -----------test38------1234--------
userweb-app  | ### AUTH ### Thread=http-nio-8080-exec-25 | requestUsername=test38
userweb-app  | ===========getbyname===================
userweb-app  | ------------------------------
userweb-app  | ----------------Optional[com.example.demo.model.User@2e4c8a7]
userweb-app  | ----------finish-------------
userweb-app  | ### AUTH USER ### requestUsername=test38 | dbUsername=test38 | userId=38
userweb-app  | ----------------Optional[com.example.demo.model.User@b96abad]
userweb-app  | ----------finish-------------
userweb-app  | ### AUTH USER ### requestUsername=test37 | dbUsername=test37 | userId=37
userweb-app  | ===========getbyname===================
userweb-app  | ----------------Optional[com.example.demo.model.User@3ca0afc8]
userweb-app  | ------------------------------
userweb-app  | ===========getbyname===================
userweb-app  | -----------test39------1234--------
userweb-app  | ----------------Optional[com.example.demo.model.User@2e170603]
userweb-app  | ### AUTH ### Thread=http-nio-8080-exec-17 | requestUsername=test39
userweb-app  | ===========getbyname===================
userweb-app  | ----------------Optional[com.example.demo.model.User@618dbaa]
userweb-app  | ------------------------------
userweb-app  | -----------test40------1234--------
userweb-app  | ### AUTH ### Thread=http-nio-8080-exec-16 | requestUsername=test40
userweb-app  | ===========getbyname===================
userweb-app  | ===========getbyname===================
userweb-app  | ----------------Optional[com.example.demo.model.User@4f91fd8c]
userweb-app  | ------------------------------
userweb-app  | ----------finish-------------
userweb-app  | ### AUTH USER ### requestUsername=test39 | dbUsername=test39 | userId=39
userweb-app  | ----------------Optional[com.example.demo.model.User@332aa472]
userweb-app  | ===========getbyname===================
userweb-app  | ----------------Optional[com.example.demo.model.User@5b2efdd]
userweb-app  | ----------finish-------------
userweb-app  | ### AUTH USER ### requestUsername=test40 | dbUsername=test40 | userId=40
userweb-app  | -----------test41------1234--------
userweb-app  | ### AUTH ### Thread=http-nio-8080-exec-22 | requestUsername=test41
userweb-app  | ===========getbyname===================
userweb-app  | ----------------Optional[com.example.demo.model.User@18a5ffb1]
userweb-app  | ----------finish-------------
userweb-app  | ### AUTH USER ### requestUsername=test41 | dbUsername=test41 | userId=41
userweb-app  | ------------------------------
userweb-app  | -----------test42------1234--------
userweb-app  | ### AUTH ### Thread=http-nio-8080-exec-4 | requestUsername=test42
userweb-app  | ===========getbyname===================
userweb-app  | ----------------Optional[com.example.demo.model.User@66a1d8d6]
userweb-app  | ===========getbyname===================
userweb-app  | ----------------Optional[com.example.demo.model.User@5dc28143]
userweb-app  | ===========getbyname===================
userweb-app  | ------------------------------
userweb-app  | ----------------Optional[com.example.demo.model.User@cd00e7a]
userweb-app  | ------------------------------
userweb-app  | ----------finish-------------
userweb-app  | ### AUTH USER ### requestUsername=test42 | dbUsername=test42 | userId=42
userweb-app  | ===========getbyname===================
userweb-app  | ----------------Optional[com.example.demo.model.User@4bf8a755]
userweb-app  | ------------------------------
userweb-app  | -----------test43------1234--------
userweb-app  | ### AUTH ### Thread=http-nio-8080-exec-23 | requestUsername=test43
userweb-app  | ===========getbyname===================
userweb-app  | -----------test44------1234--------
userweb-app  | ### AUTH ### Thread=http-nio-8080-exec-11 | requestUsername=test44
userweb-app  | ===========getbyname===================
userweb-app  | -----------test45------1234--------
userweb-app  | ### AUTH ### Thread=http-nio-8080-exec-8 | requestUsername=test45
userweb-app  | ===========getbyname===================
userweb-app  | ----------------Optional[com.example.demo.model.User@623b7afa]
userweb-app  | ===========getbyname===================
userweb-app  | ===========getbyname===================
userweb-app  | ----------------Optional[com.example.demo.model.User@2f984b90]
userweb-app  | ----------------Optional[com.example.demo.model.User@2767f3ca]
userweb-app  | ------------------------------
userweb-app  | ------------------------------
userweb-app  | ----------------Optional[com.example.demo.model.User@37577c8d]
userweb-app  | ----------finish-------------
userweb-app  | ### AUTH USER ### requestUsername=test44 | dbUsername=test44 | userId=44
userweb-app  | ----------------Optional[com.example.demo.model.User@4ebf0ad5]
userweb-app  | ===========getbyname===================
userweb-app  | ----------------Optional[com.example.demo.model.User@5aa35988]
userweb-app  | ----------finish-------------
userweb-app  | ### AUTH USER ### requestUsername=test45 | dbUsername=test45 | userId=45
userweb-app  | ----------finish-------------
userweb-app  | ### AUTH USER ### requestUsername=test43 | dbUsername=test43 | userId=43
userweb-app  | ------------------------------
userweb-app  | -----------test46------1234--------
userweb-app  | ### AUTH ### Thread=http-nio-8080-exec-9 | requestUsername=test46
userweb-app  | ===========getbyname===================
userweb-app  | ----------------Optional[com.example.demo.model.User@3e233af]
userweb-app  | ----------finish-------------
userweb-app  | ### AUTH USER ### requestUsername=test46 | dbUsername=test46 | userId=46
userweb-app  | -----------test47------1234--------
userweb-app  | ### AUTH ### Thread=http-nio-8080-exec-1 | requestUsername=test47
userweb-app  | ===========getbyname===================
userweb-app  | ----------------Optional[com.example.demo.model.User@5fd0b70e]
userweb-app  | ===========getbyname===================
userweb-app  | ----------------Optional[com.example.demo.model.User@451bdbba]
userweb-app  | ----------finish-------------
userweb-app  | ------------------------------
userweb-app  | ### AUTH USER ### requestUsername=test47 | dbUsername=test47 | userId=47
userweb-app  | -----------test48------1234--------
userweb-app  | ### AUTH ### Thread=http-nio-8080-exec-10 | requestUsername=test48
userweb-app  | ===========getbyname===================
userweb-app  | ----------------Optional[com.example.demo.model.User@3bc1c213]
userweb-app  | ----------finish-------------
userweb-app  | ### AUTH USER ### requestUsername=test48 | dbUsername=test48 | userId=48
userweb-app  | ===========getbyname===================
userweb-app  | ----------------Optional[com.example.demo.model.User@2508c671]
userweb-app  | ------------------------------
userweb-app  | -----------test49------1234--------
userweb-app  | ### AUTH ### Thread=http-nio-8080-exec-13 | requestUsername=test49
userweb-app  | ===========getbyname===================
userweb-app  | ----------------Optional[com.example.demo.model.User@6e439ffa]
userweb-app  | ----------finish-------------
userweb-app  | ### AUTH USER ### requestUsername=test49 | dbUsername=test49 | userId=49
userweb-app  | ===========getbyname===================
userweb-app  | -----------test50------1234--------
userweb-app  | ### AUTH ### Thread=http-nio-8080-exec-7 | requestUsername=test50
userweb-app  | ===========getbyname===================
userweb-app  | ===========getbyname===================
userweb-app  | ----------------Optional[com.example.demo.model.User@e977233]
userweb-app  | ----------------Optional[com.example.demo.model.User@2b8932ec]
userweb-app  | ------------------------------
userweb-app  | ----------finish-------------
userweb-app  | ### AUTH USER ### requestUsername=test50 | dbUsername=test50 | userId=50
userweb-app  | ===========getbyname===================
userweb-app  | ----------------Optional[com.example.demo.model.User@aaefe01]
userweb-app  | ------------------------------
userweb-app  | ----------------Optional[com.example.demo.model.User@ded50ec]
userweb-app  | ------------------------------
userweb-app  | ===========getbyname===================
userweb-app  | -----------test51------1234--------
userweb-app  | ### AUTH ### Thread=http-nio-8080-exec-19 | requestUsername=test51
userweb-app  | ===========getbyname===================
userweb-app  | ----------------Optional[com.example.demo.model.User@13c88b4c]
userweb-app  | ----------------Optional[com.example.demo.model.User@fca607d]
userweb-app  | ------------------------------
userweb-app  | ----------finish-------------
userweb-app  | ### AUTH USER ### requestUsername=test51 | dbUsername=test51 | userId=51
userweb-app  | ===========getbyname===================
userweb-app  | ----------------Optional[com.example.demo.model.User@aeb599d]
userweb-app  | ------------------------------
userweb-app  | ===========getbyname===================
userweb-app  | -----------test52------1234--------
userweb-app  | ### AUTH ### Thread=http-nio-8080-exec-10 | requestUsername=test52
userweb-app  | ===========getbyname===================
userweb-app  | ----------------Optional[com.example.demo.model.User@278d6ce7]
userweb-app  | ----------------Optional[com.example.demo.model.User@2ff5723d]
userweb-app  | ------------------------------
userweb-app  | ----------finish-------------
userweb-app  | ### AUTH USER ### requestUsername=test52 | dbUsername=test52 | userId=52
userweb-app  | ===========getbyname===================
userweb-app  | ----------------Optional[com.example.demo.model.User@60b0dcdb]
userweb-app  | -----------test53------1234--------
userweb-app  | ------------------------------
userweb-app  | ===========getbyname===================
userweb-app  | ### AUTH ### Thread=http-nio-8080-exec-5 | requestUsername=test53
userweb-app  | ===========getbyname===================
userweb-app  | ----------------Optional[com.example.demo.model.User@90d45bf]
userweb-app  | ----------------Optional[com.example.demo.model.User@25557fda]
userweb-app  | ------------------------------
userweb-app  | ----------finish-------------
userweb-app  | ### AUTH USER ### requestUsername=test53 | dbUsername=test53 | userId=53
userweb-app  | -----------test54------1234--------
userweb-app  | ### AUTH ### Thread=http-nio-8080-exec-18 | requestUsername=test54
userweb-app  | ===========getbyname===================
userweb-app  | ----------------Optional[com.example.demo.model.User@243da01f]
userweb-app  | ----------finish-------------
userweb-app  | ### AUTH USER ### requestUsername=test54 | dbUsername=test54 | userId=54
userweb-app  | -----------test55------1234--------
userweb-app  | ### AUTH ### Thread=http-nio-8080-exec-12 | requestUsername=test55
userweb-app  | ===========getbyname===================
userweb-app  | ----------------Optional[com.example.demo.model.User@7225082a]
userweb-app  | ===========getbyname===================
userweb-app  | ----------------Optional[com.example.demo.model.User@6223e01b]
userweb-app  | ----------finish-------------
userweb-app  | ### AUTH USER ### requestUsername=test55 | dbUsername=test55 | userId=55
userweb-app  | ------------------------------
userweb-app  | ===========getbyname===================
userweb-app  | ----------------Optional[com.example.demo.model.User@17435481]
userweb-app  | ------------------------------
userweb-app  | ===========getbyname===================
userweb-app  | ----------------Optional[com.example.demo.model.User@4812636b]
userweb-app  | ------------------------------
userweb-app  | -----------test56------1234--------
userweb-app  | ### AUTH ### Thread=http-nio-8080-exec-6 | requestUsername=test56
userweb-app  | ===========getbyname===================
userweb-app  | ----------------Optional[com.example.demo.model.User@1fe6d4d2]
userweb-app  | ===========getbyname===================
userweb-app  | ----------finish-------------
userweb-app  | ### AUTH USER ### requestUsername=test56 | dbUsername=test56 | userId=56
userweb-app  | ----------------Optional[com.example.demo.model.User@4078ff85]
userweb-app  | ------------------------------
userweb-app  | ===========getbyname===================
userweb-app  | ----------------Optional[com.example.demo.model.User@6ecf2269]
userweb-app  | ------------------------------
userweb-app  | -----------test57------1234--------
userweb-app  | ### AUTH ### Thread=http-nio-8080-exec-3 | requestUsername=test57
userweb-app  | ===========getbyname===================
userweb-app  | ----------------Optional[com.example.demo.model.User@43cb8899]
userweb-app  | ----------finish-------------
userweb-app  | ### AUTH USER ### requestUsername=test57 | dbUsername=test57 | userId=57
userweb-app  | ===========getbyname===================
userweb-app  | ===========getbyname===================
userweb-app  | ----------------Optional[com.example.demo.model.User@56321def]
userweb-app  | ----------------Optional[com.example.demo.model.User@123111cc]
userweb-app  | ------------------------------
userweb-app  | ------------------------------
userweb-app  | -----------test58------1234--------
userweb-app  | ### AUTH ### Thread=http-nio-8080-exec-28 | requestUsername=test58
userweb-app  | ===========getbyname===================
userweb-app  | ----------------Optional[com.example.demo.model.User@22e2aa24]
userweb-app  | ----------finish-------------
userweb-app  | ### AUTH USER ### requestUsername=test58 | dbUsername=test58 | userId=58
userweb-app  | -----------test59------1234--------
userweb-app  | ### AUTH ### Thread=http-nio-8080-exec-26 | requestUsername=test59
userweb-app  | ===========getbyname===================
userweb-app  | ----------------Optional[com.example.demo.model.User@395fd3a2]
userweb-app  | ----------finish-------------
userweb-app  | ### AUTH USER ### requestUsername=test59 | dbUsername=test59 | userId=59
userweb-app  | -----------test60------1234--------
userweb-app  | ### AUTH ### Thread=http-nio-8080-exec-24 | requestUsername=test60
userweb-app  | ===========getbyname===================
userweb-app  | ----------------Optional[com.example.demo.model.User@2c7f3845]
userweb-app  | ----------finish-------------
userweb-app  | ### AUTH USER ### requestUsername=test60 | dbUsername=test60 | userId=60
userweb-app  | ===========getbyname===================
userweb-app  | ----------------Optional[com.example.demo.model.User@36fec762]
userweb-app  | ------------------------------
userweb-app  | ===========getbyname===================
userweb-app  | ----------------Optional[com.example.demo.model.User@3687a6ba]
userweb-app  | ------------------------------
userweb-app  | ===========getbyname===================
userweb-app  | ----------------Optional[com.example.demo.model.User@29e2de04]
userweb-app  | ===========getbyname===================
userweb-app  | ------------------------------
userweb-app  | ----------------Optional[com.example.demo.model.User@50b38f4e]
userweb-app  | ------------------------------
userweb-app  | ===========getbyname===================
userweb-app  | ----------------Optional[com.example.demo.model.User@42172fe0]
userweb-app  | ------------------------------
userweb-app  | ===========getbyname===================
userweb-app  | ===========getbyname===================
userweb-app  | ===========getbyname===================
userweb-app  | ===========getbyname===================
userweb-app  | ===========getbyname===================
userweb-app  | ===========getbyname===================
userweb-app  | ===========getbyname===================
userweb-app  | ----------------Optional[com.example.demo.model.User@31a72bcd]
userweb-app  | ===========getbyname===================
userweb-app  | ----------------Optional[com.example.demo.model.User@fb7e6a]
userweb-app  | ===========getbyname===================
userweb-app  | ===========getbyname===================
userweb-app  | ----------------Optional[com.example.demo.model.User@29f33d84]
userweb-app  | ----------------Optional[com.example.demo.model.User@51720b90]
userweb-app  | ===========getbyname===================
userweb-app  | ----------------Optional[com.example.demo.model.User@560d7441]
userweb-app  | ----------------Optional[com.example.demo.model.User@f92e1d3]
userweb-app  | ----------------Optional[com.example.demo.model.User@56edb83e]
userweb-app  | ===========getbyname===================
userweb-app  | ===========getbyname===================
userweb-app  | ----------------Optional[com.example.demo.model.User@405c6cf4]
userweb-app  | ----------------Optional[com.example.demo.model.User@76bdbc23]
userweb-app  | ===========getbyname===================
userweb-app  | ===========getbyname===================
userweb-app  | ===========getbyname===================
userweb-app  | ===========getbyname===================
userweb-app  | ===========getbyname===================
userweb-app  | ===========getbyname===================
userweb-app  | ----------------Optional[com.example.demo.model.User@7ad2d06d]
userweb-app  | ===========getbyname===================
userweb-app  | ===========getbyname===================
userweb-app  | ===========getbyname===================
userweb-app  | ----------------Optional[com.example.demo.model.User@15df14d7]
userweb-app  | ----------------Optional[com.example.demo.model.User@739d5462]
userweb-app  | ----------------Optional[com.example.demo.model.User@52f75119]
userweb-app  | ===========getbyname===================
userweb-app  | ===========getbyname===================
userweb-app  | ===========getbyname===================
userweb-app  | ----------------Optional[com.example.demo.model.User@1c777756]
userweb-app  | ----------------Optional[com.example.demo.model.User@40b512b0]
userweb-app  | ===========getbyname===================
userweb-app  | ===========getbyname===================
userweb-app  | ----------------Optional[com.example.demo.model.User@1df1bd76]
userweb-app  | ----------------Optional[com.example.demo.model.User@1e9f56c7]
userweb-app  | ===========getbyname===================
userweb-app  | ===========getbyname===================
userweb-app  | ----------------Optional[com.example.demo.model.User@72c55373]
userweb-app  | ===========getbyname===================
userweb-app  | ----------------Optional[com.example.demo.model.User@624f7428]
userweb-app  | ----------------Optional[com.example.demo.model.User@7906c568]
userweb-app  | ===========getbyname===================
userweb-app  | ----------------Optional[com.example.demo.model.User@6aaba54f]
userweb-app  | ----------------Optional[com.example.demo.model.User@2420d454]
userweb-app  | ===========getbyname===================
userweb-app  | ===========getbyname===================
userweb-app  | ----------------Optional[com.example.demo.model.User@5315a1a5]
userweb-app  | ===========getbyname===================
userweb-app  | ===========getbyname===================
userweb-app  | ----------------Optional[com.example.demo.model.User@3da62b2a]
userweb-app  | ===========getbyname===================
userweb-app  | ===========getbyname===================
userweb-app  | ===========getbyname===================
userweb-app  | ===========getbyname===================
userweb-app  | ===========getbyname===================
userweb-app  | ----------------Optional[com.example.demo.model.User@3dcfc740]
userweb-app  | ===========getbyname===================
userweb-app  | ----------------Optional[com.example.demo.model.User@153ef6b2]
userweb-app  | ===========getbyname===================
userweb-app  | ----------------Optional[com.example.demo.model.User@3f66820f]
userweb-app  | ===========getbyname===================
userweb-app  | ----------------Optional[com.example.demo.model.User@5731942d]
userweb-app  | ----------------Optional[com.example.demo.model.User@445ca83a]
userweb-app  | ----------------Optional[com.example.demo.model.User@57de7cee]
userweb-app  | ----------------Optional[com.example.demo.model.User@7a9f4a82]
userweb-app  | ===========getbyname===================
userweb-app  | ----------------Optional[com.example.demo.model.User@29a9e3e0]
userweb-app  | ===========getbyname===================
userweb-app  | ===========getbyname===================
userweb-app  | ----------------Optional[com.example.demo.model.User@19b4b868]
userweb-app  | ----------------Optional[com.example.demo.model.User@9404a43]
userweb-app  | ----------------Optional[com.example.demo.model.User@111883d1]
userweb-app  | ===========getbyname===================
userweb-app  | ===========getbyname===================
userweb-app  | ===========getbyname===================
userweb-app  | ----------------Optional[com.example.demo.model.User@9bc9693]
userweb-app  | ----------------Optional[com.example.demo.model.User@61649633]
userweb-app  | ----------------Optional[com.example.demo.model.User@6b0142d6]
userweb-app  | ----------------Optional[com.example.demo.model.User@12e3280f]
userweb-app  | ===========getbyname===================
userweb-app  | ----------------Optional[com.example.demo.model.User@33346e1c]
userweb-app  | ----------------Optional[com.example.demo.model.User@196c646d]
userweb-app  | ----------------Optional[com.example.demo.model.User@6a50c8e4]
userweb-app  | ===========getbyname===================
userweb-app  | ===========getbyname===================
userweb-app  | ===========getbyname===================
userweb-app  | ===========getbyname===================
userweb-app  | ----------------Optional[com.example.demo.model.User@7782c2a5]
userweb-app  | ===========getbyname===================
userweb-app  | ===========getbyname===================
userweb-app  | ===========getbyname===================
userweb-app  | ----------------Optional[com.example.demo.model.User@4864dcd6]
userweb-app  | ----------------Optional[com.example.demo.model.User@64d2b0b]
userweb-app  | ----------------Optional[com.example.demo.model.User@3f968c74]
userweb-app  | ===========getbyname===================
userweb-app  | ----------------Optional[com.example.demo.model.User@7a71fa7e]
userweb-app  | ===========getbyname===================
userweb-app  | ===========getbyname===================
userweb-app  | ===========getbyname===================
userweb-app  | ----------------Optional[com.example.demo.model.User@5b59b8c4]
userweb-app  | ----------------Optional[com.example.demo.model.User@7cfebeed]
userweb-app  | ----------------Optional[com.example.demo.model.User@52c179de]
userweb-app  | ----------------Optional[com.example.demo.model.User@2a694c99]
userweb-app  | ===========getbyname===================
userweb-app  | ----------------Optional[com.example.demo.model.User@7f804f0b]
userweb-app  | ===========getbyname===================
userweb-app  | ===========getbyname===================
userweb-app  | ===========getbyname===================
userweb-app  | ----------------Optional[com.example.demo.model.User@ade6d48]
userweb-app  | ----------------Optional[com.example.demo.model.User@a369e6]
userweb-app  | ===========getbyname===================
userweb-app  | ===========getbyname===================
userweb-app  | ===========getbyname===================
userweb-app  | ===========getbyname===================
userweb-app  | ----------------Optional[com.example.demo.model.User@1248e9ff]
userweb-app  | ===========getbyname===================
userweb-app  | ----------------Optional[com.example.demo.model.User@1e92db5c]
userweb-app  | ===========getbyname===================
userweb-app  | ===========getbyname===================
userweb-app  | ===========getbyname===================
userweb-app  | ----------------Optional[com.example.demo.model.User@662c26fa]
userweb-app  | ===========getbyname===================
userweb-app  | ===========getbyname===================
userweb-app  | ----------------Optional[com.example.demo.model.User@77ae9016]
userweb-app  | ----------------Optional[com.example.demo.model.User@6f2c43f9]
userweb-app  | ----------------Optional[com.example.demo.model.User@5f42da4f]
userweb-app  | ===========getbyname===================
userweb-app  | ===========getbyname===================
userweb-app  | ----------------Optional[com.example.demo.model.User@3d0ed0c7]
userweb-app  | ----------------Optional[com.example.demo.model.User@38c9d897]
userweb-app  | ===========getbyname===================
userweb-app  | ----------------Optional[com.example.demo.model.User@7da935fe]
userweb-app  | ===========getbyname===================
userweb-app  | ----------------Optional[com.example.demo.model.User@25a46fa0]
userweb-app  | ===========getbyname===================
userweb-app  | ===========getbyname===================
userweb-app  | ----------------Optional[com.example.demo.model.User@26119d14]
userweb-app  | ----------------Optional[com.example.demo.model.User@64b82f4f]
userweb-app  | ----------------Optional[com.example.demo.model.User@3484037b]
userweb-app  | ===========getbyname===================
userweb-app  | ----------------Optional[com.example.demo.model.User@7b44a0d8]
userweb-app  | ===========getbyname===================
userweb-app  | ----------------Optional[com.example.demo.model.User@205abd50]
userweb-app  | ===========getbyname===================
userweb-app  | ===========getbyname===================
userweb-app  | ===========getbyname===================
userweb-app  | ----------------Optional[com.example.demo.model.User@383e8d9d]
userweb-app  | ----------------Optional[com.example.demo.model.User@15f888e6]
userweb-app  | ----------------Optional[com.example.demo.model.User@138395b4]
userweb-app  | ----------------Optional[com.example.demo.model.User@5636feea]
userweb-app  | ===========getbyname===================
userweb-app  | ===========getbyname===================
userweb-app  | ===========getbyname===================
userweb-app  | ===========getbyname===================
userweb-app  | ----------------Optional[com.example.demo.model.User@651eb5e]
userweb-app  | ----------------Optional[com.example.demo.model.User@43d19f29]
userweb-app  | ----------------Optional[com.example.demo.model.User@72ffc16f]
userweb-app  | ----------------Optional[com.example.demo.model.User@745ac988]
userweb-app  | ----------------Optional[com.example.demo.model.User@2727c3d3]
userweb-app  | ===========getbyname===================
userweb-app  | ===========getbyname===================
userweb-app  | ----------------Optional[com.example.demo.model.User@49de020c]
userweb-app  | ----------------Optional[com.example.demo.model.User@76236159]
userweb-app  | ===========getbyname===================
userweb-app  | ===========getbyname===================
userweb-app  | ===========getbyname===================
userweb-app  | ===========getbyname===================
userweb-app  | ===========getbyname===================
userweb-app  | ----------------Optional[com.example.demo.model.User@255080cc]
userweb-app  | ----------------Optional[com.example.demo.model.User@65a153e9]
userweb-app  | ===========getbyname===================
userweb-app  | ----------------Optional[com.example.demo.model.User@3d2a744f]
userweb-app  | ----------------Optional[com.example.demo.model.User@5f4e1358]
userweb-app  | ----------------Optional[com.example.demo.model.User@3b6e44e5]
userweb-app  | ===========getbyname===================
userweb-app  | ----------------Optional[com.example.demo.model.User@2273dc2]
userweb-app  | ===========getbyname===================
userweb-app  | ===========getbyname===================
userweb-app  | ----------------Optional[com.example.demo.model.User@67ff8a94]
userweb-app  | ===========getbyname===================
userweb-app  | ----------------Optional[com.example.demo.model.User@76494a67]
userweb-app  | ----------------Optional[com.example.demo.model.User@112f7a63]
userweb-app  | ----------------Optional[com.example.demo.model.User@207f0247]
userweb-app  | ----------------Optional[com.example.demo.model.User@3bf0218d]
userweb-app  | ===========getbyname===================
userweb-app  | ===========getbyname===================
userweb-app  | ----------------Optional[com.example.demo.model.User@61d63af8]
userweb-app  | ===========getbyname===================
userweb-app  | ----------------Optional[com.example.demo.model.User@614adf26]
userweb-app  | ----------------Optional[com.example.demo.model.User@6c39fe6c]
userweb-app  | ===========getbyname===================
userweb-app  | ===========getbyname===================
userweb-app  | ===========getbyname===================
userweb-app  | ----------------Optional[com.example.demo.model.User@5408342]
userweb-app  | ===========getbyname===================
userweb-app  | ===========getbyname===================
userweb-app  | ===========getbyname===================
userweb-app  | ===========getbyname===================
userweb-app  | ----------------Optional[com.example.demo.model.User@34cde1a3]
userweb-app  | ----------------Optional[com.example.demo.model.User@59a2f2c4]
userweb-app  | ===========getbyname===================
userweb-app  | ===========getbyname===================
userweb-app  | ===========getbyname===================
userweb-app  | ===========getbyname===================
userweb-app  | ===========getbyname===================
userweb-app  | ===========getbyname===================
userweb-app  | ===========getbyname===================
userweb-app  | ===========getbyname===================
userweb-app  | ===========getbyname===================
userweb-app  | ===========getbyname===================
userweb-app  | ===========getbyname===================
userweb-app  | ----------------Optional[com.example.demo.model.User@229dd31c]
userweb-app  | ----------------Optional[com.example.demo.model.User@2852bf37]
userweb-app  | ===========getbyname===================
userweb-app  | ===========getbyname===================
userweb-app  | ===========getbyname===================
userweb-app  | ===========getbyname===================
userweb-app  | ----------------Optional[com.example.demo.model.User@1ea3f7a3]
userweb-app  | ----------------Optional[com.example.demo.model.User@2f824751]
userweb-app  | ----------------Optional[com.example.demo.model.User@237bc41b]
userweb-app  | ----------------Optional[com.example.demo.model.User@66f0e081]
userweb-app  | ----------------Optional[com.example.demo.model.User@567df42a]
userweb-app  | ----------------Optional[com.example.demo.model.User@8b68429]
userweb-app  | ===========getbyname===================
userweb-app  | ===========getbyname===================
userweb-app  | ===========getbyname===================
userweb-app  | ===========getbyname===================
userweb-app  | ----------------Optional[com.example.demo.model.User@12de2967]
userweb-app  | ----------------Optional[com.example.demo.model.User@ce0cbc1]
userweb-app  | ----------------Optional[com.example.demo.model.User@712bd2cb]
userweb-app  | ===========getbyname===================
userweb-app  | ----------------Optional[com.example.demo.model.User@180ea729]
userweb-app  | ----------------Optional[com.example.demo.model.User@1eddec31]
userweb-app  | ===========getbyname===================
userweb-app  | ----------------Optional[com.example.demo.model.User@757b370b]
userweb-app  | ===========getbyname===================
userweb-app  | ----------------Optional[com.example.demo.model.User@63eca197]
userweb-app  | ----------------Optional[com.example.demo.model.User@2562a29c]
userweb-app  | ===========getbyname===================
userweb-app  | ===========getbyname===================
userweb-app  | ----------------Optional[com.example.demo.model.User@4d17cf61]
userweb-app  | ===========getbyname===================
userweb-app  | ===========getbyname===================
userweb-app  | ----------------Optional[com.example.demo.model.User@1c0c94e8]
userweb-app  | ===========getbyname===================
userweb-app  | ===========getbyname===================
userweb-app  | ===========getbyname===================
userweb-app  | ----------------Optional[com.example.demo.model.User@495027a0]
userweb-app  | ----------------Optional[com.example.demo.model.User@b2a841e]
userweb-app  | ===========getbyname===================
userweb-app  | ----------------Optional[com.example.demo.model.User@158c22dc]
userweb-app  | ----------------Optional[com.example.demo.model.User@7a77918e]
userweb-app  | ----------------Optional[com.example.demo.model.User@29c8ad30]
userweb-app  | ----------------Optional[com.example.demo.model.User@2a913944]
userweb-app  | ----------------Optional[com.example.demo.model.User@2af0eb20]
userweb-app  | ===========getbyname===================
userweb-app  | ===========getbyname===================
userweb-app  | ----------------Optional[com.example.demo.model.User@25623aee]
userweb-app  | ===========getbyname===================
userweb-app  | ----------------Optional[com.example.demo.model.User@54f0cd92]
userweb-app  | ----------------Optional[com.example.demo.model.User@6a157e09]
userweb-app  | ===========getbyname===================
userweb-app  | ----------------Optional[com.example.demo.model.User@5cbb487f]
userweb-app  | ----------------Optional[com.example.demo.model.User@3911d9fc]
userweb-app  | ===========getbyname===================
userweb-app  | ===========getbyname===================
userweb-app  | ===========getbyname===================
userweb-app  | ===========getbyname===================
userweb-app  | ===========getbyname===================
userweb-app  | ----------------Optional[com.example.demo.model.User@15e19a0c]
userweb-app  | ----------------Optional[com.example.demo.model.User@6832a7a6]
userweb-app  | ----------------Optional[com.example.demo.model.User@3bbfa9a5]
userweb-app  | ----------------Optional[com.example.demo.model.User@76e4c2d8]
userweb-app  | ===========getbyname===================
userweb-app  | ----------------Optional[com.example.demo.model.User@2e90bd6d]
userweb-app  | ===========getbyname===================
userweb-app  | ----------------Optional[com.example.demo.model.User@6ce6b3f7]
userweb-app  | ----------------Optional[com.example.demo.model.User@59612374]
userweb-app  | ----------------Optional[com.example.demo.model.User@6b97243]
userweb-app  | ===========getbyname===================
userweb-app  | ----------------Optional[com.example.demo.model.User@1d6156ca]
userweb-app  | ===========getbyname===================
userweb-app  | ===========getbyname===================
userweb-app  | ----------------Optional[com.example.demo.model.User@39bf4a6e]
userweb-app  | ===========getbyname===================
userweb-app  | ===========getbyname===================
userweb-app  | ===========getbyname===================
userweb-app  | ----------------Optional[com.example.demo.model.User@119b628f]
userweb-app  | ----------------Optional[com.example.demo.model.User@61bc9778]
userweb-app  | ===========getbyname===================
userweb-app  | ----------------Optional[com.example.demo.model.User@5517e2fa]
userweb-app  | ----------------Optional[com.example.demo.model.User@31a39ec3]
userweb-app  | ----------------Optional[com.example.demo.model.User@453c059f]
userweb-app  | ----------------Optional[com.example.demo.model.User@25357941]
userweb-app  | ----------------Optional[com.example.demo.model.User@1e847900]
userweb-app  | ===========getbyname===================
userweb-app  | ----------------Optional[com.example.demo.model.User@139714d]
userweb-app  | ----------------Optional[com.example.demo.model.User@9993e6b]
userweb-app  | ----------------Optional[com.example.demo.model.User@697629a2]
userweb-app  | ----------------Optional[com.example.demo.model.User@7410b7ea]
userweb-app  | ----------------Optional[com.example.demo.model.User@7220fda0]
userweb-app  | ----------------Optional[com.example.demo.model.User@735aa626]
userweb-app  | ----------------Optional[com.example.demo.model.User@5eef9d95]
userweb-app  | ----------------Optional[com.example.demo.model.User@40fd1e9f]
userweb-app  | ----------------Optional[com.example.demo.model.User@3062db53]
userweb-app  | ----------------Optional[com.example.demo.model.User@690e978d]
userweb-app  | ===========getbyname===================
userweb-app  | ===========getbyname===================
userweb-app  | ===========getbyname===================
userweb-app  | ===========getbyname===================
userweb-app  | ===========getbyname===================
userweb-app  | ===========getbyname===================
userweb-app  | ===========getbyname===================
userweb-app  | ----------------Optional[com.example.demo.model.User@50217fb3]
userweb-app  | ----------------Optional[com.example.demo.model.User@445191e8]
userweb-app  | ----------------Optional[com.example.demo.model.User@50ee72d1]
userweb-app  | ----------------Optional[com.example.demo.model.User@6629021d]
userweb-app  | ----------------Optional[com.example.demo.model.User@71d8b3c1]
userweb-app  | ===========getbyname===================
userweb-app  | ----------------Optional[com.example.demo.model.User@207fd21c]
userweb-app  | ----------------Optional[com.example.demo.model.User@4852831b]
userweb-app  | ----------------Optional[com.example.demo.model.User@3e36a72a]
userweb-app  | ----------------Optional[com.example.demo.model.User@52de8de0]
userweb-app  | ===========getbyname===================
userweb-app  | ----------------Optional[com.example.demo.model.User@57187c1a]
userweb-app  | ===========getbyname===================
userweb-app  | ===========getbyname===================
userweb-app  | ----------------Optional[com.example.demo.model.User@2c121ea9]
userweb-app  | ===========getbyname===================
userweb-app  | ===========getbyname===================
userweb-app  | ----------------Optional[com.example.demo.model.User@25bc5301]
userweb-app  | ===========getbyname===================
userweb-app  | ----------------Optional[com.example.demo.model.User@3f20cbba]
userweb-app  | ----------------Optional[com.example.demo.model.User@2d99481a]
userweb-app  | ----------------Optional[com.example.demo.model.User@780f637]
userweb-app  | ===========getbyname===================
userweb-app  | ===========getbyname===================
userweb-app  | ===========getbyname===================
userweb-app  | ===========getbyname===================
userweb-app  | ----------------Optional[com.example.demo.model.User@6742830e]
userweb-app  | ----------------Optional[com.example.demo.model.User@6f790cc2]
userweb-app  | ----------------Optional[com.example.demo.model.User@2483ebbb]
userweb-app  | ===========getbyname===================
userweb-app  | ===========getbyname===================
userweb-app  | ----------------Optional[com.example.demo.model.User@c706cf3]
userweb-app  | ===========getbyname===================
userweb-app  | ----------------Optional[com.example.demo.model.User@686419c2]
userweb-app  | ===========getbyname===================
userweb-app  | ----------------Optional[com.example.demo.model.User@7226fc64]
userweb-app  | ----------------Optional[com.example.demo.model.User@6ddd1e3f]
userweb-app  | ===========getbyname===================
userweb-app  | ----------------Optional[com.example.demo.model.User@36087044]
userweb-app  | ----------------Optional[com.example.demo.model.User@4963df00]
userweb-app  | ===========getbyname===================
userweb-app  | ----------------Optional[com.example.demo.model.User@59caa90b]
userweb-app  | ===========getbyname===================
userweb-app  | ===========getbyname===================
userweb-app  | ===========getbyname===================
userweb-app  | ----------------Optional[com.example.demo.model.User@95c4807]
userweb-app  | ===========getbyname===================
userweb-app  | ----------------Optional[com.example.demo.model.User@5e9e0ea]
userweb-app  | ----------------Optional[com.example.demo.model.User@5f1afb28]
userweb-app  | ----------------Optional[com.example.demo.model.User@12ef5282]
userweb-app  | ----------------Optional[com.example.demo.model.User@10ba1fb9]
userweb-app  | ===========getbyname===================
userweb-app  | ===========getbyname===================
userweb-app  | ----------------Optional[com.example.demo.model.User@65733ddd]
userweb-app  | ===========getbyname===================
userweb-app  | ----------------Optional[com.example.demo.model.User@60b2e4ae]
userweb-app  | ----------------Optional[com.example.demo.model.User@699cdcfd]
userweb-app  | ===========getbyname===================
userweb-app  | ===========getbyname===================
userweb-app  | ----------------Optional[com.example.demo.model.User@563d5e68]
userweb-app  | ===========getbyname===================
userweb-app  | ===========getbyname===================
userweb-app  | ===========getbyname===================
userweb-app  | ----------------Optional[com.example.demo.model.User@fe6c32f]
userweb-app  | ----------------Optional[com.example.demo.model.User@5593fcc2]
userweb-app  | ===========getbyname===================
userweb-app  | ----------------Optional[com.example.demo.model.User@1cd7b343]
userweb-app  | ----------------Optional[com.example.demo.model.User@4a84c016]
userweb-app  | ----------------Optional[com.example.demo.model.User@51cc15bd]
userweb-app  | ===========getbyname===================
userweb-app  | ===========getbyname===================
userweb-app  | ----------------Optional[com.example.demo.model.User@4e619a82]
userweb-app  | ===========getbyname===================
userweb-app  | ===========getbyname===================
userweb-app  | ===========getbyname===================
userweb-app  | ----------------Optional[com.example.demo.model.User@c8d5b]
userweb-app  | ----------------Optional[com.example.demo.model.User@26b4bd0b]
userweb-app  | ===========getbyname===================
userweb-app  | ----------------Optional[com.example.demo.model.User@685ebe6b]
userweb-app  | ===========getbyname===================
userweb-app  | ===========getbyname===================
userweb-app  | ===========getbyname===================
userweb-app  | ----------------Optional[com.example.demo.model.User@41acc3f]
userweb-app  | ----------------Optional[com.example.demo.model.User@7f4ad9d0]
userweb-app  | ===========getbyname===================
userweb-app  | ----------------Optional[com.example.demo.model.User@34d0270a]
userweb-app  | ===========getbyname===================
userweb-app  | ----------------Optional[com.example.demo.model.User@48c831b2]
userweb-app  | ===========getbyname===================
userweb-app  | ===========getbyname===================
userweb-app  | ===========getbyname===================
userweb-app  | ===========getbyname===================
userweb-app  | ===========getbyname===================
userweb-app  | ----------------Optional[com.example.demo.model.User@73229ba4]
userweb-app  | ----------------Optional[com.example.demo.model.User@1327058b]
userweb-app  | ----------------Optional[com.example.demo.model.User@68bb4589]
userweb-app  | ----------------Optional[com.example.demo.model.User@49db6711]
userweb-app  | ===========getbyname===================
userweb-app  | ===========getbyname===================
userweb-app  | ----------------Optional[com.example.demo.model.User@494cf5f0]
userweb-app  | ===========getbyname===================
userweb-app  | ===========getbyname===================
userweb-app  | ===========getbyname===================
userweb-app  | ----------------Optional[com.example.demo.model.User@49d9d92f]
userweb-app  | ===========getbyname===================
userweb-app  | ===========getbyname===================
userweb-app  | ----------------Optional[com.example.demo.model.User@22dc5960]
userweb-app  | ===========getbyname===================
userweb-app  | ----------------Optional[com.example.demo.model.User@7e58fe26]
userweb-app  | ----------------Optional[com.example.demo.model.User@3eb97aed]
userweb-app  | ----------------Optional[com.example.demo.model.User@321bd72d]
userweb-app  | ===========getbyname===================
userweb-app  | ----------------Optional[com.example.demo.model.User@237ca4ec]
userweb-app  | ===========getbyname===================
userweb-app  | ===========getbyname===================
userweb-app  | ===========getbyname===================
userweb-app  | ----------------Optional[com.example.demo.model.User@55635425]
userweb-app  | ===========getbyname===================
userweb-app  | ===========getbyname===================
userweb-app  | ----------------Optional[com.example.demo.model.User@5ea4647]
userweb-app  | ----------------Optional[com.example.demo.model.User@39a9bb40]
userweb-app  | ----------------Optional[com.example.demo.model.User@6ac6e4f0]
userweb-app  | ===========getbyname===================
userweb-app  | ----------------Optional[com.example.demo.model.User@5299e4e9]
userweb-app  | ----------------Optional[com.example.demo.model.User@52fc16a5]
userweb-app  | ===========getbyname===================
userweb-app  | ----------------Optional[com.example.demo.model.User@683142c8]
userweb-app  | ===========getbyname===================
userweb-app  | ----------------Optional[com.example.demo.model.User@3b987ad7]
userweb-app  | ===========getbyname===================
userweb-app  | ===========getbyname===================
userweb-app  | ----------------Optional[com.example.demo.model.User@226bc36]
userweb-app  | ----------------Optional[com.example.demo.model.User@778864b9]
userweb-app  | ===========getbyname===================
userweb-app  | ===========getbyname===================
userweb-app  | ===========getbyname===================
userweb-app  | ===========getbyname===================
userweb-app  | ----------------Optional[com.example.demo.model.User@42d00810]
userweb-app  | ----------------Optional[com.example.demo.model.User@117ee548]
userweb-app  | ----------------Optional[com.example.demo.model.User@274b95b8]
userweb-app  | ===========getbyname===================
userweb-app  | ===========getbyname===================
userweb-app  | ===========getbyname===================
userweb-app  | ----------------Optional[com.example.demo.model.User@6ddd12e2]
userweb-app  | ===========getbyname===================
userweb-app  | ----------------Optional[com.example.demo.model.User@416461d7]
userweb-app  | ===========getbyname===================
userweb-app  | ===========getbyname===================
userweb-app  | ===========getbyname===================
userweb-app  | ===========getbyname===================
userweb-app  | ===========getbyname===================
userweb-app  | ----------------Optional[com.example.demo.model.User@eca52f7]
userweb-app  | ----------------Optional[com.example.demo.model.User@43886086]
userweb-app  | ===========getbyname===================
userweb-app  | ===========getbyname===================
userweb-app  | ----------------Optional[com.example.demo.model.User@1b2f326c]
userweb-app  | ----------------Optional[com.example.demo.model.User@67f5a152]
userweb-app  | ===========getbyname===================
userweb-app  | ===========getbyname===================
userweb-app  | ===========getbyname===================
userweb-app  | ----------------Optional[com.example.demo.model.User@3f4e61ae]
userweb-app  | ===========getbyname===================
userweb-app  | ----------------Optional[com.example.demo.model.User@55121b8f]
userweb-app  | ===========getbyname===================
userweb-app  | ----------------Optional[com.example.demo.model.User@3823133b]
userweb-app  | ----------------Optional[com.example.demo.model.User@38c00feb]
userweb-app  | ===========getbyname===================
userweb-app  | ===========getbyname===================
userweb-app  | ----------------Optional[com.example.demo.model.User@5a0c6777]
userweb-app  | ----------------Optional[com.example.demo.model.User@7b2cd116]
userweb-app  | ===========getbyname===================
userweb-app  | ===========getbyname===================
userweb-app  | ----------------Optional[com.example.demo.model.User@687c623f]
userweb-app  | ----------------Optional[com.example.demo.model.User@3077a6ad]
userweb-app  | ----------------Optional[com.example.demo.model.User@5c32585e]
userweb-app  | ----------------Optional[com.example.demo.model.User@17f55b]
userweb-app  | ===========getbyname===================
userweb-app  | ===========getbyname===================
userweb-app  | ----------------Optional[com.example.demo.model.User@6b08d7d3]
userweb-app  | ----------------Optional[com.example.demo.model.User@28248c74]
userweb-app  | ----------------Optional[com.example.demo.model.User@7dd2c421]
userweb-app  | ===========getbyname===================
userweb-app  | ===========getbyname===================
userweb-app  | ----------------Optional[com.example.demo.model.User@6e6b72b4]
userweb-app  | ===========getbyname===================
userweb-app  | ----------------Optional[com.example.demo.model.User@3de503d6]
userweb-app  | ----------------Optional[com.example.demo.model.User@1a7f8d57]
userweb-app  | ===========getbyname===================
userweb-app  | ===========getbyname===================
userweb-app  | ===========getbyname===================
userweb-app  | ===========getbyname===================
userweb-app  | ----------------Optional[com.example.demo.model.User@59e902b9]
userweb-app  | ----------------Optional[com.example.demo.model.User@58694d3]
userweb-app  | ----------------Optional[com.example.demo.model.User@3ac0a6de]
userweb-app  | ===========getbyname===================
userweb-app  | ===========getbyname===================
userweb-app  | ----------------Optional[com.example.demo.model.User@61925de0]
userweb-app  | ----------------Optional[com.example.demo.model.User@7a9cd91d]
userweb-app  | ===========getbyname===================
userweb-app  | ===========getbyname===================
userweb-app  | ===========getbyname===================
userweb-app  | ----------------Optional[com.example.demo.model.User@1bdacf87]
userweb-app  | ----------------Optional[com.example.demo.model.User@52592a8d]
userweb-app  | ----------------Optional[com.example.demo.model.User@617d39a2]
userweb-app  | ----------------Optional[com.example.demo.model.User@759b88a2]
userweb-app  | ===========getbyname===================
userweb-app  | ===========getbyname===================
userweb-app  | ----------------Optional[com.example.demo.model.User@3ae8ca54]
userweb-app  | ----------------Optional[com.example.demo.model.User@1130bf74]
userweb-app  | ----------------Optional[com.example.demo.model.User@2a9c6e3f]
userweb-app  | ----------------Optional[com.example.demo.model.User@54f5ccd1]
userweb-app  | ----------------Optional[com.example.demo.model.User@18178088]
userweb-app  | ===========getbyname===================
userweb-app  | ===========getbyname===================
userweb-app  | ===========getbyname===================
userweb-app  | ===========getbyname===================
userweb-app  | ----------------Optional[com.example.demo.model.User@421da50b]
userweb-app  | ----------------Optional[com.example.demo.model.User@69a5a514]
userweb-app  | ===========getbyname===================
userweb-app  | ----------------Optional[com.example.demo.model.User@7021777]
userweb-app  | ===========getbyname===================
userweb-app  | ----------------Optional[com.example.demo.model.User@655f1d4e]
userweb-app  | ===========getbyname===================
userweb-app  | ----------------Optional[com.example.demo.model.User@7239515f]
userweb-app  | ===========getbyname===================
userweb-app  | ----------------Optional[com.example.demo.model.User@3869cb2a]
userweb-app  | ----------------Optional[com.example.demo.model.User@9d9d417]
userweb-app  | ===========getbyname===================
userweb-app  | ----------------Optional[com.example.demo.model.User@14f09ccd]
userweb-app  | ===========getbyname===================
userweb-app  | ===========getbyname===================
userweb-app  | ===========getbyname===================
userweb-app  | ----------------Optional[com.example.demo.model.User@73faa931]
userweb-app  | ===========getbyname===================
userweb-app  | ----------------Optional[com.example.demo.model.User@6e6070dd]
userweb-app  | ===========getbyname===================
userweb-app  | ===========getbyname===================
userweb-app  | ----------------Optional[com.example.demo.model.User@390fac28]
userweb-app  | ===========getbyname===================
userweb-app  | ===========getbyname===================
userweb-app  | ----------------Optional[com.example.demo.model.User@491fa92f]
userweb-app  | ===========getbyname===================
userweb-app  | ===========getbyname===================
userweb-app  | ----------------Optional[com.example.demo.model.User@4c3dbc8b]
userweb-app  | ----------------Optional[com.example.demo.model.User@186e09b4]
userweb-app  | ----------------Optional[com.example.demo.model.User@5257e4a8]
userweb-app  | ----------------Optional[com.example.demo.model.User@549d5958]
userweb-app  | ----------------Optional[com.example.demo.model.User@2eb4b646]
userweb-app  | ----------------Optional[com.example.demo.model.User@5b68bc15]
userweb-app  | ----------------Optional[com.example.demo.model.User@7cea925b]
userweb-app  | ===========getbyname===================
userweb-app  | ===========getbyname===================
userweb-app  | ===========getbyname===================
userweb-app  | ----------------Optional[com.example.demo.model.User@37898800]
userweb-app  | ----------------Optional[com.example.demo.model.User@3e6a8995]
userweb-app  | ----------------Optional[com.example.demo.model.User@23bee193]
userweb-app  | ===========getbyname===================
userweb-app  | ===========getbyname===================
userweb-app  | ===========getbyname===================
userweb-app  | ----------------Optional[com.example.demo.model.User@7c5e73fe]
userweb-app  | ===========getbyname===================
userweb-app  | ----------------Optional[com.example.demo.model.User@4ca135e5]
userweb-app  | ===========getbyname===================
userweb-app  | ----------------Optional[com.example.demo.model.User@767abf34]
userweb-app  | ===========getbyname===================
userweb-app  | ===========getbyname===================
userweb-app  | ----------------Optional[com.example.demo.model.User@59fe3e85]
userweb-app  | ----------------Optional[com.example.demo.model.User@309e7003]
userweb-app  | ----------------Optional[com.example.demo.model.User@604c48a9]
userweb-app  | ----------------Optional[com.example.demo.model.User@71a4f273]
userweb-app  | ===========getbyname===================
userweb-app  | ----------------Optional[com.example.demo.model.User@2456a26f]
userweb-app  | ===========getbyname===================
userweb-app  | ===========getbyname===================
userweb-app  | ===========getbyname===================
userweb-app  | ===========getbyname===================
userweb-app  | ----------------Optional[com.example.demo.model.User@b048525]
userweb-app  | ----------------Optional[com.example.demo.model.User@34aae072]
userweb-app  | ===========getbyname===================
userweb-app  | ===========getbyname===================
userweb-app  | ----------------Optional[com.example.demo.model.User@38215cb7]
userweb-app  | ----------------Optional[com.example.demo.model.User@46b0eaa4]
userweb-app  | ----------------Optional[com.example.demo.model.User@73aa5925]
userweb-app  | ----------------Optional[com.example.demo.model.User@6791fe63]
userweb-app  | ----------------Optional[com.example.demo.model.User@273be7d6]
userweb-app  | ===========getbyname===================
userweb-app  | ----------------Optional[com.example.demo.model.User@62835e77]
userweb-app  | ===========getbyname===================
userweb-app  | ----------------Optional[com.example.demo.model.User@604eba12]
userweb-app  | ----------------Optional[com.example.demo.model.User@7da04dda]
userweb-app  | ===========getbyname===================
userweb-app  | ===========getbyname===================
userweb-app  | ===========getbyname===================
userweb-app  | ----------------Optional[com.example.demo.model.User@ce30d46]
userweb-app  | ----------------Optional[com.example.demo.model.User@7a17a0e]
userweb-app  | ----------------Optional[com.example.demo.model.User@591fe959]
userweb-app  | ===========getbyname===================
userweb-app  | ----------------Optional[com.example.demo.model.User@2dac86ca]
userweb-app  | ----------------Optional[com.example.demo.model.User@3918ca7]
userweb-app  | ----------------Optional[com.example.demo.model.User@6cd117b0]
userweb-app  | ===========getbyname===================
userweb-app  | ----------------Optional[com.example.demo.model.User@51f21d92]
userweb-app  | ===========getbyname===================
userweb-app  | ===========getbyname===================
userweb-app  | ----------------Optional[com.example.demo.model.User@5f5f4d52]
userweb-app  | ----------------Optional[com.example.demo.model.User@74135319]
userweb-app  | ===========getbyname===================
userweb-app  | ===========getbyname===================
userweb-app  | ===========getbyname===================
userweb-app  | ----------------Optional[com.example.demo.model.User@24c47c08]
userweb-app  | ===========getbyname===================
userweb-app  | ===========getbyname===================
userweb-app  | ----------------Optional[com.example.demo.model.User@773331ef]
userweb-app  | ----------------Optional[com.example.demo.model.User@5817bbbd]
userweb-app  | ===========getbyname===================
userweb-app  | ===========getbyname===================
userweb-app  | ----------------Optional[com.example.demo.model.User@41baf374]
userweb-app  | ----------------Optional[com.example.demo.model.User@6e8b4250]
userweb-app  | ----------------Optional[com.example.demo.model.User@71166054]
userweb-app  | ===========getbyname===================
userweb-app  | ----------------Optional[com.example.demo.model.User@4500db42]
userweb-app  | ===========getbyname===================
userweb-app  | ===========getbyname===================
userweb-app  | ----------------Optional[com.example.demo.model.User@6926939c]
userweb-app  | ----------------Optional[com.example.demo.model.User@2d41d739]
userweb-app  | ----------------Optional[com.example.demo.model.User@4c584c28]
userweb-app  | ===========getbyname===================
userweb-app  | ===========getbyname===================
userweb-app  | ===========getbyname===================
userweb-app  | ----------------Optional[com.example.demo.model.User@1a9d54b9]
userweb-app  | ===========getbyname===================
userweb-app  | ----------------Optional[com.example.demo.model.User@23461483]
userweb-app  | ----------------Optional[com.example.demo.model.User@4b01fb24]
userweb-app  | ===========getbyname===================
userweb-app  | ----------------Optional[com.example.demo.model.User@530a56f]
userweb-app  | ===========getbyname===================
userweb-app  | ===========getbyname===================
userweb-app  | ===========getbyname===================
userweb-app  | ----------------Optional[com.example.demo.model.User@439788f6]
userweb-app  | ----------------Optional[com.example.demo.model.User@6e2eeebb]
userweb-app  | ----------------Optional[com.example.demo.model.User@4cbff138]
userweb-app  | ----------------Optional[com.example.demo.model.User@69b5538c]
userweb-app  | ===========getbyname===================
userweb-app  | ===========getbyname===================
userweb-app  | ===========getbyname===================
userweb-app  | ----------------Optional[com.example.demo.model.User@67cc0c14]
userweb-app  | ----------------Optional[com.example.demo.model.User@23e55c35]
userweb-app  | ===========getbyname===================
userweb-app  | ----------------Optional[com.example.demo.model.User@797dae9a]
userweb-app  | ----------------Optional[com.example.demo.model.User@404bf340]
userweb-app  | ----------------Optional[com.example.demo.model.User@1b267954]
userweb-app  | ----------------Optional[com.example.demo.model.User@1c7a152b]
userweb-app  | ----------------Optional[com.example.demo.model.User@6f42aea6]
userweb-app  | ----------------Optional[com.example.demo.model.User@43fbe114]
userweb-app  | ===========getbyname===================
userweb-app  | ----------------Optional[com.example.demo.model.User@2168f1ad]
userweb-app  | ===========getbyname===================
userweb-app  | ===========getbyname===================
userweb-app  | ----------------Optional[com.example.demo.model.User@479a9be5]
userweb-app  | ----------------Optional[com.example.demo.model.User@5e9b5af9]
userweb-app  | ----------------Optional[com.example.demo.model.User@270b7740]
userweb-app  | ===========getbyname===================
userweb-app  | ----------------Optional[com.example.demo.model.User@12dde41e]
userweb-app  | ===========getbyname===================
userweb-app  | ----------------Optional[com.example.demo.model.User@757ec8e8]
userweb-app  | ----------------Optional[com.example.demo.model.User@6a1e1d85]
userweb-app  | ===========getbyname===================
userweb-app  | ----------------Optional[com.example.demo.model.User@116bf3eb]
userweb-app  | ===========getbyname===================
userweb-app  | ===========getbyname===================
userweb-app  | ===========getbyname===================
userweb-app  | ===========getbyname===================
userweb-app  | ===========getbyname===================
userweb-app  | ----------------Optional[com.example.demo.model.User@15074b88]
userweb-app  | ----------------Optional[com.example.demo.model.User@472f76d0]
userweb-app  | ===========getbyname===================
userweb-app  | ===========getbyname===================
userweb-app  | ----------------Optional[com.example.demo.model.User@2056387e]
userweb-app  | ----------------Optional[com.example.demo.model.User@164e74d4]
userweb-app  | ----------------Optional[com.example.demo.model.User@273db4b0]
userweb-app  | ===========getbyname===================
userweb-app  | ----------------Optional[com.example.demo.model.User@4514c956]
userweb-app  | ===========getbyname===================
userweb-app  | ===========getbyname===================
userweb-app  | ----------------Optional[com.example.demo.model.User@20274b1c]
userweb-app  | ----------------Optional[com.example.demo.model.User@36659583]
userweb-app  | ===========getbyname===================
userweb-app  | ----------------Optional[com.example.demo.model.User@3f50f731]
userweb-app  | ===========getbyname===================
userweb-app  | ===========getbyname===================
userweb-app  | ===========getbyname===================
userweb-app  | ===========getbyname===================
userweb-app  | ----------------Optional[com.example.demo.model.User@6c9b7808]
userweb-app  | ===========getbyname===================
userweb-app  | ----------------Optional[com.example.demo.model.User@383a4c9f]
userweb-app  | ===========getbyname===================
userweb-app  | ===========getbyname===================
userweb-app  | ===========getbyname===================
userweb-app  | ===========getbyname===================
userweb-app  | ----------------Optional[com.example.demo.model.User@61e730da]
userweb-app  | ===========getbyname===================
userweb-app  | ----------------Optional[com.example.demo.model.User@66286834]
userweb-app  | ----------------Optional[com.example.demo.model.User@2bacf971]
userweb-app  | ===========getbyname===================
userweb-app  | ===========getbyname===================
userweb-app  | ===========getbyname===================
userweb-app  | ===========getbyname===================
userweb-app  | ----------------Optional[com.example.demo.model.User@2e989937]
userweb-app  | ----------------Optional[com.example.demo.model.User@2cc59735]
userweb-app  | ===========getbyname===================
userweb-app  | ----------------Optional[com.example.demo.model.User@15701e81]
userweb-app  | ===========getbyname===================
userweb-app  | ----------------Optional[com.example.demo.model.User@66bc2877]
userweb-app  | ===========getbyname===================
userweb-app  | ----------------Optional[com.example.demo.model.User@61746930]
userweb-app  | ===========getbyname===================
userweb-app  | ===========getbyname===================
userweb-app  | ----------------Optional[com.example.demo.model.User@671de718]
userweb-app  | ===========getbyname===================
userweb-app  | ===========getbyname===================
userweb-app  | ===========getbyname===================
userweb-app  | ===========getbyname===================
userweb-app  | ----------------Optional[com.example.demo.model.User@774c750e]
userweb-app  | ----------------Optional[com.example.demo.model.User@2b28aad5]
userweb-app  | ===========getbyname===================
userweb-app  | ===========getbyname===================
userweb-app  | ===========getbyname===================
userweb-app  | ----------------Optional[com.example.demo.model.User@4e6056b3]
userweb-app  | ----------------Optional[com.example.demo.model.User@4bc87d48]
userweb-app  | ===========getbyname===================
userweb-app  | ----------------Optional[com.example.demo.model.User@606af93a]
userweb-app  | ===========getbyname===================
userweb-app  | ===========getbyname===================
userweb-app  | ----------------Optional[com.example.demo.model.User@59c26be]
userweb-app  | ===========getbyname===================
userweb-app  | ----------------Optional[com.example.demo.model.User@6060686c]
userweb-app  | ===========getbyname===================
userweb-app  | ----------------Optional[com.example.demo.model.User@7b3e835e]
userweb-app  | ===========getbyname===================
userweb-app  | ----------------Optional[com.example.demo.model.User@6ba40eb9]
userweb-app  | ===========getbyname===================
userweb-app  | ===========getbyname===================
userweb-app  | ===========getbyname===================
userweb-app  | ===========getbyname===================
userweb-app  | ===========getbyname===================
userweb-app  | ----------------Optional[com.example.demo.model.User@1bf6b03c]
userweb-app  | ----------------Optional[com.example.demo.model.User@687fca90]
userweb-app  | ===========getbyname===================
userweb-app  | ===========getbyname===================
userweb-app  | ----------------Optional[com.example.demo.model.User@41116f38]
userweb-app  | ----------------Optional[com.example.demo.model.User@3c5cd12f]
userweb-app  | ----------------Optional[com.example.demo.model.User@73a01b18]
userweb-app  | ===========getbyname===================
userweb-app  | ===========getbyname===================
userweb-app  | ===========getbyname===================
userweb-app  | ----------------Optional[com.example.demo.model.User@56be9b84]
userweb-app  | ----------------Optional[com.example.demo.model.User@6014e3b5]
userweb-app  | ===========getbyname===================
userweb-app  | ----------------Optional[com.example.demo.model.User@4b1e98c]
userweb-app  | ----------------Optional[com.example.demo.model.User@191577d3]
userweb-app  | ===========getbyname===================
userweb-app  | ----------------Optional[com.example.demo.model.User@70eba45a]
userweb-app  | ----------------Optional[com.example.demo.model.User@710ab064]
userweb-app  | ----------------Optional[com.example.demo.model.User@57307d7f]
userweb-app  | ===========getbyname===================
userweb-app  | ----------------Optional[com.example.demo.model.User@4b778dac]
userweb-app  | ===========getbyname===================
userweb-app  | ----------------Optional[com.example.demo.model.User@5612dd7c]
userweb-app  | ===========getbyname===================
userweb-app  | ===========getbyname===================
userweb-app  | ----------------Optional[com.example.demo.model.User@6cc0358f]
userweb-app  | ----------------Optional[com.example.demo.model.User@616f7cc9]
userweb-app  | ===========getbyname===================
userweb-app  | ===========getbyname===================
userweb-app  | ===========getbyname===================
userweb-app  | ----------------Optional[com.example.demo.model.User@7c05cc8]
userweb-app  | ===========getbyname===================
userweb-app  | ----------------Optional[com.example.demo.model.User@1fa9fbe]
userweb-app  | ----------------Optional[com.example.demo.model.User@1438f295]
userweb-app  | ===========getbyname===================
userweb-app  | ----------------Optional[com.example.demo.model.User@109a861f]
userweb-app  | ===========getbyname===================
userweb-app  | ----------------Optional[com.example.demo.model.User@67a549c9]
userweb-app  | ===========getbyname===================
userweb-app  | ===========getbyname===================
userweb-app  | ===========getbyname===================
userweb-app  | ----------------Optional[com.example.demo.model.User@1ddc8e7c]
userweb-app  | ===========getbyname===================
userweb-app  | ===========getbyname===================
userweb-app  | ----------------Optional[com.example.demo.model.User@20049d0d]
userweb-app  | ===========getbyname===================
userweb-app  | ===========getbyname===================
userweb-app  | ----------------Optional[com.example.demo.model.User@5721d5c]
userweb-app  | ----------------Optional[com.example.demo.model.User@1b6a29c3]
userweb-app  | === USERS === http-nio-8080-exec-13 JWT成功 username=test10
userweb-app  | === USERS AUTH === http-nio-8080-exec-13 username=test10
userweb-app  | ===========getbyname===================
userweb-app  | ----------------Optional[com.example.demo.model.User@48233fb1]
userweb-app  | ===========getbyname===================
userweb-app  | ----------------Optional[com.example.demo.model.User@320aca29]
userweb-app  | ===========getbyname===================
userweb-app  | ===========getbyname===================
userweb-app  | ----------------Optional[com.example.demo.model.User@7c685cd7]
userweb-app  | ----------------Optional[com.example.demo.model.User@484a622]
userweb-app  | ----------------Optional[com.example.demo.model.User@3453ddb2]
userweb-app  | ----------------Optional[com.example.demo.model.User@3b3e0ee]
userweb-app  | ===========getbyname===================
userweb-app  | ===========getbyname===================
userweb-app  | ===========getbyname===================
userweb-app  | ===========getbyname===================
userweb-app  | ===========getbyname===================
userweb-app  | ===========getbyname===================
userweb-app  | ----------------Optional[com.example.demo.model.User@2f6aeef1]
userweb-app  | ----------------Optional[com.example.demo.model.User@6cacb074]
userweb-app  | ----------------Optional[com.example.demo.model.User@22c690b7]
userweb-app  | ----------------Optional[com.example.demo.model.User@1a092a6c]
userweb-app  | ===========getbyname===================
userweb-app  | ----------------Optional[com.example.demo.model.User@60648f48]
userweb-app  | ===========getbyname===================
userweb-app  | ===========getbyname===================
userweb-app  | ----------------Optional[com.example.demo.model.User@46220f78]
userweb-app  | ----------------Optional[com.example.demo.model.User@3bc656a2]
userweb-app  | ----------------Optional[com.example.demo.model.User@747c9c16]
userweb-app  | ----------------Optional[com.example.demo.model.User@44da6673]
userweb-app  | ===========getbyname===================
userweb-app  | ===========getbyname===================
userweb-app  | ----------------Optional[com.example.demo.model.User@703a48c7]
userweb-app  | ===========getbyname===================
userweb-app  | ----------------Optional[com.example.demo.model.User@663f369a]
userweb-app  | ===========getbyname===================
userweb-app  | ===========getbyname===================
userweb-app  | ----------------Optional[com.example.demo.model.User@610d1c95]
userweb-app  | ===========getbyname===================
userweb-app  | ----------------Optional[com.example.demo.model.User@77ebd57b]
userweb-app  | ===========getbyname===================
userweb-app  | ===========getbyname===================
userweb-app  | ----------------Optional[com.example.demo.model.User@10de5a81]
userweb-app  | ----------------Optional[com.example.demo.model.User@45f3500]
userweb-app  | ----------------Optional[com.example.demo.model.User@e746672]
userweb-app  | ----------------Optional[com.example.demo.model.User@57bd003b]
userweb-app  | ----------------Optional[com.example.demo.model.User@9feb326]
userweb-app  | ===========getbyname===================
userweb-app  | ----------------Optional[com.example.demo.model.User@3f6aed80]
userweb-app  | ----------------Optional[com.example.demo.model.User@69dabe75]
userweb-app  | ===========getbyname===================
userweb-app  | ----------------Optional[com.example.demo.model.User@5dd46db7]
userweb-app  | ===========getbyname===================
userweb-app  | ===========getbyname===================
userweb-app  | ===========getbyname===================
userweb-app  | ----------------Optional[com.example.demo.model.User@54e4ae97]
userweb-app  | ===========getbyname===================
userweb-app  | ===========getbyname===================
userweb-app  | ----------------Optional[com.example.demo.model.User@e9e7964]
userweb-app  | ===========getbyname===================
userweb-app  | ===========getbyname===================
userweb-app  | === USERS === http-nio-8080-exec-49 JWT成功 username=test29
userweb-app  | ----------------Optional[com.example.demo.model.User@5d89cdfa]
userweb-app  | ===========getbyname===================
userweb-app  | ===========getbyname===================
userweb-app  | ===========getbyname===================
userweb-app  | ----------------Optional[com.example.demo.model.User@f0dd668]
userweb-app  | ===========getbyname===================
userweb-app  | ----------------Optional[com.example.demo.model.User@78a8fb66]
userweb-app  | ----------------Optional[com.example.demo.model.User@eab7c21]
userweb-app  | ===========getbyname===================
userweb-app  | ===========getbyname===================
userweb-app  | === USERS AUTH === http-nio-8080-exec-49 username=test29
userweb-app  | ----------------Optional[com.example.demo.model.User@65e1c577]
userweb-app  | ===========getbyname===================
userweb-app  | ===========getbyname===================
userweb-app  | ----------------Optional[com.example.demo.model.User@9efad5e]
userweb-app  | ----------------Optional[com.example.demo.model.User@73510cb6]
userweb-app  | ----------------Optional[com.example.demo.model.User@32069175]
userweb-app  | ----------------Optional[com.example.demo.model.User@548c1d9a]
userweb-app  | ===========getbyname===================
userweb-app  | ----------------Optional[com.example.demo.model.User@7d1d9eea]
userweb-app  | ===========getbyname===================
userweb-app  | ===========getbyname===================
userweb-app  | ----------------Optional[com.example.demo.model.User@3147cde6]
userweb-app  | ----------------Optional[com.example.demo.model.User@4d52a599]
userweb-app  | ===========getbyname===================
userweb-app  | ----------------Optional[com.example.demo.model.User@4ccbeeb5]
userweb-app  | ===========getbyname===================
userweb-app  | ----------------Optional[com.example.demo.model.User@28e54b00]
userweb-app  | ===========getbyname===================
userweb-app  | ----------------Optional[com.example.demo.model.User@2055c77a]
userweb-app  | ----------------Optional[com.example.demo.model.User@6a572a26]
userweb-app  | ----------------Optional[com.example.demo.model.User@7c6fc733]
userweb-app  | ----------------Optional[com.example.demo.model.User@769a39d2]
userweb-app  | ===========getbyname===================
userweb-app  | ----------------Optional[com.example.demo.model.User@77963adc]
userweb-app  | ----------------Optional[com.example.demo.model.User@246558bb]
userweb-app  | ===========getbyname===================
userweb-app  | ----------------Optional[com.example.demo.model.User@240547b3]
userweb-app  | ===========getbyname===================
userweb-app  | ===========getbyname===================
userweb-app  | ===========getbyname===================
userweb-app  | ----------------Optional[com.example.demo.model.User@57fdd128]
userweb-app  | ===========getbyname===================
userweb-app  | ===========getbyname===================
userweb-app  | ----------------Optional[com.example.demo.model.User@4d0e7c98]
userweb-app  | ===========getbyname===================
userweb-app  | ----------------Optional[com.example.demo.model.User@76187b08]
userweb-app  | ----------------Optional[com.example.demo.model.User@721d0abe]
userweb-app  | ===========getbyname===================
userweb-app  | ----------------Optional[com.example.demo.model.User@cfba5e6]
userweb-app  | ----------------Optional[com.example.demo.model.User@746ff34c]
userweb-app  | ===========getbyname===================
userweb-app  | ===========getbyname===================
userweb-app  | ===========getbyname===================
userweb-app  | ----------------Optional[com.example.demo.model.User@534cfd8c]
userweb-app  | ===========getbyname===================
userweb-app  | ----------------Optional[com.example.demo.model.User@eb83955]
userweb-app  | === USERS === http-nio-8080-exec-22 JWT成功 username=test52
userweb-app  | === USERS AUTH === http-nio-8080-exec-22 username=test52
userweb-app  | ===========getbyname===================
userweb-app  | ===========getbyname===================
userweb-app  | ===========getbyname===================
userweb-app  | ===========getbyname===================
userweb-app  | ===========getbyname===================
userweb-app  | ----------------Optional[com.example.demo.model.User@3a68ab24]
userweb-app  | ----------------Optional[com.example.demo.model.User@71e06e7b]
userweb-app  | ===========getbyname===================
userweb-app  | ===========getbyname===================
userweb-app  | ===========getbyname===================
userweb-app  | ----------------Optional[com.example.demo.model.User@137f2105]
userweb-app  | ----------------Optional[com.example.demo.model.User@7ce0161]
userweb-app  | ----------------Optional[com.example.demo.model.User@33bbc023]
userweb-app  | ----------------Optional[com.example.demo.model.User@6184a9cf]
userweb-app  | ===========getbyname===================
userweb-app  | ===========getbyname===================
userweb-app  | ===========getbyname===================
userweb-app  | ----------------Optional[com.example.demo.model.User@cef3ae8]
userweb-app  | ----------------Optional[com.example.demo.model.User@28df7c30]
userweb-app  | ----------------Optional[com.example.demo.model.User@bff2bb1]
userweb-app  | ===========getbyname===================
userweb-app  | ----------------Optional[com.example.demo.model.User@22eb050e]
userweb-app  | ===========getbyname===================
userweb-app  | ----------------Optional[com.example.demo.model.User@6027c1c2]
userweb-app  | ===========getbyname===================
userweb-app  | ----------------Optional[com.example.demo.model.User@4f61f10d]
userweb-app  | ----------------Optional[com.example.demo.model.User@69587f9f]
userweb-app  | ----------------Optional[com.example.demo.model.User@44a4b294]
userweb-app  | ----------------Optional[com.example.demo.model.User@264bbb15]
userweb-app  | ----------------Optional[com.example.demo.model.User@58dbf4f2]
userweb-app  | ----------------Optional[com.example.demo.model.User@5b0a6085]
userweb-app  | ===========getbyname===================
userweb-app  | ===========getbyname===================
userweb-app  | ----------------Optional[com.example.demo.model.User@24bc5af4]
userweb-app  | ----------------Optional[com.example.demo.model.User@41f8017d]
userweb-app  | ----------------Optional[com.example.demo.model.User@347e0c22]
userweb-app  | ===========getbyname===================
userweb-app  | ===========getbyname===================
userweb-app  | ----------------Optional[com.example.demo.model.User@40a1d7b1]
userweb-app  | ===========getbyname===================
userweb-app  | ----------------Optional[com.example.demo.model.User@13a3cd8e]
userweb-app  | === USERS === http-nio-8080-exec-17 JWT成功 username=test55
userweb-app  | ===========getbyname===================
userweb-app  | === USERS === http-nio-8080-exec-5 JWT成功 username=test27
userweb-app  | === USERS AUTH === http-nio-8080-exec-5 username=test27
userweb-app  | ===========getbyname===================
userweb-app  | ----------------Optional[com.example.demo.model.User@e4eecb3]
userweb-app  | ----------------Optional[com.example.demo.model.User@7e6d566b]
userweb-app  | ----------------Optional[com.example.demo.model.User@6c3016bf]
userweb-app  | ===========getbyname===================
userweb-app  | ----------------Optional[com.example.demo.model.User@71da3fac]
userweb-app  | ===========getbyname===================
userweb-app  | ===========getbyname===================
userweb-app  | === USERS AUTH === http-nio-8080-exec-17 username=test55
userweb-app  | ===========getbyname===================
userweb-app  | ----------------Optional[com.example.demo.model.User@623a8ad7]
userweb-app  | ----------------Optional[com.example.demo.model.User@4c0be800]
userweb-app  | ----------------Optional[com.example.demo.model.User@43007f12]
userweb-app  | ===========getbyname===================
userweb-app  | ----------------Optional[com.example.demo.model.User@52ddbba9]
userweb-app  | ----------------Optional[com.example.demo.model.User@cc2075b]
userweb-app  | ===========getbyname===================
userweb-app  | ===========getbyname===================
userweb-app  | ===========getbyname===================
userweb-app  | ----------------Optional[com.example.demo.model.User@7697b3cb]
userweb-app  | ----------------Optional[com.example.demo.model.User@104db0d5]
userweb-app  | ----------------Optional[com.example.demo.model.User@66d571b6]
userweb-app  | ===========getbyname===================
userweb-app  | === USERS === http-nio-8080-exec-11 JWT成功 username=test59
userweb-app  | === USERS AUTH === http-nio-8080-exec-11 username=test59
userweb-app  | ===========getbyname===================
userweb-app  | ----------------Optional[com.example.demo.model.User@7be5c61d]
userweb-app  | ===========getbyname===================
userweb-app  | ----------------Optional[com.example.demo.model.User@50bfc712]
userweb-app  | ----------------Optional[com.example.demo.model.User@6d8970ad]
userweb-app  | ===========getbyname===================
userweb-app  | ===========getbyname===================
userweb-app  | ----------------Optional[com.example.demo.model.User@7ca802db]
userweb-app  | ----------------Optional[com.example.demo.model.User@16ea86b7]
userweb-app  | ----------------Optional[com.example.demo.model.User@4fc08dfa]
userweb-app  | ----------------Optional[com.example.demo.model.User@457c3f72]
userweb-app  | ----------------Optional[com.example.demo.model.User@353a0c9f]
userweb-app  | ===========getbyname===================
userweb-app  | ----------------Optional[com.example.demo.model.User@46f4e208]
userweb-app  | ----------------Optional[com.example.demo.model.User@2ffaa13]
userweb-app  | ===========getbyname===================
userweb-app  | ----------------Optional[com.example.demo.model.User@9cef696]
userweb-app  | ----------------Optional[com.example.demo.model.User@64d1ccec]
userweb-app  | ===========getbyname===================
userweb-app  | ----------------Optional[com.example.demo.model.User@2ec7ced5]
userweb-app  | === USERS === http-nio-8080-exec-43 JWT成功 username=test12
userweb-app  | ===========getbyname===================
userweb-app  | ----------------Optional[com.example.demo.model.User@54ae8bfd]
userweb-app  | ----------------Optional[com.example.demo.model.User@5e1ac3ef]
userweb-app  | ----------------Optional[com.example.demo.model.User@6681bbd2]
userweb-app  | ----------------Optional[com.example.demo.model.User@59a8d92e]
userweb-app  | ===========getbyname===================
userweb-app  | ===========getbyname===================
userweb-app  | ----------------Optional[com.example.demo.model.User@11a0d8ad]
userweb-app  | ===========getbyname===================
userweb-app  | ===========getbyname===================
userweb-app  | ----------------Optional[com.example.demo.model.User@6da4358b]
userweb-app  | ----------------Optional[com.example.demo.model.User@2f0e9a3b]
userweb-app  | ----------------Optional[com.example.demo.model.User@32e6e470]
userweb-app  | ----------------Optional[com.example.demo.model.User@2be15a8]
userweb-app  | ----------------Optional[com.example.demo.model.User@1e40325a]
userweb-app  | === USERS === http-nio-8080-exec-15 JWT成功 username=test50
userweb-app  | === USERS AUTH === http-nio-8080-exec-15 username=test50
userweb-app  | ----------------Optional[com.example.demo.model.User@228080f]
userweb-app  | ===========getbyname===================
userweb-app  | ----------------Optional[com.example.demo.model.User@6ae2b6ac]
userweb-app  | ===========getbyname===================
userweb-app  | ===========getbyname===================
userweb-app  | ----------------Optional[com.example.demo.model.User@3faa8599]
userweb-app  | ===========getbyname===================
userweb-app  | ----------------Optional[com.example.demo.model.User@6fc6634f]
userweb-app  | ----------------Optional[com.example.demo.model.User@45701d8]
userweb-app  | ----------------Optional[com.example.demo.model.User@4b377ae6]
userweb-app  | ===========getbyname===================
userweb-app  | ----------------Optional[com.example.demo.model.User@136e41b1]
userweb-app  | ----------------Optional[com.example.demo.model.User@5a84a5b8]
userweb-app  | ===========getbyname===================
userweb-app  | ----------------Optional[com.example.demo.model.User@75c69271]
userweb-app  | === USERS === http-nio-8080-exec-47 JWT成功 username=test40
userweb-app  | === USERS AUTH === http-nio-8080-exec-47 username=test40
userweb-app  | === USERS === http-nio-8080-exec-7 JWT成功 username=test15
userweb-app  | === USERS AUTH === http-nio-8080-exec-7 username=test15
userweb-app  | ===========getbyname===================
userweb-app  | === USERS === http-nio-8080-exec-25 JWT成功 username=test35
userweb-app  | === USERS AUTH === http-nio-8080-exec-25 username=test35
userweb-app  | ===========getbyname===================
userweb-app  | ===========getbyname===================
userweb-app  | ===========getbyname===================
userweb-app  | ----------------Optional[com.example.demo.model.User@2a170d63]
userweb-app  | ----------------Optional[com.example.demo.model.User@56660a9]
userweb-app  | ----------------Optional[com.example.demo.model.User@5af72459]
userweb-app  | === USERS === http-nio-8080-exec-26 JWT成功 username=test16
userweb-app  | === USERS AUTH === http-nio-8080-exec-26 username=test16
userweb-app  | ----------------Optional[com.example.demo.model.User@2d37d9bd]
userweb-app  | ===========getbyname===================
userweb-app  | ===========getbyname===================
userweb-app  | ===========getbyname===================
userweb-app  | === USERS === http-nio-8080-exec-54 JWT成功 username=test57
userweb-app  | === USERS AUTH === http-nio-8080-exec-54 username=test57
userweb-app  | ----------------Optional[com.example.demo.model.User@1f202a63]
userweb-app  | ===========getbyname===================
userweb-app  | ----------------Optional[com.example.demo.model.User@15815166]
userweb-app  | === USERS AUTH === http-nio-8080-exec-43 username=test12
userweb-app  | ===========getbyname===================
userweb-app  | ----------------Optional[com.example.demo.model.User@3cc6e651]
userweb-app  | ===========getbyname===================
userweb-app  | ===========getbyname===================
userweb-app  | ----------------Optional[com.example.demo.model.User@40990e4c]
userweb-app  | ----------------Optional[com.example.demo.model.User@7a3ae340]
userweb-app  | ===========getbyname===================
userweb-app  | ----------------Optional[com.example.demo.model.User@11c4b34d]
userweb-app  | ----------------Optional[com.example.demo.model.User@7ce68a0a]
userweb-app  | ===========getbyname===================
userweb-app  | ----------------Optional[com.example.demo.model.User@411c974b]
userweb-app  | ----------------Optional[com.example.demo.model.User@1b043c13]
userweb-app  | ===========getbyname===================
userweb-app  | ===========getbyname===================
userweb-app  | === USERS === http-nio-8080-exec-12 JWT成功 username=test24
userweb-app  | === USERS AUTH === http-nio-8080-exec-12 username=test24
userweb-app  | ===========getbyname===================
userweb-app  | ----------------Optional[com.example.demo.model.User@287730e5]
userweb-app  | ===========getbyname===================
userweb-app  | ----------------Optional[com.example.demo.model.User@2572d601]
userweb-app  | === USERS === http-nio-8080-exec-35 JWT成功 username=test33
userweb-app  | === USERS AUTH === http-nio-8080-exec-35 username=test33
userweb-app  | ===========getbyname===================
userweb-app  | ===========getbyname===================
userweb-app  | === USERS === http-nio-8080-exec-19 JWT成功 username=test13
userweb-app  | === USERS AUTH === http-nio-8080-exec-19 username=test13
userweb-app  | ----------------Optional[com.example.demo.model.User@1f15fefc]
userweb-app  | ===========getbyname===================
userweb-app  | ===========getbyname===================
userweb-app  | ----------------Optional[com.example.demo.model.User@6205b6c6]
userweb-app  | ===========getbyname===================
userweb-app  | ----------------Optional[com.example.demo.model.User@4045ec07]
userweb-app  | === USERS === http-nio-8080-exec-40 JWT成功 username=test22
userweb-app  | === USERS AUTH === http-nio-8080-exec-40 username=test22
userweb-app  | ===========getbyname===================
userweb-app  | ===========getbyname===================
userweb-app  | ===========getbyname===================
userweb-app  | ----------------Optional[com.example.demo.model.User@571d5f1b]
userweb-app  | ----------------Optional[com.example.demo.model.User@3f4b663c]
userweb-app  | === USERS === http-nio-8080-exec-33 JWT成功 username=test37
userweb-app  | === USERS AUTH === http-nio-8080-exec-33 username=test37
userweb-app  | ----------------Optional[com.example.demo.model.User@734f47fa]
userweb-app  | ===========getbyname===================
userweb-app  | ----------------Optional[com.example.demo.model.User@2cfa9df]
userweb-app  | ===========getbyname===================
userweb-app  | ----------------Optional[com.example.demo.model.User@5f55c9df]
userweb-app  | === USERS === http-nio-8080-exec-1 JWT成功 username=test6
userweb-app  | === USERS AUTH === http-nio-8080-exec-1 username=test6
userweb-app  | ===========getbyname===================
userweb-app  | ===========getbyname===================
userweb-app  | ===========getbyname===================
userweb-app  | ----------------Optional[com.example.demo.model.User@3b77ff0d]
userweb-app  | ----------------Optional[com.example.demo.model.User@2db579f6]
userweb-app  | ===========getbyname===================
userweb-app  | ----------------Optional[com.example.demo.model.User@603f3917]
userweb-app  | ----------------Optional[com.example.demo.model.User@52266b4c]
userweb-app  | ----------------Optional[com.example.demo.model.User@28b0167c]
userweb-app  | ===========getbyname===================
userweb-app  | ===========getbyname===================
userweb-app  | ===========getbyname===================
userweb-app  | ===========getbyname===================
userweb-app  | ----------------Optional[com.example.demo.model.User@49dfb804]
userweb-app  | ----------------Optional[com.example.demo.model.User@7ae931b5]
userweb-app  | ===========getbyname===================
userweb-app  | ===========getbyname===================
userweb-app  | ----------------Optional[com.example.demo.model.User@33175a14]
userweb-app  | ----------------Optional[com.example.demo.model.User@62dfeb7b]
userweb-app  | ===========getbyname===================
userweb-app  | ----------------Optional[com.example.demo.model.User@407a5c60]
userweb-app  | ===========getbyname===================
userweb-app  | ----------------Optional[com.example.demo.model.User@3b7ed08a]
userweb-app  | ----------------Optional[com.example.demo.model.User@3fcd84ea]
userweb-app  | === USERS === http-nio-8080-exec-39 JWT成功 username=test56
userweb-app  | === USERS AUTH === http-nio-8080-exec-39 username=test56
userweb-app  | ===========getbyname===================
userweb-app  | ===========getbyname===================
userweb-app  | ----------------Optional[com.example.demo.model.User@704c55c3]
userweb-app  | ----------------Optional[com.example.demo.model.User@7ff3607a]
userweb-app  | ===========getbyname===================
userweb-app  | === USERS === http-nio-8080-exec-45 JWT成功 username=test58
userweb-app  | === USERS AUTH === http-nio-8080-exec-45 username=test58
userweb-app  | ===========getbyname===================
userweb-app  | ----------------Optional[com.example.demo.model.User@39a176b9]
userweb-app  | ----------------Optional[com.example.demo.model.User@666d2618]
userweb-app  | === USERS === http-nio-8080-exec-34 JWT成功 username=test11
userweb-app  | === USERS AUTH === http-nio-8080-exec-34 username=test11
userweb-app  | ===========getbyname===================
userweb-app  | ----------------Optional[com.example.demo.model.User@4c630246]
userweb-app  | ===========getbyname===================
userweb-app  | ===========getbyname===================
userweb-app  | ----------------Optional[com.example.demo.model.User@74edffb2]
userweb-app  | ----------------Optional[com.example.demo.model.User@31b21676]
userweb-app  | ===========getbyname===================
userweb-app  | ===========getbyname===================
userweb-app  | ----------------Optional[com.example.demo.model.User@78a63319]
userweb-app  | ----------------Optional[com.example.demo.model.User@5e708f65]
userweb-app  | ===========getbyname===================
userweb-app  | ===========getbyname===================
userweb-app  | ===========getbyname===================
userweb-app  | ===========getbyname===================
userweb-app  | ===========getbyname===================
userweb-app  | ----------------Optional[com.example.demo.model.User@31e6562c]
userweb-app  | ----------------Optional[com.example.demo.model.User@58e88f35]
userweb-app  | ===========getbyname===================
userweb-app  | ===========getbyname===================
userweb-app  | ----------------Optional[com.example.demo.model.User@61da57d2]
userweb-app  | ----------------Optional[com.example.demo.model.User@f73024c]
userweb-app  | ----------------Optional[com.example.demo.model.User@140d1d6d]
userweb-app  | ===========getbyname===================
userweb-app  | ===========getbyname===================
userweb-app  | === USERS === http-nio-8080-exec-10 JWT成功 username=test20
userweb-app  | ----------------Optional[com.example.demo.model.User@706fa3e4]
userweb-app  | ----------------Optional[com.example.demo.model.User@7411fa52]
userweb-app  | ===========getbyname===================
userweb-app  | ----------------Optional[com.example.demo.model.User@2cc022df]
userweb-app  | ----------------Optional[com.example.demo.model.User@576edc7e]
userweb-app  | ----------------Optional[com.example.demo.model.User@24ad29f]
userweb-app  | === USERS AUTH === http-nio-8080-exec-10 username=test20
userweb-app  | ===========getbyname===================
userweb-app  | ===========getbyname===================
userweb-app  | ----------------Optional[com.example.demo.model.User@6e75c850]
userweb-app  | ----------------Optional[com.example.demo.model.User@6efbf346]
userweb-app  | ===========getbyname===================
userweb-app  | ----------------Optional[com.example.demo.model.User@33bb31dc]
userweb-app  | ----------------Optional[com.example.demo.model.User@7943e12b]
userweb-app  | ----------------Optional[com.example.demo.model.User@5669a910]
userweb-app  | ===========getbyname===================
userweb-app  | ----------------Optional[com.example.demo.model.User@9966ca3]
userweb-app  | ----------------Optional[com.example.demo.model.User@61ca6262]
userweb-app  | === USERS === http-nio-8080-exec-51 JWT成功 username=test2
userweb-app  | === USERS AUTH === http-nio-8080-exec-51 username=test2
userweb-app  | ===========getbyname===================
userweb-app  | ----------------Optional[com.example.demo.model.User@1cbdba8b]
userweb-app  | === USERS === http-nio-8080-exec-28 JWT成功 username=test32
userweb-app  | === USERS AUTH === http-nio-8080-exec-28 username=test32
userweb-app  | ===========getbyname===================
userweb-app  | ===========getbyname===================
userweb-app  | === USERS === http-nio-8080-exec-60 JWT成功 username=test44
userweb-app  | === USERS AUTH === http-nio-8080-exec-60 username=test44
userweb-app  | ----------------Optional[com.example.demo.model.User@1530749]
userweb-app  | ===========getbyname===================
userweb-app  | ===========getbyname===================
userweb-app  | === USERS === http-nio-8080-exec-52 JWT成功 username=test60
userweb-app  | === USERS AUTH === http-nio-8080-exec-52 username=test60
userweb-app  | ----------------Optional[com.example.demo.model.User@78a621d1]
userweb-app  | === USERS === http-nio-8080-exec-16 JWT成功 username=test43
userweb-app  | === USERS AUTH === http-nio-8080-exec-16 username=test43
userweb-app  | ===========getbyname===================
userweb-app  | ===========getbyname===================
userweb-app  | ----------------Optional[com.example.demo.model.User@128e5a1c]
userweb-app  | ===========getbyname===================
userweb-app  | === USERS === http-nio-8080-exec-41 JWT成功 username=test5
userweb-app  | === USERS AUTH === http-nio-8080-exec-41 username=test5
userweb-app  | ===========getbyname===================
userweb-app  | ===========getbyname===================
userweb-app  | ===========getbyname===================
userweb-app  | ----------------Optional[com.example.demo.model.User@2212dc2a]
userweb-app  | === USERS === http-nio-8080-exec-38 JWT成功 username=test41
userweb-app  | === USERS AUTH === http-nio-8080-exec-38 username=test41
userweb-app  | ===========getbyname===================
userweb-app  | ===========getbyname===================
userweb-app  | ===========getbyname===================
userweb-app  | === USERS === http-nio-8080-exec-48 JWT成功 username=test31
userweb-app  | === USERS AUTH === http-nio-8080-exec-48 username=test31
userweb-app  | ----------------Optional[com.example.demo.model.User@376ebcd5]
userweb-app  | ----------------Optional[com.example.demo.model.User@70cecdbe]
userweb-app  | ===========getbyname===================
userweb-app  | === USERS === http-nio-8080-exec-57 JWT成功 username=test9
userweb-app  | ===========getbyname===================
userweb-app  | ===========getbyname===================
userweb-app  | ===========getbyname===================
userweb-app  | ===========getbyname===================
userweb-app  | ----------------Optional[com.example.demo.model.User@398abc34]
userweb-app  | ----------------Optional[com.example.demo.model.User@3be9b449]
userweb-app  | ----------------Optional[com.example.demo.model.User@16697cfe]
userweb-app  | ----------------Optional[com.example.demo.model.User@4873c2fd]
userweb-app  | ===========getbyname===================
userweb-app  | ===========getbyname===================
userweb-app  | ----------------Optional[com.example.demo.model.User@156bc0ae]
userweb-app  | ----------------Optional[com.example.demo.model.User@7ade367]
userweb-app  | ===========getbyname===================
userweb-app  | ----------------Optional[com.example.demo.model.User@76c63c03]
userweb-app  | ===========getbyname===================
userweb-app  | === USERS === http-nio-8080-exec-31 JWT成功 username=test53
userweb-app  | === USERS AUTH === http-nio-8080-exec-31 username=test53
userweb-app  | ===========getbyname===================
userweb-app  | ----------------Optional[com.example.demo.model.User@f167cfb]
userweb-app  | === USERS === http-nio-8080-exec-14 JWT成功 username=test19
userweb-app  | === USERS AUTH === http-nio-8080-exec-14 username=test19
userweb-app  | ===========getbyname===================
userweb-app  | ===========getbyname===================
userweb-app  | ----------------Optional[com.example.demo.model.User@76ebb307]
userweb-app  | ----------------Optional[com.example.demo.model.User@445c7cb1]
userweb-app  | ----------------Optional[com.example.demo.model.User@1a29f060]
userweb-app  | ----------------Optional[com.example.demo.model.User@119d2abb]
userweb-app  | ----------------Optional[com.example.demo.model.User@386e25ab]
userweb-app  | === USERS === http-nio-8080-exec-50 JWT成功 username=test23
userweb-app  | === USERS AUTH === http-nio-8080-exec-50 username=test23
userweb-app  | ===========getbyname===================
userweb-app  | === USERS === http-nio-8080-exec-32 JWT成功 username=test26
userweb-app  | === USERS AUTH === http-nio-8080-exec-32 username=test26
userweb-app  | === USERS === http-nio-8080-exec-23 JWT成功 username=test34
userweb-app  | === USERS AUTH === http-nio-8080-exec-23 username=test34
userweb-app  | ===========getbyname===================
userweb-app  | ===========getbyname===================
userweb-app  | ===========getbyname===================
userweb-app  | ===========getbyname===================
userweb-app  | ===========getbyname===================
userweb-app  | ----------------Optional[com.example.demo.model.User@122729a5]
userweb-app  | ----------------Optional[com.example.demo.model.User@63b76242]
userweb-app  | ----------------Optional[com.example.demo.model.User@5da30d08]
userweb-app  | ----------------Optional[com.example.demo.model.User@792b57e7]
userweb-app  | === USERS === http-nio-8080-exec-6 JWT成功 username=test28
userweb-app  | === USERS AUTH === http-nio-8080-exec-6 username=test28
userweb-app  | ===========getbyname===================
userweb-app  | ===========getbyname===================
userweb-app  | ----------------Optional[com.example.demo.model.User@71338beb]
userweb-app  | ----------------Optional[com.example.demo.model.User@41190168]
userweb-app  | ----------------Optional[com.example.demo.model.User@420aae7d]
userweb-app  | ----------------Optional[com.example.demo.model.User@7283b029]
userweb-app  | === USERS === http-nio-8080-exec-42 JWT成功 username=test4
userweb-app  | === USERS AUTH === http-nio-8080-exec-42 username=test4
userweb-app  | ===========getbyname===================
userweb-app  | ===========getbyname===================
userweb-app  | === USERS === http-nio-8080-exec-3 JWT成功 username=test42
userweb-app  | === USERS AUTH === http-nio-8080-exec-3 username=test42
userweb-app  | === USERS === http-nio-8080-exec-30 JWT成功 username=test1
userweb-app  | === USERS AUTH === http-nio-8080-exec-30 username=test1
userweb-app  | ===========getbyname===================
userweb-app  | === USERS === http-nio-8080-exec-59 JWT成功 username=test17
userweb-app  | ===========getbyname===================
userweb-app  | ----------------Optional[com.example.demo.model.User@3cf66d6c]
userweb-app  | ----------------Optional[com.example.demo.model.User@ee111f3]
userweb-app  | === USERS AUTH === http-nio-8080-exec-59 username=test17
userweb-app  | ===========getbyname===================
userweb-app  | ----------------Optional[com.example.demo.model.User@993978]
userweb-app  | ----------------Optional[com.example.demo.model.User@6c2795a0]
userweb-app  | ----------------Optional[com.example.demo.model.User@5c0acf55]
userweb-app  | ===========getbyname===================
userweb-app  | ----------------Optional[com.example.demo.model.User@66342f78]
userweb-app  | ----------------Optional[com.example.demo.model.User@4910d805]
userweb-app  | ----------------Optional[com.example.demo.model.User@15fb118a]
userweb-app  | ----------------Optional[com.example.demo.model.User@512494e2]
userweb-app  | ----------------Optional[com.example.demo.model.User@13fae4c4]
userweb-app  | === USERS === http-nio-8080-exec-18 JWT成功 username=test3
userweb-app  | === USERS AUTH === http-nio-8080-exec-18 username=test3
userweb-app  | === USERS === http-nio-8080-exec-8 JWT成功 username=test18
userweb-app  | === USERS AUTH === http-nio-8080-exec-57 username=test9
userweb-app  | ----------------Optional[com.example.demo.model.User@55dd352d]
userweb-app  | ===========getbyname===================
userweb-app  | ===========getbyname===================
userweb-app  | === USERS AUTH === http-nio-8080-exec-8 username=test18
userweb-app  | ----------------Optional[com.example.demo.model.User@e6517ba]
userweb-app  | ===========getbyname===================
userweb-app  | ----------------Optional[com.example.demo.model.User@27349279]
userweb-app  | ===========getbyname===================
userweb-app  | ----------------Optional[com.example.demo.model.User@8a2db40]
userweb-app  | ----------------Optional[com.example.demo.model.User@53edc7cb]
userweb-app  | ===========getbyname===================
userweb-app  | ----------------Optional[com.example.demo.model.User@3fc9eca6]
userweb-app  | === USERS === http-nio-8080-exec-27 JWT成功 username=test21
userweb-app  | === USERS === http-nio-8080-exec-56 JWT成功 username=test46
userweb-app  | === USERS AUTH === http-nio-8080-exec-56 username=test46
userweb-app  | ===========getbyname===================
userweb-app  | === USERS === http-nio-8080-exec-29 JWT成功 username=test48
userweb-app  | === USERS === http-nio-8080-exec-2 JWT成功 username=test51
userweb-app  | === USERS AUTH === http-nio-8080-exec-2 username=test51
userweb-app  | === USERS AUTH === http-nio-8080-exec-29 username=test48
userweb-app  | === USERS === http-nio-8080-exec-9 JWT成功 username=test8
userweb-app  | === USERS AUTH === http-nio-8080-exec-9 username=test8
userweb-app  | ===========getbyname===================
userweb-app  | ===========getbyname===================
userweb-app  | ----------------Optional[com.example.demo.model.User@4dc1db76]
userweb-app  | ----------------Optional[com.example.demo.model.User@7dd1dfe5]
userweb-app  | ----------------Optional[com.example.demo.model.User@1da3d493]
userweb-app  | ----------------Optional[com.example.demo.model.User@7a671ebc]
userweb-app  | ----------------Optional[com.example.demo.model.User@73c64d28]
userweb-app  | ===========getbyname===================
userweb-app  | ----------------Optional[com.example.demo.model.User@63eb5cb1]
userweb-app  | ----------------Optional[com.example.demo.model.User@37498ca5]
userweb-app  | === USERS === http-nio-8080-exec-44 JWT成功 username=test47
userweb-app  | === USERS AUTH === http-nio-8080-exec-44 username=test47
userweb-app  | === USERS AUTH === http-nio-8080-exec-27 username=test21
userweb-app  | ===========getbyname===================
userweb-app  | ===========getbyname===================
userweb-app  | ===========getbyname===================
userweb-app  | ----------------Optional[com.example.demo.model.User@11e000c4]
userweb-app  | === USERS === http-nio-8080-exec-46 JWT成功 username=test7
userweb-app  | === USERS AUTH === http-nio-8080-exec-46 username=test7
userweb-app  | ===========getbyname===================
userweb-app  | ----------------Optional[com.example.demo.model.User@7f3d851e]
userweb-app  | ----------------Optional[com.example.demo.model.User@1e4d3cf4]
userweb-app  | ===========getbyname===================
userweb-app  | ----------------Optional[com.example.demo.model.User@2d22fcf2]
userweb-app  | ----------------Optional[com.example.demo.model.User@3ad0ec17]
userweb-app  | ===========getbyname===================
userweb-app  | ===========getbyname===================
userweb-app  | ===========getbyname===================
userweb-app  | ----------------Optional[com.example.demo.model.User@30b32e3e]
userweb-app  | ===========getbyname===================
userweb-app  | ===========getbyname===================
userweb-app  | ===========getbyname===================
userweb-app  | ----------------Optional[com.example.demo.model.User@1e43e04e]
userweb-app  | ----------------Optional[com.example.demo.model.User@3b09df53]
userweb-app  | ===========getbyname===================
userweb-app  | === USERS === http-nio-8080-exec-37 JWT成功 username=test30
userweb-app  | === USERS AUTH === http-nio-8080-exec-37 username=test30
userweb-app  | ===========getbyname===================
userweb-app  | ----------------Optional[com.example.demo.model.User@ad435da]
userweb-app  | ----------------Optional[com.example.demo.model.User@306836c8]
userweb-app  | ----------------Optional[com.example.demo.model.User@3560a7e3]
userweb-app  | ----------------Optional[com.example.demo.model.User@5f726f3c]
userweb-app  | ----------------Optional[com.example.demo.model.User@74d0d91d]
userweb-app  | ===========getbyname===================
userweb-app  | === USERS === http-nio-8080-exec-4 JWT成功 username=test39
userweb-app  | === USERS AUTH === http-nio-8080-exec-4 username=test39
userweb-app  | ===========getbyname===================
userweb-app  | ===========getbyname===================
userweb-app  | === USERS === http-nio-8080-exec-58 JWT成功 username=test38
userweb-app  | === USERS AUTH === http-nio-8080-exec-58 username=test38
userweb-app  | ===========getbyname===================
userweb-app  | ----------------Optional[com.example.demo.model.User@1e413eae]
userweb-app  | ----------------Optional[com.example.demo.model.User@792d19e3]
userweb-app  | === USERS === http-nio-8080-exec-55 JWT成功 username=test54
userweb-app  | === USERS AUTH === http-nio-8080-exec-55 username=test54
userweb-app  | ----------------Optional[com.example.demo.model.User@37364f28]
userweb-app  | ----------------Optional[com.example.demo.model.User@4cd32cbb]
userweb-app  | ===========getbyname===================
userweb-app  | ===========getbyname===================
userweb-app  | ----------------Optional[com.example.demo.model.User@ca5dcca]
userweb-app  | ----------------Optional[com.example.demo.model.User@6a320982]
userweb-app  | === USERS === http-nio-8080-exec-36 JWT成功 username=test25
userweb-app  | === USERS AUTH === http-nio-8080-exec-36 username=test25
userweb-app  | ===========getbyname===================
userweb-app  | ===========getbyname===================
userweb-app  | ===========getbyname===================
userweb-app  | ----------------Optional[com.example.demo.model.User@16ff72a3]
userweb-app  | ----------------Optional[com.example.demo.model.User@575cd6e2]
userweb-app  | ----------------Optional[com.example.demo.model.User@256a5e2]
userweb-app  | === USERS === http-nio-8080-exec-53 JWT成功 username=test36
userweb-app  | === USERS AUTH === http-nio-8080-exec-53 username=test36
userweb-app  | ===========getbyname===================
userweb-app  | ----------------Optional[com.example.demo.model.User@76ce5260]
userweb-app  | === USERS === http-nio-8080-exec-20 JWT成功 username=test49
userweb-app  | === USERS === http-nio-8080-exec-21 JWT成功 username=test45
userweb-app  | === USERS AUTH === http-nio-8080-exec-20 username=test49
userweb-app  | === USERS AUTH === http-nio-8080-exec-21 username=test45
userweb-app  | ===========getbyname===================
userweb-app  | ===========getbyname===================
userweb-app  | === USERS === http-nio-8080-exec-24 JWT成功 username=test14
userweb-app  | === USERS AUTH === http-nio-8080-exec-24 username=test14
userweb-app  | ===========getbyname===================
userweb-app  | ----------------Optional[com.example.demo.model.User@2bfc40d7]
userweb-app  | ----------------Optional[com.example.demo.model.User@2a048e78]
userweb-app  | ----------------Optional[com.example.demo.model.User@351c3aae]
userweb-app  | User 初始資料建立完成
userweb-app  | ===========getbyname===================
userweb-app  | ===========getbyname===================
userweb-app  | ===========getbyname===================
userweb-app  | ----------------Optional[com.example.demo.model.User@7eb539ca]
userweb-app  | ===========getbyname===================
userweb-app  | ===========getbyname===================
userweb-app  | ===========getbyname===================
userweb-app  | ===========getbyname===================
userweb-app  | ===========getbyname===================
userweb-app  | ----------------Optional[com.example.demo.model.User@152d76d0]
userweb-app  | ===========getbyname===================
userweb-app  | ----------------Optional[com.example.demo.model.User@54a6bbdb]
userweb-app  | ===========getbyname===================
userweb-app  | ===========getbyname===================
userweb-app  | ----------------Optional[com.example.demo.model.User@62f4b4f6]
userweb-app  | ----------------Optional[com.example.demo.model.User@4438ef02]
userweb-app  | ----------------Optional[com.example.demo.model.User@973c183]
userweb-app  | ===========getbyname===================
userweb-app  | ----------------Optional[com.example.demo.model.User@6a6f8089]
userweb-app  | ----------------Optional[com.example.demo.model.User@dd6414]
userweb-app  | ----------------Optional[com.example.demo.model.User@1b147376]
userweb-app  | ----------------Optional[com.example.demo.model.User@6ddfe10a]
userweb-app  | ----------------Optional[com.example.demo.model.User@147acdba]
userweb-app  | ----------------Optional[com.example.demo.model.User@590f45ef]
userweb-app  | ===========getbyname===================
userweb-app  | ----------------Optional[com.example.demo.model.User@373b921d]
userweb-app  | ===========getbyname===================
userweb-app  | ----------------Optional[com.example.demo.model.User@5b9e4be3]
userweb-app  | ===========getbyname===================
userweb-app  | ----------------Optional[com.example.demo.model.User@6a9399e6]
userweb-app  | ===========getbyname===================
userweb-app  | ===========getbyname===================
userweb-app  | ----------------Optional[com.example.demo.model.User@213eda5f]
userweb-app  | ----------------Optional[com.example.demo.model.User@6b49611d]
userweb-app  | ===========getbyname===================
userweb-app  | ===========getbyname===================
userweb-app  | ===========getbyname===================
userweb-app  | ----------------Optional[com.example.demo.model.User@5a57b8f7]
userweb-app  | ===========getbyname===================
userweb-app  | ===========getbyname===================
userweb-app  | ----------------Optional[com.example.demo.model.User@288de39f]
userweb-app  | ----------------Optional[com.example.demo.model.User@10b36f29]
userweb-app  | ----------------Optional[com.example.demo.model.User@4cc87efd]
userweb-app  | ===========getbyname===================
userweb-app  | ----------------Optional[com.example.demo.model.User@620a003a]
userweb-app  | ----------------Optional[com.example.demo.model.User@6d4bd9b2]
userweb-app  | ===========getbyname===================
userweb-app  | ===========getbyname===================
userweb-app  | ----------------Optional[com.example.demo.model.User@44cd3ca2]
userweb-app  | ===========getbyname===================
userweb-app  | ----------------Optional[com.example.demo.model.User@4e38b501]
userweb-app  | ----------------Optional[com.example.demo.model.User@61758de3]
userweb-app  | ===========getbyname===================
userweb-app  | ===========getbyname===================
userweb-app  | ===========getbyname===================
userweb-app  | ===========getbyname===================
userweb-app  | ----------------Optional[com.example.demo.model.User@78e23bb]
userweb-app  | ----------------Optional[com.example.demo.model.User@190028ec]
userweb-app  | ===========getbyname===================
userweb-app  | ===========getbyname===================
userweb-app  | ===========getbyname===================
userweb-app  | ===========getbyname===================
userweb-app  | ===========getbyname===================
userweb-app  | ----------------Optional[com.example.demo.model.User@48eea748]
userweb-app  | ----------------Optional[com.example.demo.model.User@73a36c5]
userweb-app  | ----------------Optional[com.example.demo.model.User@27a3f2bb]
userweb-app  | ===========getbyname===================
userweb-app  | ----------------Optional[com.example.demo.model.User@1b3050a2]
userweb-app  | ===========getbyname===================
userweb-app  | ----------------Optional[com.example.demo.model.User@c6e54b6]
userweb-app  | ----------------Optional[com.example.demo.model.User@634fbb09]
userweb-app  | ===========getbyname===================
userweb-app  | ----------------Optional[com.example.demo.model.User@388462ec]
userweb-app  | ----------------Optional[com.example.demo.model.User@3da484a2]
userweb-app  | ===========getbyname===================
userweb-app  | ===========getbyname===================
userweb-app  | ----------------Optional[com.example.demo.model.User@739076c7]
userweb-app  | ----------------Optional[com.example.demo.model.User@41b03667]
userweb-app  | ----------------Optional[com.example.demo.model.User@3a3a4cf5]
userweb-app  | ===========getbyname===================
userweb-app  | ----------------Optional[com.example.demo.model.User@5a98eb54]
userweb-app  | ===========getbyname===================
userweb-app  | ----------------Optional[com.example.demo.model.User@2917ab54]
userweb-app  | ===========getbyname===================
userweb-app  | ----------------Optional[com.example.demo.model.User@af93669]
userweb-app  | ===========getbyname===================
userweb-app  | ===========getbyname===================
userweb-app  | ----------------Optional[com.example.demo.model.User@28aec8be]
userweb-app  | ===========getbyname===================
userweb-app  | ===========getbyname===================
userweb-app  | ----------------Optional[com.example.demo.model.User@23a8adab]
userweb-app  | ----------------Optional[com.example.demo.model.User@693dd7a3]
userweb-app  | ===========getbyname===================
userweb-app  | ----------------Optional[com.example.demo.model.User@15b2f14d]
userweb-app  | ----------------Optional[com.example.demo.model.User@917ee2c]
userweb-app  | ===========getbyname===================
userweb-app  | ----------------Optional[com.example.demo.model.User@539605e9]
userweb-app  | ===========getbyname===================
userweb-app  | ===========getbyname===================
userweb-app  | ----------------Optional[com.example.demo.model.User@43e7544e]
userweb-app  | ===========getbyname===================
userweb-app  | ----------------Optional[com.example.demo.model.User@7119dce8]
userweb-app  | ----------------Optional[com.example.demo.model.User@220c5af]
userweb-app  | ===========getbyname===================
userweb-app  | ----------------Optional[com.example.demo.model.User@74acc98d]
userweb-app  | ===========getbyname===================
userweb-app  | ===========getbyname===================
userweb-app  | ----------------Optional[com.example.demo.model.User@74d3a89b]
userweb-app  | ----------------Optional[com.example.demo.model.User@4dabd622]
userweb-app  | ----------------Optional[com.example.demo.model.User@4147a8ae]
userweb-app  | ===========getbyname===================
userweb-app  | ===========getbyname===================
userweb-app  | ===========getbyname===================
userweb-app  | ----------------Optional[com.example.demo.model.User@67e5650]
userweb-app  | ----------------Optional[com.example.demo.model.User@5d8bae25]
userweb-app  | ===========getbyname===================
userweb-app  | ----------------Optional[com.example.demo.model.User@15d03fe]
userweb-app  | ===========getbyname===================
userweb-app  | ----------------Optional[com.example.demo.model.User@a4798f7]
userweb-app  | ----------------Optional[com.example.demo.model.User@3922b816]
userweb-app  | ===========getbyname===================
userweb-app  | ----------------Optional[com.example.demo.model.User@2f30fc98]
userweb-app  | ===========getbyname===================
userweb-app  | ===========getbyname===================
userweb-app  | ----------------Optional[com.example.demo.model.User@3cd5e77]
userweb-app  | ----------------Optional[com.example.demo.model.User@55807856]
userweb-app  | ===========getbyname===================
userweb-app  | ----------------Optional[com.example.demo.model.User@1ea7bb7d]
userweb-app  | ===========getbyname===================
userweb-app  | ===========getbyname===================
userweb-app  | ---------me 200---------
userweb-app  | ===========getbyname===================
userweb-app  | ----------------Optional[com.example.demo.model.User@706a78bb]
userweb-app  | ---------me 200---------
userweb-app  | ===========getbyname===================
userweb-app  | ----------------Optional[com.example.demo.model.User@35f42187]
userweb-app  | ----------------Optional[com.example.demo.model.User@58eefca1]
userweb-app  | ===========getbyname===================
userweb-app  | ===========getbyname===================
userweb-app  | ===========getbyname===================
userweb-app  | ===========getbyname===================
userweb-app  | ===========getbyname===================
userweb-app  | ----------------Optional[com.example.demo.model.User@52f285be]
userweb-app  | ===========getbyname===================
userweb-app  | ---------me 200---------
userweb-app  | ---------me 200---------
userweb-app  | ----------------Optional[com.example.demo.model.User@5240d24]
userweb-app  | ===========getbyname===================
userweb-app  | ===========getbyname===================
userweb-app  | ----------------Optional[com.example.demo.model.User@7102902f]
userweb-app  | ===========getbyname===================
userweb-app  | ----------------Optional[com.example.demo.model.User@10a1f1fe]
userweb-app  | ===========getbyname===================
userweb-app  | ----------------Optional[com.example.demo.model.User@787d0753]
userweb-app  | ===========getbyname===================
userweb-app  | ===========getbyname===================
userweb-app  | ===========getbyname===================
userweb-app  | ---------me 200---------
userweb-app  | ----------------Optional[com.example.demo.model.User@5115012f]
userweb-app  | ---------me 200---------
userweb-app  | ===========getbyname===================
userweb-app  | ----------------Optional[com.example.demo.model.User@2b7323fe]
userweb-app  | ----------------Optional[com.example.demo.model.User@6201727a]
userweb-app  | ----------------Optional[com.example.demo.model.User@365b576b]
userweb-app  | ===========getbyname===================
userweb-app  | ----------------Optional[com.example.demo.model.User@548bbc36]
userweb-app  | ----------------Optional[com.example.demo.model.User@25397107]
userweb-app  | ===========getbyname===================
userweb-app  | ----------------Optional[com.example.demo.model.User@d22c99c]
userweb-app  | ---------me 200---------
userweb-app  | ---------me 200---------
userweb-app  | ----------------Optional[com.example.demo.model.User@1058bfbc]
userweb-app  | ---------me 200---------
userweb-app  | ===========getbyname===================
userweb-app  | ===========getbyname===================
userweb-app  | ----------------Optional[com.example.demo.model.User@5a340b79]
userweb-app  | ===========getbyname===================
userweb-app  | ---------me 200---------
userweb-app  | ----------------Optional[com.example.demo.model.User@1bd1b735]
userweb-app  | ===========getbyname===================
userweb-app  | ---------me 200---------
userweb-app  | ----------------Optional[com.example.demo.model.User@27352fbb]
userweb-app  | ----------------Optional[com.example.demo.model.User@7c52d4aa]
userweb-app  | ---------me 200---------
userweb-app  | ---------me 200---------
userweb-app  | ----------------Optional[com.example.demo.model.User@27dc96cf]
userweb-app  | ===========getbyname===================
userweb-app  | ===========getbyname===================
userweb-app  | ===========getbyname===================
userweb-app  | ===========getbyname===================
userweb-app  | ----------------Optional[com.example.demo.model.User@31301ec0]
userweb-app  | ----------------Optional[com.example.demo.model.User@536c5116]
userweb-app  | ----------------Optional[com.example.demo.model.User@1a7a1538]
userweb-app  | ---------me 200---------
userweb-app  | ----------------Optional[com.example.demo.model.User@7331cc2a]
userweb-app  | ---------me 200---------
userweb-app  | ---------me 200---------
userweb-app  | ---------me 200---------
userweb-app  | ---------me 200---------
userweb-app  | ===========getbyname===================
userweb-app  | ----------------Optional[com.example.demo.model.User@27fda453]
userweb-app  | ---------me 200---------
userweb-app  | ===========getbyname===================
userweb-app  | ----------------Optional[com.example.demo.model.User@7d891950]
userweb-app  | ===========getbyname===================
userweb-app  | ===========getbyname===================
userweb-app  | ----------------Optional[com.example.demo.model.User@3d485175]
userweb-app  | ===========getbyname===================
userweb-app  | ----------------Optional[com.example.demo.model.User@7ff235ce]
userweb-app  | ----------------Optional[com.example.demo.model.User@2274d3bc]
userweb-app  | ===========getbyname===================
userweb-app  | ----------------Optional[com.example.demo.model.User@299a3be1]
userweb-app  | ---------me 200---------
userweb-app  | ----------------Optional[com.example.demo.model.User@4fde3095]
userweb-app  | ---------me 200---------
userweb-app  | ===========getbyname===================
userweb-app  | ---------me 200---------
userweb-app  | ----------------Optional[com.example.demo.model.User@394cd2bb]
userweb-app  | ===========getbyname===================
userweb-app  | ----------------Optional[com.example.demo.model.User@45d31682]
userweb-app  | ===========getbyname===================
userweb-app  | ----------------Optional[com.example.demo.model.User@2723164e]
userweb-app  | ----------------Optional[com.example.demo.model.User@49a8b397]
userweb-app  | ===========getbyname===================
userweb-app  | ----------------Optional[com.example.demo.model.User@7d8054ec]
userweb-app  | ---------me 200---------
userweb-app  | ---------me 200---------
userweb-app  | ===========getbyname===================
userweb-app  | ===========getbyname===================
userweb-app  | ----------------Optional[com.example.demo.model.User@bea1801]
userweb-app  | ----------------Optional[com.example.demo.model.User@2c05c3c1]
userweb-app  | ===========getbyname===================
userweb-app  | ===========getbyname===================
userweb-app  | ----------------Optional[com.example.demo.model.User@49648fa1]
userweb-app  | ---------me 200---------
userweb-app  | ----------------Optional[com.example.demo.model.User@5c8c7b43]
userweb-app  | ---------me 200---------
userweb-app  | ===========getbyname===================
userweb-app  | ---------me 200---------
userweb-app  | ----------------Optional[com.example.demo.model.User@68ccc745]
userweb-app  | ===========getbyname===================
userweb-app  | ----------------Optional[com.example.demo.model.User@26129828]
userweb-app  | ---------me 200---------
userweb-app  | ----------------Optional[com.example.demo.model.User@2d4a99d8]
userweb-app  | ---------me 200---------
userweb-app  | ---------me 200---------
userweb-app  | ---------me 200---------
userweb-app  | ---------me 200---------
userweb-app  | ===========getbyname===================
userweb-app  | ----------------Optional[com.example.demo.model.User@1e920888]
userweb-app  | ---------me 200---------
userweb-app  | ===========getbyname===================
userweb-app  | ----------------Optional[com.example.demo.model.User@67b803a6]
userweb-app  | ===========getbyname===================
userweb-app  | ----------------Optional[com.example.demo.model.User@61599f45]
userweb-app  | ===========getbyname===================
userweb-app  | ----------------Optional[com.example.demo.model.User@424562ab]
userweb-app  | ---------me 200---------
userweb-app  | ===========getbyname===================
userweb-app  | ----------------Optional[com.example.demo.model.User@b4422d5]
userweb-app  | ===========getbyname===================
userweb-app  | ===========getbyname===================
userweb-app  | ----------------Optional[com.example.demo.model.User@26f8d628]
userweb-app  | ----------------Optional[com.example.demo.model.User@4042a6f1]
userweb-app  | ---------me 200---------
userweb-app  | ===========getbyname===================
userweb-app  | ===========getbyname===================
userweb-app  | ----------------Optional[com.example.demo.model.User@7579b221]
userweb-app  | ===========getbyname===================
userweb-app  | ===========getbyname===================
userweb-app  | ----------------Optional[com.example.demo.model.User@7dbc9658]
userweb-app  | ----------------Optional[com.example.demo.model.User@6907c13f]
userweb-app  | ===========getbyname===================
userweb-app  | ----------------Optional[com.example.demo.model.User@38e96fd4]
userweb-app  | ===========getbyname===================
userweb-app  | ----------------Optional[com.example.demo.model.User@2a14c6c3]
userweb-app  | ----------------Optional[com.example.demo.model.User@345f2dc0]
userweb-app  | ===========getbyname===================
userweb-app  | ----------------Optional[com.example.demo.model.User@5fcba028]
userweb-app  | ===========getbyname===================
userweb-app  | ===========getbyname===================
userweb-app  | ===========getbyname===================
userweb-app  | ----------------Optional[com.example.demo.model.User@bdd100d]
userweb-app  | ----------------Optional[com.example.demo.model.User@29f0d588]
userweb-app  | ===========getbyname===================
userweb-app  | ---------me 200---------
userweb-app  | ===========getbyname===================
userweb-app  | ----------------Optional[com.example.demo.model.User@3eff1d5a]
userweb-app  | ---------me 200---------
userweb-app  | ===========getbyname===================
userweb-app  | ===========getbyname===================
userweb-app  | ===========getbyname===================
userweb-app  | ===========getbyname===================
userweb-app  | ----------------Optional[com.example.demo.model.User@73ed997b]
userweb-app  | ----------------Optional[com.example.demo.model.User@3a357912]
userweb-app  | ---------me 200---------
userweb-app  | ----------------Optional[com.example.demo.model.User@9877813]
userweb-app  | ===========getbyname===================
userweb-app  | ===========getbyname===================
userweb-app  | ----------------Optional[com.example.demo.model.User@b8dbf09]
userweb-app  | -----------test_1790235476411_20------1234--------
userweb-app  | ### AUTH ### Thread=http-nio-8080-exec-33 | requestUsername=test_1790235476411_20
userweb-app  | ===========getbyname===================
userweb-app  | ----------------Optional[com.example.demo.model.User@33c3226f]
userweb-app  | ----------finish-------------
userweb-app  | ### AUTH USER ### requestUsername=test_1790235476411_20 | dbUsername=test_1790235476411_20 | userId=101
userweb-app  | ----------------Optional[com.example.demo.model.User@bad268f]
userweb-app  | -----------test_1790235476415_54------1234--------
userweb-app  | ### AUTH ### Thread=http-nio-8080-exec-59 | requestUsername=test_1790235476415_54
userweb-app  | ===========getbyname===================
userweb-app  | ===========getbyname===================
userweb-app  | ----------------Optional[com.example.demo.model.User@10e3b060]
userweb-app  | ---------me 200---------
userweb-app  | ===========getbyname===================
userweb-app  | ----------------Optional[com.example.demo.model.User@345fb5b7]
userweb-app  | ----------finish-------------
userweb-app  | ### AUTH USER ### requestUsername=test_1790235476415_54 | dbUsername=test_1790235476415_54 | userId=102
userweb-app  | ----------------Optional[com.example.demo.model.User@7d95c315]
userweb-app  | ---------me 200---------
userweb-app  | ===========getbyname===================
userweb-app  | ----------------Optional[com.example.demo.model.User@632c95a4]
userweb-app  | ===========getbyname===================
userweb-app  | ---------me 200---------
userweb-app  | ===========getbyname===================
userweb-app  | ----------------Optional[com.example.demo.model.User@72c5bab2]
userweb-app  | ---------me 200---------
userweb-app  | ===========getbyname===================
userweb-app  | ===========getbyname===================
userweb-app  | ----------------Optional[com.example.demo.model.User@12478ba3]
userweb-app  | ----------------Optional[com.example.demo.model.User@178b37b1]
userweb-app  | ---------me 200---------
userweb-app  | ===========getbyname===================
userweb-app  | ----------------Optional[com.example.demo.model.User@159ef9bc]
userweb-app  | ===========getbyname===================
userweb-app  | ---------me 200---------
userweb-app  | ===========getbyname===================
userweb-app  | ----------------Optional[com.example.demo.model.User@5af7215b]
userweb-app  | ===========getbyname===================
userweb-app  | ----------------Optional[com.example.demo.model.User@620e14c9]
userweb-app  | ----------------Optional[com.example.demo.model.User@76fa4289]
userweb-app  | ===========getbyname===================
userweb-app  | ----------------Optional[com.example.demo.model.User@2d76c217]
userweb-app  | ===========getbyname===================
userweb-app  | ---------me 200---------
userweb-app  | -----------test_1790235476429_47------1234--------
userweb-app  | ### AUTH ### Thread=http-nio-8080-exec-10 | requestUsername=test_1790235476429_47
userweb-app  | ===========getbyname===================
userweb-app  | ===========getbyname===================
userweb-app  | ----------------Optional[com.example.demo.model.User@6d725f80]
userweb-app  | ----------------Optional[com.example.demo.model.User@3a2b96d0]
userweb-app  | ----------finish-------------
userweb-app  | ### AUTH USER ### requestUsername=test_1790235476429_47 | dbUsername=test_1790235476429_47 | userId=106
userweb-app  | -----------test_1790235476467_28------1234--------
userweb-app  | ### AUTH ### Thread=http-nio-8080-exec-36 | requestUsername=test_1790235476467_28
userweb-app  | ===========getbyname===================
userweb-app  | ----------------Optional[com.example.demo.model.User@65eb308f]
userweb-app  | ===========getbyname===================
userweb-app  | ===========getbyname===================
userweb-app  | ===========getbyname===================
userweb-app  | ----------------Optional[com.example.demo.model.User@5e7ee92b]
userweb-app  | ===========getbyname===================
userweb-app  | ----------------Optional[com.example.demo.model.User@126ab20a]
userweb-app  | ===========getbyname===================
userweb-app  | ----------------Optional[com.example.demo.model.User@47c0ff23]
userweb-app  | ----------------Optional[com.example.demo.model.User@e876f4]
userweb-app  | ----------------Optional[com.example.demo.model.User@19e28a51]
userweb-app  | ---------me 200---------
userweb-app  | ----------------Optional[com.example.demo.model.User@313e7843]
userweb-app  | ===========getbyname===================
userweb-app  | ---------me 200---------
userweb-app  | ----------finish-------------
userweb-app  | ### AUTH USER ### requestUsername=test_1790235476467_28 | dbUsername=test_1790235476467_28 | userId=110
userweb-app  | ----------------Optional[com.example.demo.model.User@54d52736]
userweb-app  | ===========getbyname===================
userweb-app  | ===========getbyname===================
userweb-app  | ----------------Optional[com.example.demo.model.User@4876e77]
userweb-app  | ===========getbyname===================
userweb-app  | ----------------Optional[com.example.demo.model.User@5933bbfe]
userweb-app  | ===========getbyname===================
userweb-app  | ----------------Optional[com.example.demo.model.User@6b6e24ea]
userweb-app  | ===========getbyname===================
userweb-app  | ----------------Optional[com.example.demo.model.User@41680f1f]
userweb-app  | ===========getbyname===================
userweb-app  | ===========getbyname===================
userweb-app  | ----------------Optional[com.example.demo.model.User@792fc886]
userweb-app  | ---------me 200---------
userweb-app  | ===========getbyname===================
userweb-app  | ===========getbyname===================
userweb-app  | ----------------Optional[com.example.demo.model.User@6a85b41]
userweb-app  | ------------------------------
userweb-app  | -----------test_1790235476452_30------1234--------
userweb-app  | ### AUTH ### Thread=http-nio-8080-exec-33 | requestUsername=test_1790235476452_30
userweb-app  | ===========getbyname===================
userweb-app  | ===========getbyname===================
userweb-app  | ----------------Optional[com.example.demo.model.User@1b94a79f]
userweb-app  | ----------------Optional[com.example.demo.model.User@7abc1bdc]
userweb-app  | ----------finish-------------
userweb-app  | ### AUTH USER ### requestUsername=test_1790235476452_30 | dbUsername=test_1790235476452_30 | userId=114
userweb-app  | ===========getbyname===================
userweb-app  | ===========getbyname===================
userweb-app  | ----------------Optional[com.example.demo.model.User@284ff8a9]
userweb-app  | ----------------Optional[com.example.demo.model.User@75ac871d]
userweb-app  | ---------me 200---------
userweb-app  | ===========getbyname===================
userweb-app  | ===========getbyname===================
userweb-app  | ===========getbyname===================
userweb-app  | ----------------Optional[com.example.demo.model.User@699b4e4e]
userweb-app  | ----------------Optional[com.example.demo.model.User@2509729f]
userweb-app  | ===========getbyname===================
userweb-app  | ===========getbyname===================
userweb-app  | ----------------Optional[com.example.demo.model.User@48f24ef5]
userweb-app  | ===========getbyname===================
userweb-app  | ===========getbyname===================
userweb-app  | ----------------Optional[com.example.demo.model.User@5c329407]
userweb-app  | ---------me 200---------
userweb-app  | ----------------Optional[com.example.demo.model.User@4b1bf800]
userweb-app  | -----------test_1790235476801_22------1234--------
userweb-app  | ### AUTH ### Thread=http-nio-8080-exec-27 | requestUsername=test_1790235476801_22
userweb-app  | ===========getbyname===================
userweb-app  | ===========getbyname===================
userweb-app  | ===========getbyname===================
userweb-app  | ----------------Optional[com.example.demo.model.User@3caef9ca]
userweb-app  | ----------------Optional[com.example.demo.model.User@32fcb6f8]
userweb-app  | ===========getbyname===================
userweb-app  | ---------me 200---------
userweb-app  | ----------------Optional[com.example.demo.model.User@27c2dc6b]
userweb-app  | ----------------Optional[com.example.demo.model.User@6e8c3ed3]
userweb-app  | ----------------Optional[com.example.demo.model.User@539bdf12]
userweb-app  | ----------finish-------------
userweb-app  | ### AUTH USER ### requestUsername=test_1790235476801_22 | dbUsername=test_1790235476801_22 | userId=116
userweb-app  | -----------test_1790235476440_58------1234--------
userweb-app  | ### AUTH ### Thread=http-nio-8080-exec-14 | requestUsername=test_1790235476440_58
userweb-app  | ===========getbyname===================
userweb-app  | ===========getbyname===================
userweb-app  | ---------me 200---------
userweb-app  | ===========getbyname===================
userweb-app  | ----------------Optional[com.example.demo.model.User@5467dbbe]
userweb-app  | ===========getbyname===================
userweb-app  | ===========getbyname===================
userweb-app  | ----------------Optional[com.example.demo.model.User@b633807]
userweb-app  | ----------------Optional[com.example.demo.model.User@15226c0]
userweb-app  | ----------------Optional[com.example.demo.model.User@39b84f14]
userweb-app  | ---------me 200---------
userweb-app  | ===========getbyname===================
userweb-app  | ----------------Optional[com.example.demo.model.User@1935175c]
userweb-app  | -----------test_1790235476846_51------1234--------
userweb-app  | ### AUTH ### Thread=http-nio-8080-exec-16 | requestUsername=test_1790235476846_51
userweb-app  | ===========getbyname===================
userweb-app  | ===========getbyname===================
userweb-app  | ---------me 200---------
userweb-app  | ----------------Optional[com.example.demo.model.User@7da4d2c]
userweb-app  | ----------------Optional[com.example.demo.model.User@10463ce8]
userweb-app  | ----------------Optional[com.example.demo.model.User@7737427a]
userweb-app  | ---------me 200---------
userweb-app  | ----------finish-------------
userweb-app  | ### AUTH USER ### requestUsername=test_1790235476440_58 | dbUsername=test_1790235476440_58 | userId=105
userweb-app  | ----------finish-------------
userweb-app  | ### AUTH USER ### requestUsername=test_1790235476846_51 | dbUsername=test_1790235476846_51 | userId=117
userweb-app  | ===========getbyname===================
userweb-app  | ===========getbyname===================
userweb-app  | ===========getbyname===================
userweb-app  | ----------------Optional[com.example.demo.model.User@7c9370e2]
userweb-app  | ----------------Optional[com.example.demo.model.User@196877af]
userweb-app  | ---------me 200---------
userweb-app  | -----------test_1790235476595_50------1234--------
userweb-app  | ### AUTH ### Thread=http-nio-8080-exec-61 | requestUsername=test_1790235476595_50
userweb-app  | ===========getbyname===================
userweb-app  | ----------------Optional[com.example.demo.model.User@7cff5d17]
userweb-app  | ----------------Optional[com.example.demo.model.User@5bc3f29b]
userweb-app  | ----------------Optional[com.example.demo.model.User@67b2ca8]
userweb-app  | ===========getbyname===================
userweb-app  | ----------------Optional[com.example.demo.model.User@49e0bea6]
userweb-app  | ------------------------------
userweb-app  | ===========getbyname===================
userweb-app  | ----------------Optional[com.example.demo.model.User@3db01877]
userweb-app  | -----------test_1790235476589_33------1234--------
userweb-app  | ### AUTH ### Thread=http-nio-8080-exec-37 | requestUsername=test_1790235476589_33
userweb-app  | ===========getbyname===================
userweb-app  | ===========getbyname===================
userweb-app  | ----------------Optional[com.example.demo.model.User@5db47e50]
userweb-app  | ----------finish-------------
userweb-app  | ### AUTH USER ### requestUsername=test_1790235476589_33 | dbUsername=test_1790235476589_33 | userId=109
userweb-app  | -----------test_1790235476706_16------1234--------
userweb-app  | ### AUTH ### Thread=http-nio-8080-exec-18 | requestUsername=test_1790235476706_16
userweb-app  | ===========getbyname===================
userweb-app  | ===========getbyname===================
userweb-app  | ----------------Optional[com.example.demo.model.User@28a45424]
userweb-app  | ===========getbyname===================
userweb-app  | ===========getbyname===================
userweb-app  | ----------------Optional[com.example.demo.model.User@1115c30f]
userweb-app  | ---------me 200---------
userweb-app  | ----------------Optional[com.example.demo.model.User@277f67f9]
userweb-app  | ----------------Optional[com.example.demo.model.User@3e222cbe]
userweb-app  | ---------me 200---------
userweb-app  | ===========getbyname===================
userweb-app  | ===========getbyname===================
userweb-app  | ----------------Optional[com.example.demo.model.User@87527bd]
userweb-app  | ----------------Optional[com.example.demo.model.User@10d62b0d]
userweb-app  | ----------finish-------------
userweb-app  | ### AUTH USER ### requestUsername=test_1790235476595_50 | dbUsername=test_1790235476595_50 | userId=115
userweb-app  | ---------me 200---------
userweb-app  | ----------------Optional[com.example.demo.model.User@68eec44e]
userweb-app  | ---------me 200---------
userweb-app  | ===========getbyname===================
userweb-app  | ----------------Optional[com.example.demo.model.User@371df558]
userweb-app  | ------------------------------
userweb-app  | ----------------Optional[com.example.demo.model.User@73160238]
userweb-app  | ---------me 200---------
userweb-app  | -----------test_1790235476548_8------1234--------
userweb-app  | ### AUTH ### Thread=http-nio-8080-exec-12 | requestUsername=test_1790235476548_8
userweb-app  | ===========getbyname===================
userweb-app  | ===========getbyname===================
userweb-app  | ----------------Optional[com.example.demo.model.User@47073bfa]
userweb-app  | ===========getbyname===================
userweb-app  | ----------------Optional[com.example.demo.model.User@1e3e0256]
userweb-app  | ---------me 200---------
userweb-app  | ===========getbyname===================
userweb-app  | ===========getbyname===================
userweb-app  | ----------------Optional[com.example.demo.model.User@3b06ad8c]
userweb-app  | ----------------Optional[com.example.demo.model.User@7e7c6ea1]
userweb-app  | ---------me 200---------
userweb-app  | ===========getbyname===================
userweb-app  | ----------------Optional[com.example.demo.model.User@6f0ac804]
userweb-app  | ---------me 200---------
userweb-app  | ---------me 200---------
userweb-app  | ===========getbyname===================
userweb-app  | -----------test_1790235476452_27------1234--------
userweb-app  | ### AUTH ### Thread=http-nio-8080-exec-8 | requestUsername=test_1790235476452_27
userweb-app  | ===========getbyname===================
userweb-app  | ----------------Optional[com.example.demo.model.User@1dd5101e]
userweb-app  | ===========getbyname===================
userweb-app  | ----------------Optional[com.example.demo.model.User@169a0c6f]
userweb-app  | ---------me 200---------
userweb-app  | -----------test_1790235476555_60------1234--------
userweb-app  | ===========getbyname===================
userweb-app  | ---------me 200---------
userweb-app  | ### AUTH ### Thread=http-nio-8080-exec-28 | requestUsername=test_1790235476555_60
userweb-app  | ===========getbyname===================
userweb-app  | -----------test_1790235476442_17------1234--------
userweb-app  | ### AUTH ### Thread=http-nio-8080-exec-1 | requestUsername=test_1790235476442_17
userweb-app  | ===========getbyname===================
userweb-app  | ----------------Optional[com.example.demo.model.User@508d234f]
userweb-app  | ---------me 200---------
userweb-app  | ----------------Optional[com.example.demo.model.User@45c771a2]
userweb-app  | ---------me 200---------
userweb-app  | -----------test_1790235476601_42------1234--------
userweb-app  | ### AUTH ### Thread=http-nio-8080-exec-53 | requestUsername=test_1790235476601_42
userweb-app  | ===========getbyname===================
userweb-app  | ----------------Optional[com.example.demo.model.User@a558762]
userweb-app  | ---------me 200---------
userweb-app  | ===========getbyname===================
userweb-app  | ===========getbyname===================
userweb-app  | -----------test_1790235476452_59------1234--------
userweb-app  | ### AUTH ### Thread=http-nio-8080-exec-49 | requestUsername=test_1790235476452_59
userweb-app  | ===========getbyname===================
userweb-app  | -----------test_1790235476502_40------1234--------
userweb-app  | ### AUTH ### Thread=http-nio-8080-exec-3 | requestUsername=test_1790235476502_40
userweb-app  | ===========getbyname===================
userweb-app  | ---------me 200---------
userweb-app  | ----------------Optional[com.example.demo.model.User@3d6623e2]
userweb-app  | -----------test_1790235476477_25------1234--------
userweb-app  | ### AUTH ### Thread=http-nio-8080-exec-38 | requestUsername=test_1790235476477_25
userweb-app  | ===========getbyname===================
userweb-app  | ===========getbyname===================
userweb-app  | ===========getbyname===================
userweb-app  | ===========getbyname===================
userweb-app  | ----------------Optional[com.example.demo.model.User@265ba523]
userweb-app  | ---------me 200---------
userweb-app  | ===========getbyname===================
userweb-app  | ----------------Optional[com.example.demo.model.User@950a1dc]
userweb-app  | ------------------------------
userweb-app  | ===========getbyname===================
userweb-app  | ----------------Optional[com.example.demo.model.User@7ce25a3c]
userweb-app  | ----------finish-------------
userweb-app  | ### AUTH USER ### requestUsername=test_1790235476555_60 | dbUsername=test_1790235476555_60 | userId=113
userweb-app  | ----------------Optional[com.example.demo.model.User@396e7ed9]
userweb-app  | ----------finish-------------
userweb-app  | ----------------Optional[com.example.demo.model.User@54d6ab60]
userweb-app  | ---------me 200---------
userweb-app  | ----------finish-------------
userweb-app  | ### AUTH USER ### requestUsername=test_1790235476548_8 | dbUsername=test_1790235476548_8 | userId=120
userweb-app  | ---------me 200---------
userweb-app  | ----------------Optional[com.example.demo.model.User@18abb742]
userweb-app  | ----------------Optional[com.example.demo.model.User@2cf7c2f5]
userweb-app  | ----------finish-------------
userweb-app  | ### AUTH USER ### requestUsername=test_1790235476706_16 | dbUsername=test_1790235476706_16 | userId=108
userweb-app  | ----------finish-------------
userweb-app  | ### AUTH USER ### requestUsername=test_1790235476601_42 | dbUsername=test_1790235476601_42 | userId=121
userweb-app  | ---------me 200---------
userweb-app  | ===========getbyname===================
userweb-app  | ----------------Optional[com.example.demo.model.User@6f7c7484]
userweb-app  | ===========getbyname===================
userweb-app  | -----------test_1790235476438_38------1234--------
userweb-app  | ----------------Optional[com.example.demo.model.User@2bf6b88a]
userweb-app  | ### AUTH USER ### requestUsername=test_1790235476442_17 | dbUsername=test_1790235476442_17 | userId=123
userweb-app  | ----------finish-------------
userweb-app  | ### AUTH USER ### requestUsername=test_1790235476452_27 | dbUsername=test_1790235476452_27 | userId=111
userweb-app  | ### AUTH ### Thread=http-nio-8080-exec-34 | requestUsername=test_1790235476438_38
userweb-app  | ===========getbyname===================
userweb-app  | ----------------Optional[com.example.demo.model.User@23986a4a]
userweb-app  | ---------me 200---------
userweb-app  | ===========getbyname===================
userweb-app  | ----------------Optional[com.example.demo.model.User@42a94af0]
userweb-app  | -----------test_1790235476456_1------1234--------
userweb-app  | ### AUTH ### Thread=http-nio-8080-exec-55 | requestUsername=test_1790235476456_1
userweb-app  | ===========getbyname===================
userweb-app  | ----------------Optional[com.example.demo.model.User@24f8f79a]
userweb-app  | ------------------------------
userweb-app  | ---------me 200---------
userweb-app  | ===========getbyname===================
userweb-app  | ----------------Optional[com.example.demo.model.User@73bc258d]
userweb-app  | ----------------Optional[com.example.demo.model.User@7719c3a5]
userweb-app  | ----------finish-------------
userweb-app  | ### AUTH USER ### requestUsername=test_1790235476438_38 | dbUsername=test_1790235476438_38 | userId=119
userweb-app  | ----------------Optional[com.example.demo.model.User@4e9298e8]
userweb-app  | ----------finish-------------
userweb-app  | ### AUTH USER ### requestUsername=test_1790235476456_1 | dbUsername=test_1790235476456_1 | userId=118
userweb-app  | ---------me 200---------
userweb-app  | ===========getbyname===================
userweb-app  | ----------------Optional[com.example.demo.model.User@5f68e406]
userweb-app  | ----------------Optional[com.example.demo.model.User@6c9e5e45]
userweb-app  | ----------------Optional[com.example.demo.model.User@622879f1]
userweb-app  | ----------finish-------------
userweb-app  | ### AUTH USER ### requestUsername=test_1790235476452_59 | dbUsername=test_1790235476452_59 | userId=103
userweb-app  | ----------------Optional[com.example.demo.model.User@354a9ef7]
userweb-app  | ----------finish-------------
userweb-app  | ### AUTH USER ### requestUsername=test_1790235476502_40 | dbUsername=test_1790235476502_40 | userId=107
userweb-app  | ===========getbyname===================
userweb-app  | ===========getbyname===================
userweb-app  | ===========getbyname===================
userweb-app  | ---------me 200---------
userweb-app  | ----------------Optional[com.example.demo.model.User@24aef31]
userweb-app  | ---------me 200---------
userweb-app  | ----------------Optional[com.example.demo.model.User@4fe3c55b]
userweb-app  | ===========getbyname===================
userweb-app  | ---------me 200---------
userweb-app  | ----------------Optional[com.example.demo.model.User@c180647]
userweb-app  | ---------me 200---------
userweb-app  | ----------------Optional[com.example.demo.model.User@765f2719]
userweb-app  | -----------test_1790235476495_7------1234--------
userweb-app  | ### AUTH ### Thread=http-nio-8080-exec-26 | requestUsername=test_1790235476495_7
userweb-app  | ===========getbyname===================
userweb-app  | -----------test_1790235476452_29------1234--------
userweb-app  | ### AUTH ### Thread=http-nio-8080-exec-52 | requestUsername=test_1790235476452_29
userweb-app  | ===========getbyname===================
userweb-app  | ----------------Optional[com.example.demo.model.User@458d4cd3]
userweb-app  | ---------me 200---------
userweb-app  | ----------------Optional[com.example.demo.model.User@4e379b17]
userweb-app  | ---------me 200---------
userweb-app  | ===========getbyname===================
userweb-app  | ----------------Optional[com.example.demo.model.User@1c548dfd]
userweb-app  | ---------me 200---------
userweb-app  | ----------------Optional[com.example.demo.model.User@5bd94659]
userweb-app  | ----------finish-------------
userweb-app  | ### AUTH USER ### requestUsername=test_1790235476495_7 | dbUsername=test_1790235476495_7 | userId=122
userweb-app  | ----------------Optional[com.example.demo.model.User@6b064204]
userweb-app  | ------------------------------
userweb-app  | ----------finish-------------
userweb-app  | ### AUTH USER ### requestUsername=test_1790235476452_29 | dbUsername=test_1790235476452_29 | userId=124
userweb-app  | ===========getbyname===================
userweb-app  | ----------------Optional[com.example.demo.model.User@1e2c3548]
userweb-app  | ---------me 200---------
userweb-app  | ===========getbyname===================
userweb-app  | ----------------Optional[com.example.demo.model.User@12bc34eb]
userweb-app  | ------------------------------
userweb-app  | -----------test_1790235476477_44------1234--------
userweb-app  | ### AUTH ### Thread=http-nio-8080-exec-62 | requestUsername=test_1790235476477_44
userweb-app  | ===========getbyname===================
userweb-app  | ----------------Optional[com.example.demo.model.User@6a320a7d]
userweb-app  | ----------finish-------------
userweb-app  | ### AUTH USER ### requestUsername=test_1790235476477_44 | dbUsername=test_1790235476477_44 | userId=112
userweb-app  | ===========getbyname===================
userweb-app  | ----------------Optional[com.example.demo.model.User@2ce626a]
userweb-app  | ---------me 200---------
userweb-app  | -----------test_1790235476422_45------1234--------
userweb-app  | ===========getbyname===================
userweb-app  | ----------------Optional[com.example.demo.model.User@3373f45d]
userweb-app  | ===========getbyname===================
userweb-app  | ### AUTH ### Thread=http-nio-8080-exec-21 | requestUsername=test_1790235476422_45
userweb-app  | ===========getbyname===================
userweb-app  | ----------------Optional[com.example.demo.model.User@70650f7b]
userweb-app  | ----------------Optional[com.example.demo.model.User@1e324f57]
userweb-app  | ------------------------------
userweb-app  | ----------finish-------------
userweb-app  | ### AUTH USER ### requestUsername=test_1790235476422_45 | dbUsername=test_1790235476422_45 | userId=125
userweb-app  | ----------------Optional[com.example.demo.model.User@38f1644f]
userweb-app  | ------------------------------
userweb-app  | ===========getbyname===================
userweb-app  | ----------------Optional[com.example.demo.model.User@7fc57a36]
userweb-app  | ---------me 200---------
userweb-app  | -----------test_1790235476613_4------1234--------
userweb-app  | ### AUTH ### Thread=http-nio-8080-exec-53 | requestUsername=test_1790235476613_4
userweb-app  | ===========getbyname===================
userweb-app  | ----------------Optional[com.example.demo.model.User@739188e0]
userweb-app  | ----------finish-------------
userweb-app  | ### AUTH USER ### requestUsername=test_1790235476613_4 | dbUsername=test_1790235476613_4 | userId=127
userweb-app  | ----------------Optional[com.example.demo.model.User@54e18e38]
userweb-app  | ------------------------------
userweb-app  | ===========getbyname===================
userweb-app  | ----------------Optional[com.example.demo.model.User@4c42cf51]
userweb-app  | ------------------------------
userweb-app  | ----------------Optional[com.example.demo.model.User@489b4b56]
userweb-app  | ===========getbyname===================
userweb-app  | ----------------Optional[com.example.demo.model.User@2c7adf03]
userweb-app  | ---------me 200---------
userweb-app  | -----------test_1790235477125_21------1234--------
userweb-app  | ### AUTH ### Thread=http-nio-8080-exec-40 | requestUsername=test_1790235477125_21
userweb-app  | ===========getbyname===================
userweb-app  | ===========getbyname===================
userweb-app  | ----------------Optional[com.example.demo.model.User@5087c5b2]
userweb-app  | ----------------Optional[com.example.demo.model.User@6c32a4aa]
userweb-app  | ---------me 200---------
userweb-app  | ===========getbyname===================
userweb-app  | ===========getbyname===================
userweb-app  | ----------------Optional[com.example.demo.model.User@61260a30]
userweb-app  | ----------finish-------------
userweb-app  | ### AUTH USER ### requestUsername=test_1790235476477_25 | dbUsername=test_1790235476477_25 | userId=104
userweb-app  | ----------------Optional[com.example.demo.model.User@2f156567]
userweb-app  | -----------test_1790235477233_12------1234--------
userweb-app  | ### AUTH ### Thread=http-nio-8080-exec-2 | requestUsername=test_1790235477233_12
userweb-app  | ===========getbyname===================
userweb-app  | ===========getbyname===================
userweb-app  | -----------test_1790235476489_5------1234--------
userweb-app  | ### AUTH ### Thread=http-nio-8080-exec-17 | requestUsername=test_1790235476489_5
userweb-app  | ===========getbyname===================
userweb-app  | ===========getbyname===================
userweb-app  | ----------------Optional[com.example.demo.model.User@2be068bc]
userweb-app  | ----------------Optional[com.example.demo.model.User@12ec9388]
userweb-app  | ---------me 200---------
userweb-app  | ----------finish-------------
userweb-app  | ### AUTH USER ### requestUsername=test_1790235476489_5 | dbUsername=test_1790235476489_5 | userId=132
userweb-app  | -----------test_1790235477209_26------1234--------
userweb-app  | ### AUTH ### Thread=http-nio-8080-exec-25 | requestUsername=test_1790235477209_26
userweb-app  | ===========getbyname===================
userweb-app  | ===========getbyname===================
userweb-app  | ----------------Optional[com.example.demo.model.User@1221b005]
userweb-app  | ----------------Optional[com.example.demo.model.User@1059f6ed]
userweb-app  | ----------finish-------------
userweb-app  | ### AUTH USER ### requestUsername=test_1790235477209_26 | dbUsername=test_1790235477209_26 | userId=134
userweb-app  | ===========getbyname===================
userweb-app  | ----------------Optional[com.example.demo.model.User@7ae14593]
userweb-app  | ===========getbyname===================
userweb-app  | ----------------Optional[com.example.demo.model.User@11ced4e6]
userweb-app  | ===========getbyname===================
userweb-app  | ----------------Optional[com.example.demo.model.User@67a8e835]
userweb-app  | ===========getbyname===================
userweb-app  | ----------------Optional[com.example.demo.model.User@7e9276bb]
userweb-app  | ---------me 200---------
userweb-app  | ------------------------------
userweb-app  | ===========getbyname===================
userweb-app  | ---------me 200---------
userweb-app  | -----------test_1790235477099_56------1234--------
userweb-app  | ### AUTH ### Thread=http-nio-8080-exec-11 | requestUsername=test_1790235477099_56
userweb-app  | ===========getbyname===================
userweb-app  | ===========getbyname===================
userweb-app  | ----------------Optional[com.example.demo.model.User@56e602bd]
userweb-app  | ---------me 200---------
userweb-app  | ===========getbyname===================
userweb-app  | ----------------Optional[com.example.demo.model.User@16be5a3]
userweb-app  | ---------me 200---------
userweb-app  | ===========getbyname===================
userweb-app  | ----------------Optional[com.example.demo.model.User@16c091a8]
userweb-app  | ===========getbyname===================
userweb-app  | -----------test_1790235477310_57------1234--------
userweb-app  | ### AUTH ### Thread=http-nio-8080-exec-45 | requestUsername=test_1790235477310_57
userweb-app  | ===========getbyname===================
userweb-app  | ----------------Optional[com.example.demo.model.User@3dc1ec87]
userweb-app  | ----------------Optional[com.example.demo.model.User@cf6a491]
userweb-app  | ----------finish-------------
userweb-app  | ### AUTH USER ### requestUsername=test_1790235477310_57 | dbUsername=test_1790235477310_57 | userId=135
userweb-app  | ===========getbyname===================
userweb-app  | ----------------Optional[com.example.demo.model.User@528ac938]
userweb-app  | ---------me 200---------
userweb-app  | ---------me 200---------
userweb-app  | ===========getbyname===================
userweb-app  | ----------------Optional[com.example.demo.model.User@5e4c3867]
userweb-app  | ===========getbyname===================
userweb-app  | ----------------Optional[com.example.demo.model.User@d1580f7]
userweb-app  | ----------finish-------------
userweb-app  | ### AUTH USER ### requestUsername=test_1790235477233_12 | dbUsername=test_1790235477233_12 | userId=130
userweb-app  | ===========getbyname===================
userweb-app  | ----------------Optional[com.example.demo.model.User@24c20313]
userweb-app  | ---------me 200---------
userweb-app  | ===========getbyname===================
userweb-app  | ----------------Optional[com.example.demo.model.User@5c00aa55]
userweb-app  | ---------me 200---------
userweb-app  | -----------test_1790235477005_6------1234--------
userweb-app  | ### AUTH ### Thread=http-nio-8080-exec-33 | requestUsername=test_1790235477005_6
userweb-app  | ===========getbyname===================
userweb-app  | ===========getbyname===================
userweb-app  | ----------------Optional[com.example.demo.model.User@2a798369]
userweb-app  | ------------------------------
userweb-app  | -----------test_1790235476866_36------1234--------
userweb-app  | ### AUTH ### Thread=http-nio-8080-exec-24 | requestUsername=test_1790235476866_36
userweb-app  | ===========getbyname===================
userweb-app  | ----------finish-------------
userweb-app  | ### AUTH USER ### requestUsername=test_1790235477125_21 | dbUsername=test_1790235477125_21 | userId=128
userweb-app  | ----------------Optional[com.example.demo.model.User@79c5cdf1]
userweb-app  | -----------test_1790235476828_35------1234--------
userweb-app  | ### AUTH ### Thread=http-nio-8080-exec-36 | requestUsername=test_1790235476828_35
userweb-app  | ===========getbyname===================
userweb-app  | ----------finish-------------
userweb-app  | ### AUTH USER ### requestUsername=test_1790235476866_36 | dbUsername=test_1790235476866_36 | userId=142
userweb-app  | ===========getbyname===================
userweb-app  | ----------------Optional[com.example.demo.model.User@1ad075d2]
userweb-app  | ----------------Optional[com.example.demo.model.User@1c99b550]
userweb-app  | ----------------Optional[com.example.demo.model.User@61d2d3b3]
userweb-app  | ===========getbyname===================
userweb-app  | ----------finish-------------
userweb-app  | ### AUTH USER ### requestUsername=test_1790235476828_35 | dbUsername=test_1790235476828_35 | userId=133
userweb-app  | ----------------Optional[com.example.demo.model.User@9562097]
userweb-app  | ===========getbyname===================
userweb-app  | ---------me 200---------
userweb-app  | ----------------Optional[com.example.demo.model.User@1f0cdb29]
userweb-app  | ------------------------------
userweb-app  | -----------test_1790235476501_55------1234--------
userweb-app  | ### AUTH ### Thread=http-nio-8080-exec-53 | requestUsername=test_1790235476501_55
userweb-app  | ===========getbyname===================
userweb-app  | ===========getbyname===================
userweb-app  | ----------------Optional[com.example.demo.model.User@565e2528]
userweb-app  | ------------------------------
userweb-app  | ----------------Optional[com.example.demo.model.User@6e83052]
userweb-app  | ---------me 200---------
userweb-app  | -----------test_1790235476458_15------1234--------
userweb-app  | ### AUTH ### Thread=http-nio-8080-exec-54 | requestUsername=test_1790235476458_15
userweb-app  | ===========getbyname===================
userweb-app  | ===========getbyname===================
userweb-app  | ----------------Optional[com.example.demo.model.User@31b07e84]
userweb-app  | ----------------Optional[com.example.demo.model.User@3fdfa542]
userweb-app  | -----------test_1790235476511_24------1234--------
userweb-app  | ### AUTH ### Thread=http-nio-8080-exec-60 | requestUsername=test_1790235476511_24
userweb-app  | ===========getbyname===================
userweb-app  | ----------------Optional[com.example.demo.model.User@753e4eab]
userweb-app  | ----------finish-------------
userweb-app  | ### AUTH USER ### requestUsername=test_1790235476511_24 | dbUsername=test_1790235476511_24 | userId=137
userweb-app  | ===========getbyname===================
userweb-app  | ----------------Optional[com.example.demo.model.User@2adc48f2]
userweb-app  | -----------test_1790235476541_32------1234--------
userweb-app  | ### AUTH ### Thread=http-nio-8080-exec-35 | requestUsername=test_1790235476541_32
userweb-app  | ===========getbyname===================
userweb-app  | ----------finish-------------
userweb-app  | ### AUTH USER ### requestUsername=test_1790235476458_15 | dbUsername=test_1790235476458_15 | userId=138
userweb-app  | ----------------Optional[com.example.demo.model.User@20cbb44]
userweb-app  | ===========getbyname===================
userweb-app  | ===========getbyname===================
userweb-app  | ----------------Optional[com.example.demo.model.User@527a0ed2]
userweb-app  | ===========getbyname===================
userweb-app  | ---------me 200---------
userweb-app  | ----------------Optional[com.example.demo.model.User@30c8f733]
userweb-app  | ---------me 200---------
userweb-app  | ----------------Optional[com.example.demo.model.User@745ca2c0]
userweb-app  | ----------finish-------------
userweb-app  | ### AUTH USER ### requestUsername=test_1790235476541_32 | dbUsername=test_1790235476541_32 | userId=139
userweb-app  | ----------finish-------------
userweb-app  | ### AUTH USER ### requestUsername=test_1790235476501_55 | dbUsername=test_1790235476501_55 | userId=147
userweb-app  | ===========getbyname===================
userweb-app  | ===========getbyname===================
userweb-app  | ----------------Optional[com.example.demo.model.User@6ccac759]
userweb-app  | ----------------Optional[com.example.demo.model.User@3d2d1331]
userweb-app  | ------------------------------
userweb-app  | ===========getbyname===================
userweb-app  | ===========getbyname===================
userweb-app  | ----------------Optional[com.example.demo.model.User@79c6661b]
userweb-app  | ----------------Optional[com.example.demo.model.User@281a7956]
userweb-app  | ---------me 200---------
userweb-app  | ---------me 200---------
userweb-app  | ===========getbyname===================
userweb-app  | -----------test_1790235476945_31------1234--------
userweb-app  | ### AUTH ### Thread=http-nio-8080-exec-62 | requestUsername=test_1790235476945_31
userweb-app  | ===========getbyname===================
userweb-app  | ----------------Optional[com.example.demo.model.User@2b238587]
userweb-app  | ---------me 200---------
userweb-app  | ----------------Optional[com.example.demo.model.User@3c582cb3]
userweb-app  | ----------finish-------------
userweb-app  | ### AUTH USER ### requestUsername=test_1790235477099_56 | dbUsername=test_1790235477099_56 | userId=131
userweb-app  | -----------test_1790235476552_53------1234--------
userweb-app  | ### AUTH ### Thread=http-nio-8080-exec-48 | requestUsername=test_1790235476552_53
userweb-app  | ===========getbyname===================
userweb-app  | ===========getbyname===================
userweb-app  | ----------------Optional[com.example.demo.model.User@531ae211]
userweb-app  | ---------me 200---------
userweb-app  | ===========getbyname===================
userweb-app  | -----------test_1790235477325_49------1234--------
userweb-app  | ### AUTH ### Thread=http-nio-8080-exec-57 | requestUsername=test_1790235477325_49
userweb-app  | ===========getbyname===================
userweb-app  | ----------------Optional[com.example.demo.model.User@5cd81613]
userweb-app  | -----------test_1790235477511_3------1234--------
userweb-app  | ### AUTH ### Thread=http-nio-8080-exec-7 | requestUsername=test_1790235477511_3
userweb-app  | ===========getbyname===================
userweb-app  | ----------finish-------------
userweb-app  | ### AUTH USER ### requestUsername=test_1790235477325_49 | dbUsername=test_1790235477325_49 | userId=136
userweb-app  | -----------test_1790235476537_13------1234--------
userweb-app  | ### AUTH ### Thread=http-nio-8080-exec-56 | requestUsername=test_1790235476537_13
userweb-app  | ===========getbyname===================
userweb-app  | ----------------Optional[com.example.demo.model.User@40b66e59]
userweb-app  | ----------finish-------------
userweb-app  | ### AUTH USER ### requestUsername=test_1790235476537_13 | dbUsername=test_1790235476537_13 | userId=153
userweb-app  | ----------------Optional[com.example.demo.model.User@48433c66]
userweb-app  | ------------------------------
userweb-app  | -----------test_1790235476433_14------1234--------
userweb-app  | ### AUTH ### Thread=http-nio-8080-exec-49 | requestUsername=test_1790235476433_14
userweb-app  | ===========getbyname===================
userweb-app  | ----------------Optional[com.example.demo.model.User@2a2a6dfb]
userweb-app  | ===========getbyname===================
userweb-app  | ----------finish-------------
userweb-app  | ### AUTH USER ### requestUsername=test_1790235476433_14 | dbUsername=test_1790235476433_14 | userId=129
userweb-app  | ----------------Optional[com.example.demo.model.User@5212caf0]
userweb-app  | ------------------------------
userweb-app  | -----------test_1790235476411_48------1234--------
userweb-app  | ### AUTH ### Thread=http-nio-8080-exec-28 | requestUsername=test_1790235476411_48
userweb-app  | ===========getbyname===================
userweb-app  | ===========getbyname===================
userweb-app  | ----------------Optional[com.example.demo.model.User@5e61e688]
userweb-app  | ----------------Optional[com.example.demo.model.User@1ff94886]
userweb-app  | ----------finish-------------
userweb-app  | ### AUTH USER ### requestUsername=test_1790235476411_48 | dbUsername=test_1790235476411_48 | userId=141
userweb-app  | ------------------------------
userweb-app  | ----------------Optional[com.example.demo.model.User@4581720b]
userweb-app  | ----------finish-------------
userweb-app  | ### AUTH USER ### requestUsername=test_1790235477511_3 | dbUsername=test_1790235477511_3 | userId=152
userweb-app  | ===========getbyname===================
userweb-app  | ----------------Optional[com.example.demo.model.User@36c4fa2b]
userweb-app  | ---------me 200---------
userweb-app  | ===========getbyname===================
userweb-app  | ----------------Optional[com.example.demo.model.User@6c2e7a2a]
userweb-app  | ------------------------------
userweb-app  | ===========getbyname===================
userweb-app  | ----------------Optional[com.example.demo.model.User@759aa14a]
userweb-app  | ===========getbyname===================
userweb-app  | ----------------Optional[com.example.demo.model.User@6072f610]
userweb-app  | ----------finish-------------
userweb-app  | ### AUTH USER ### requestUsername=test_1790235476552_53 | dbUsername=test_1790235476552_53 | userId=149
userweb-app  | ===========getbyname===================
userweb-app  | ----------------Optional[com.example.demo.model.User@1b4da878]
userweb-app  | ----------------Optional[com.example.demo.model.User@10eaef99]
userweb-app  | ------------------------------
userweb-app  | ----------------Optional[com.example.demo.model.User@fc6bd39]
userweb-app  | ---------me 200---------
userweb-app  | -----------test_1790235477300_18------1234--------
userweb-app  | ### AUTH ### Thread=http-nio-8080-exec-23 | requestUsername=test_1790235477300_18
userweb-app  | ===========getbyname===================
userweb-app  | ----------------Optional[com.example.demo.model.User@64ed3baa]
userweb-app  | -----------test_1790235476572_34------1234--------
userweb-app  | ### AUTH ### Thread=http-nio-8080-exec-16 | requestUsername=test_1790235476572_34
userweb-app  | ===========getbyname===================
userweb-app  | ----------------Optional[com.example.demo.model.User@5412dbdc]
userweb-app  | ----------finish-------------
userweb-app  | ### AUTH USER ### requestUsername=test_1790235476572_34 | dbUsername=test_1790235476572_34 | userId=140
userweb-app  | ===========getbyname===================
userweb-app  | ----------finish-------------
userweb-app  | ----------------Optional[com.example.demo.model.User@1c6a725b]
userweb-app  | ---------me 200---------
userweb-app  | ===========getbyname===================
userweb-app  | ===========getbyname===================
userweb-app  | ----------------Optional[com.example.demo.model.User@c080b91]
userweb-app  | ===========getbyname===================
userweb-app  | ----------finish-------------
userweb-app  | ### AUTH USER ### requestUsername=test_1790235477005_6 | dbUsername=test_1790235477005_6 | userId=126
userweb-app  | ----------------Optional[com.example.demo.model.User@11507757]
userweb-app  | ------------------------------
userweb-app  | ===========getbyname===================
userweb-app  | ----------------Optional[com.example.demo.model.User@5c74bc28]
userweb-app  | ----------------Optional[com.example.demo.model.User@69bcd3da]
userweb-app  | ----------------Optional[com.example.demo.model.User@5070835f]
userweb-app  | ---------me 200---------
userweb-app  | ===========getbyname===================
userweb-app  | ===========getbyname===================
userweb-app  | ----------------Optional[com.example.demo.model.User@256f4c65]
userweb-app  | ----------------Optional[com.example.demo.model.User@4eb50a40]
userweb-app  | ---------me 200---------
userweb-app  | ----------------Optional[com.example.demo.model.User@490700cf]
userweb-app  | ---------me 200---------
userweb-app  | ---------me 200---------
userweb-app  | ---------me 200---------
userweb-app  | ----------------Optional[com.example.demo.model.User@2156110f]
userweb-app  | ----------finish-------------
userweb-app  | ### AUTH USER ### requestUsername=test_1790235476945_31 | dbUsername=test_1790235476945_31 | userId=151
userweb-app  | ===========getbyname===================
userweb-app  | ===========getbyname===================
userweb-app  | -----------test_1790235477465_43------1234--------
userweb-app  | ### AUTH ### Thread=http-nio-8080-exec-10 | requestUsername=test_1790235477465_43
userweb-app  | ===========getbyname===================
userweb-app  | ===========getbyname===================
userweb-app  | ===========getbyname===================
userweb-app  | -----------test_1790235477743_46------1234--------
userweb-app  | ### AUTH ### Thread=http-nio-8080-exec-31 | requestUsername=test_1790235477743_46
userweb-app  | ===========getbyname===================
userweb-app  | ===========getbyname===================
userweb-app  | ----------------Optional[com.example.demo.model.User@527c82]
userweb-app  | ----------------Optional[com.example.demo.model.User@794106c0]
userweb-app  | ----------------Optional[com.example.demo.model.User@5ace10b4]
userweb-app  | ------------------------------
userweb-app  | ------------------------------
userweb-app  | ----------------Optional[com.example.demo.model.User@297e41ab]
userweb-app  | ----------finish-------------
userweb-app  | ### AUTH USER ### requestUsername=test_1790235477465_43 | dbUsername=test_1790235477465_43 | userId=150
userweb-app  | -----------test_1790235477108_52------1234--------
userweb-app  | ### AUTH ### Thread=http-nio-8080-exec-35 | requestUsername=test_1790235477108_52
userweb-app  | -----------test_1790235477504_37------1234--------
userweb-app  | ### AUTH ### Thread=http-nio-8080-exec-17 | requestUsername=test_1790235477504_37
userweb-app  | ===========getbyname===================
userweb-app  | ----------------Optional[com.example.demo.model.User@1b62c2b]
userweb-app  | ----------finish-------------
userweb-app  | ### AUTH USER ### requestUsername=test_1790235477504_37 | dbUsername=test_1790235477504_37 | userId=143
userweb-app  | -----------test_1790235477471_11------1234--------
userweb-app  | ### AUTH ### Thread=http-nio-8080-exec-39 | requestUsername=test_1790235477471_11
userweb-app  | ===========getbyname===================
userweb-app  | ----------------Optional[com.example.demo.model.User@40729e31]
userweb-app  | ===========getbyname===================
userweb-app  | ===========getbyname===================
userweb-app  | ----------------Optional[com.example.demo.model.User@65c1e1f6]
userweb-app  | ===========getbyname===================
userweb-app  | ----------------Optional[com.example.demo.model.User@746070a2]
userweb-app  | ------------------------------
userweb-app  | ----------------Optional[com.example.demo.model.User@219bb0cb]
userweb-app  | ===========getbyname===================
userweb-app  | ----------------Optional[com.example.demo.model.User@a912a4e]
userweb-app  | ------------------------------
userweb-app  | ===========getbyname===================
userweb-app  | ----------------Optional[com.example.demo.model.User@191ab5b3]
userweb-app  | ===========getbyname===================
userweb-app  | ----------------Optional[com.example.demo.model.User@2fd61aff]
userweb-app  | ------------------------------
userweb-app  | ===========getbyname===================
userweb-app  | ----------------Optional[com.example.demo.model.User@2e9bb5c0]
userweb-app  | ---------me 200---------
userweb-app  | ===========getbyname===================
userweb-app  | -----------test_1790235477508_10------1234--------
userweb-app  | ### AUTH ### Thread=http-nio-8080-exec-59 | requestUsername=test_1790235477508_10
userweb-app  | ===========getbyname===================
userweb-app  | ===========getbyname===================
userweb-app  | ----------------Optional[com.example.demo.model.User@56a0c534]
userweb-app  | ----------------Optional[com.example.demo.model.User@4dcfcdfe]
userweb-app  | ----------finish-------------
userweb-app  | ### AUTH USER ### requestUsername=test_1790235477508_10 | dbUsername=test_1790235477508_10 | userId=154
userweb-app  | ===========getbyname===================
userweb-app  | ----------------Optional[com.example.demo.model.User@2fc65553]
userweb-app  | ===========getbyname===================
userweb-app  | ----------------Optional[com.example.demo.model.User@40d65c27]
userweb-app  | ------------------------------
userweb-app  | ===========getbyname===================
userweb-app  | ----------------Optional[com.example.demo.model.User@71491164]
userweb-app  | ----------------Optional[com.example.demo.model.User@27487d11]
userweb-app  | ### AUTH USER ### requestUsername=test_1790235477300_18 | dbUsername=test_1790235477300_18 | userId=155
userweb-app  | ---------me 200---------
userweb-app  | ===========getbyname===================
userweb-app  | ----------------Optional[com.example.demo.model.User@47e45c4d]
userweb-app  | ------------------------------
userweb-app  | -----------test_1790235477341_2------1234--------
userweb-app  | ---------me 200---------
userweb-app  | ### AUTH ### Thread=http-nio-8080-exec-4 | requestUsername=test_1790235477341_2
userweb-app  | ===========getbyname===================
userweb-app  | ---------me 200---------
userweb-app  | ===========getbyname===================
userweb-app  | ----------------Optional[com.example.demo.model.User@73ccf567]
userweb-app  | -----------test_1790235476563_23------1234--------
userweb-app  | ### AUTH ### Thread=http-nio-8080-exec-13 | requestUsername=test_1790235476563_23
userweb-app  | ===========getbyname===================
userweb-app  | ----------------Optional[com.example.demo.model.User@7c9af8ea]
userweb-app  | ------------------------------
userweb-app  | ----------finish-------------
userweb-app  | ### AUTH USER ### requestUsername=test_1790235476563_23 | dbUsername=test_1790235476563_23 | userId=148
userweb-app  | ===========getbyname===================
userweb-app  | ===========getbyname===================
userweb-app  | ----------------Optional[com.example.demo.model.User@53c82d4e]
userweb-app  | ------------------------------
userweb-app  | -----------test_1790235477535_19------1234--------
userweb-app  | ### AUTH ### Thread=http-nio-8080-exec-30 | requestUsername=test_1790235477535_19
userweb-app  | ===========getbyname===================
userweb-app  | ----------------Optional[com.example.demo.model.User@22d1cca1]
userweb-app  | ===========getbyname===================
userweb-app  | ----------finish-------------
userweb-app  | ### AUTH USER ### requestUsername=test_1790235477535_19 | dbUsername=test_1790235477535_19 | userId=156
userweb-app  | ===========getbyname===================
userweb-app  | ----------------Optional[com.example.demo.model.User@55e427c1]
userweb-app  | ------------------------------
userweb-app  | ----------------Optional[com.example.demo.model.User@d77a912]
userweb-app  | ----------------Optional[com.example.demo.model.User@4b921d6b]
userweb-app  | ---------me 200---------
userweb-app  | ===========getbyname===================
userweb-app  | -----------test_1790235476615_39------1234--------
userweb-app  | ### AUTH ### Thread=http-nio-8080-exec-27 | requestUsername=test_1790235476615_39
userweb-app  | ===========getbyname===================
userweb-app  | ----------------Optional[com.example.demo.model.User@5bfcb671]
userweb-app  | ===========getbyname===================
userweb-app  | ----------------Optional[com.example.demo.model.User@33c73464]
userweb-app  | ------------------------------
userweb-app  | ----------------Optional[com.example.demo.model.User@3a814ee1]
userweb-app  | ===========getbyname===================
userweb-app  | ----------------Optional[com.example.demo.model.User@24270911]
userweb-app  | ----------finish-------------
userweb-app  | ### AUTH USER ### requestUsername=test_1790235476615_39 | dbUsername=test_1790235476615_39 | userId=144
userweb-app  | ===========getbyname===================
userweb-app  | -----------test_1790235477451_41------1234--------
userweb-app  | ### AUTH ### Thread=http-nio-8080-exec-17 | requestUsername=test_1790235477451_41
userweb-app  | ===========getbyname===================
userweb-app  | ----------------Optional[com.example.demo.model.User@6e5744e2]
userweb-app  | ===========getbyname===================
userweb-app  | ----------finish-------------
userweb-app  | ### AUTH USER ### requestUsername=test_1790235477451_41 | dbUsername=test_1790235477451_41 | userId=160
userweb-app  | ===========getbyname===================
userweb-app  | ----------------Optional[com.example.demo.model.User@73c6e95a]
userweb-app  | ----------------Optional[com.example.demo.model.User@1640e941]
userweb-app  | ----------------Optional[com.example.demo.model.User@472e7a21]
userweb-app  | ----------------Optional[com.example.demo.model.User@7eb92f3c]
userweb-app  | ===========getbyname===================
userweb-app  | ----------------Optional[com.example.demo.model.User@129bec87]
userweb-app  | ------------------------------
userweb-app  | ----------------Optional[com.example.demo.model.User@5fdf4b45]
userweb-app  | ----------finish-------------
userweb-app  | ### AUTH USER ### requestUsername=test_1790235477743_46 | dbUsername=test_1790235477743_46 | userId=145
userweb-app  | ===========getbyname===================
userweb-app  | ----------------Optional[com.example.demo.model.User@61554e62]
userweb-app  | ------------------------------
userweb-app  | ===========getbyname===================
userweb-app  | ------------------------------
userweb-app  | ----------------Optional[com.example.demo.model.User@464803cd]
userweb-app  | ===========getbyname===================
userweb-app  | ===========getbyname===================
userweb-app  | ----------------Optional[com.example.demo.model.User@6affedc]
userweb-app  | ----------------Optional[com.example.demo.model.User@a55f624]
userweb-app  | ----------finish-------------
userweb-app  | ### AUTH USER ### requestUsername=test_1790235477108_52 | dbUsername=test_1790235477108_52 | userId=146
userweb-app  | -----------test_1790235477491_9------1234--------
userweb-app  | ### AUTH ### Thread=http-nio-8080-exec-18 | requestUsername=test_1790235477491_9
userweb-app  | ===========getbyname===================
userweb-app  | ===========getbyname===================
userweb-app  | ----------------Optional[com.example.demo.model.User@7a98aa14]
userweb-app  | ===========getbyname===================
userweb-app  | ----------------Optional[com.example.demo.model.User@3f4eed68]
userweb-app  | ===========getbyname===================
userweb-app  | ----------------Optional[com.example.demo.model.User@708c7f3a]
userweb-app  | ------------------------------
userweb-app  | ------------------------------
userweb-app  | ----------------Optional[com.example.demo.model.User@a95da45]
userweb-app  | ===========getbyname===================
userweb-app  | ----------------Optional[com.example.demo.model.User@6ece2d70]
userweb-app  | ----------finish-------------
userweb-app  | ### AUTH USER ### requestUsername=test_1790235477491_9 | dbUsername=test_1790235477491_9 | userId=157
userweb-app  | ===========getbyname===================
userweb-app  | ----------------Optional[com.example.demo.model.User@7d76c68]
userweb-app  | ----------------Optional[com.example.demo.model.User@278f0903]
userweb-app  | ===========getbyname===================
userweb-app  | ----------------Optional[com.example.demo.model.User@35d79062]
userweb-app  | ===========getbyname===================
userweb-app  | ----------finish-------------
userweb-app  | ### AUTH USER ### requestUsername=test_1790235477471_11 | dbUsername=test_1790235477471_11 | userId=158
userweb-app  | ===========getbyname===================
userweb-app  | ----------------Optional[com.example.demo.model.User@528392d7]
userweb-app  | ----------------Optional[com.example.demo.model.User@51026f10]
userweb-app  | ------------------------------
userweb-app  | ===========getbyname===================
userweb-app  | ----------------Optional[com.example.demo.model.User@13677b4b]
userweb-app  | ------------------------------
userweb-app  | ----------------Optional[com.example.demo.model.User@7ce4fae9]
userweb-app  | ===========getbyname===================
userweb-app  | ----------------Optional[com.example.demo.model.User@38f4f34e]
userweb-app  | ===========getbyname===================
userweb-app  | ----------------Optional[com.example.demo.model.User@955b6e9]
userweb-app  | ===========getbyname===================
userweb-app  | ----------------Optional[com.example.demo.model.User@1c27bce0]
userweb-app  | ----------------Optional[com.example.demo.model.User@5672ecaa]
userweb-app  | ------------------------------
userweb-app  | ===========getbyname===================
userweb-app  | ===========getbyname===================
userweb-app  | ----------------Optional[com.example.demo.model.User@68a1ec42]
userweb-app  | ------------------------------
userweb-app  | ------------------------------
userweb-app  | ===========getbyname===================
userweb-app  | ===========getbyname===================
userweb-app  | ----------------Optional[com.example.demo.model.User@4eb264e3]
userweb-app  | ------------------------------
userweb-app  | ===========getbyname===================
userweb-app  | ----------------Optional[com.example.demo.model.User@5ec18049]
userweb-app  | ----------finish-------------
userweb-app  | ### AUTH USER ### requestUsername=test_1790235477341_2 | dbUsername=test_1790235477341_2 | userId=159
userweb-app  | ------------------------------
userweb-app  | ----------------Optional[com.example.demo.model.User@1ac48cf5]
userweb-app  | ------------------------------
userweb-app  | ===========getbyname===================
userweb-app  | ----------------Optional[com.example.demo.model.User@55d76a6]
userweb-app  | ===========getbyname===================
userweb-app  | ----------------Optional[com.example.demo.model.User@1d1d0195]
userweb-app  | ------------------------------
userweb-app  | ===========getbyname===================
userweb-app  | ----------------Optional[com.example.demo.model.User@4fdc8896]
userweb-app  | ===========getbyname===================
userweb-app  | ----------------Optional[com.example.demo.model.User@45caa365]
userweb-app  | ----------------Optional[com.example.demo.model.User@227ff4aa]
userweb-app  | ------------------------------
userweb-app  | ===========getbyname===================
userweb-app  | ===========getbyname===================
userweb-app  | ----------------Optional[com.example.demo.model.User@3ceba111]
userweb-app  | ===========getbyname===================
userweb-app  | ----------------Optional[com.example.demo.model.User@61872f4a]
userweb-app  | ===========getbyname===================
userweb-app  | ===========getbyname===================
userweb-app  | ===========getbyname===================
userweb-app  | ===========getbyname===================
userweb-app  | ------------------------------
userweb-app  | ----------------Optional[com.example.demo.model.User@729e5929]
userweb-app  | ----------------Optional[com.example.demo.model.User@4a44dc24]
userweb-app  | ===========getbyname===================
userweb-app  | ----------------Optional[com.example.demo.model.User@6b94898f]
userweb-app  | ----------------Optional[com.example.demo.model.User@685f62f]
userweb-app  | ------------------------------
userweb-app  | ------------------------------
userweb-app  | ----------------Optional[com.example.demo.model.User@10f41a5d]
userweb-app  | ===========getbyname===================
userweb-app  | ----------------Optional[com.example.demo.model.User@59b3a1c3]
userweb-app  | ===========getbyname===================
userweb-app  | ----------------Optional[com.example.demo.model.User@49685e5e]
userweb-app  | ----------------Optional[com.example.demo.model.User@5aaae950]
userweb-app  | ------------------------------
userweb-app  | ------------------------------
userweb-app  | ===========getbyname===================
userweb-app  | ===========getbyname===================
userweb-app  | ===========getbyname===================
userweb-app  | ----------------Optional[com.example.demo.model.User@d92ed51]
userweb-app  | ----------------Optional[com.example.demo.model.User@5ddfa9e1]
userweb-app  | ===========getbyname===================
userweb-app  | ----------------Optional[com.example.demo.model.User@5d524d74]
userweb-app  | ----------------Optional[com.example.demo.model.User@1b78ba82]
userweb-app  | ------------------------------
userweb-app  | ===========getbyname===================
userweb-app  | ===========getbyname===================
userweb-app  | ----------------Optional[com.example.demo.model.User@4da593a5]
userweb-app  | ----------------Optional[com.example.demo.model.User@5ef85841]
userweb-app  | ===========getbyname===================
userweb-app  | ----------------Optional[com.example.demo.model.User@30fda53b]
userweb-app  | ------------------------------
userweb-app  | ===========getbyname===================
userweb-app  | ----------------Optional[com.example.demo.model.User@616c7262]
userweb-app  | ===========getbyname===================
userweb-app  | ----------------Optional[com.example.demo.model.User@98b8571]
userweb-app  | ===========getbyname===================
userweb-app  | ----------------Optional[com.example.demo.model.User@78868e66]
userweb-app  | ------------------------------
userweb-app  | ===========getbyname===================
userweb-app  | ----------------Optional[com.example.demo.model.User@2af14a0c]
userweb-app  | ===========getbyname===================
userweb-app  | ----------------Optional[com.example.demo.model.User@10cbf8fd]
userweb-app  | ------------------------------
userweb-app  | ===========getbyname===================
userweb-app  | ===========getbyname===================
userweb-app  | ----------------Optional[com.example.demo.model.User@1b40e757]
userweb-app  | ----------------Optional[com.example.demo.model.User@2444abf8]
userweb-app  | ------------------------------
userweb-app  | ===========getbyname===================
userweb-app  | ----------------Optional[com.example.demo.model.User@2a48de7f]
userweb-app  | ------------------------------
userweb-app  | ===========getbyname===================
userweb-app  | ----------------Optional[com.example.demo.model.User@692dd19d]
userweb-app  | ===========getbyname===================
userweb-app  | ----------------Optional[com.example.demo.model.User@6e501192]
userweb-app  | ===========getbyname===================
userweb-app  | ----------------Optional[com.example.demo.model.User@e3fc4d5]
userweb-app  | ------------------------------
userweb-app  | ===========getbyname===================
userweb-app  | ----------------Optional[com.example.demo.model.User@53590d75]
